Giá,Khoảng_giá_min,Khoảng_giá_max,Thương_hiệu,Dòng_xe,Số_Km_đã_đi,Loại_xe,Dung_tích_xe,Xuất_xứ,Tuổi_đời_xe,Km_per_Year,Text_Raw,is_hqcn,is_nhap_y,is_abs,is_smartkey,is_vip_plate,is_zin,is_chinh_chu,Giá_Dự_Đoán,Residuals
45000000.0,41.69 tr,48.94 tr,Piaggio,Vespa,20000,Tay ga,100 - 175 cc,Việt Nam,7,2500.0,vespa sprint iget 125abs chính chủ nguyên zinnn mình cần nhượng lại vespa chính chủ chưa 1 lần sửa chữa máy êm nguyên zin xe nữ chạy chủ yếu đi làm odo chuẩn 20km xe máy iget nên tiết kiệm xăng và chạy êm hơn mấy đời trước rất nhiều xe biển số tỉnh ạ ace thiện chí mình sẽ fix thêm nhé,0,0,1,0,0,1,1,45802164.846592,-802164.8465920016
20500000.0,17.47 tr,20.51 tr,Honda,Vision,35000,Tay ga,100 - 175 cc,Việt Nam,9,3500.0,bán xe vision 2017 xe chính chủ biển số tphcm xe nữ đi cẩn thận xe zin màu đỏ xem xe tại tp thủ đức liên hệ,0,0,0,0,0,1,1,17718105.035357784,2781894.9646422155
2500000.0,10.41 tr,12.22 tr,Honda,Dream,100,Xe số,100 - 175 cc,Hàn Quốc,21,4.545454545454546,xe đi làm giá hạt dẻ bỏ phố về quê dư con xe giá sinh viên ae mua về đi làm bao chạy nhé chỉ việc đổ xăng thôi bình đề đây đủ chở hàng thoải mái,0,0,0,0,0,0,0,10418647.0816291,-7918647.081629099
8000000.0,7.4 tr,8.69 tr,SYM,Dòng khác,46000,Xe số,100 - 175 cc,Việt Nam,8,5111.111111111111,xe sym angel ii 110cc còn mới đẹp đi êm xe sym angel ii năm 2018 bao đi xa bánh mâm không sợ cán đinh xe dùng kỹ thay nhớt định kỳ đầy đủ còn rất mới và đẹp thắng đĩa điện đề còi đèn tốt nói chung không chút lỗi lầm mua về chỉ việc sử dụng xe chính chủ công chứng nhanh gọn tôi là chính chủ bán xe phù hợp các bạn sinh viên học sinh hay người đi làm cần xe bền cơ bản mà vẫn đẹp,0,0,0,0,0,0,1,7983749.10083701,16250.899162990041
35000000.0,34.36 tr,40.34 tr,Piaggio,Vespa,12000,Tay ga,100 - 175 cc,Việt Nam,9,1200.0,vespa primavera công chứng uỷ quyền không tranh chấp bao chạy mỗi tỉnh thành,0,0,0,0,0,0,0,44287269.73320791,-9287269.733207911
27500000.0,40.54 tr,47.59 tr,Honda,Vario,40000,Tay ga,100 - 175 cc,Nước khác,8,4444.444444444444,vario 2018 125cc bs71 không chính chủ cần bán vario 2018 125cc xe dàn ngoài đã dán decal đen full gốc áo đỏ đen mây móc êm zin đã làm nồi bô mua bán bao tranh chấp kèm cccd chủ xe cũ đang kẹt nên đã bán rẻ nhất chợ cho ae nhanh lẹ,0,0,0,0,0,1,1,39537393.38661423,-12037393.386614233
3200000.0,18.09 tr,21.23 tr,Honda,Wave,86532,Xe số,50 - 100 cc,Việt Nam,26,3204.8888888888887,wave tq nhà em có con xe wave tq giấy tờ đầy đủ máy móc hoạt động bình thường điện đề đèn nhan hoạt động tốt do nhà em dư xe muốn thanh lý lại ạ,0,1,0,0,0,0,0,9047367.49599951,-5847367.4959995095
33000000.0,28.14 tr,33.03 tr,Yamaha,TFX,36406,Tay côn/Moto,100 - 175 cc,Không rõ,9,3640.6,bán xe vợ đẻ do vợ bầu có nhu cầu mua xe khác nhẹ nhàng hơn nên nhượng lại anh em xe đi cùng tớ 1 chuyến xuyên việt từ sg về hưng yên vào dịp tết đi thẳng 1 mạch và không hỏng hóc bất cứ gì kể cả việc bể lốp có thời gian gửi xe ở chung cư nên thân xe có chút trầy xước như hình,0,0,0,0,0,0,0,23386725.413475327,9613274.586524673
18500000.0,16.83 tr,19.75 tr,Honda,Vision,80474,Tay ga,100 - 175 cc,Việt Nam,10,7315.818181818182,kẹt tiền bán xe tay ga vision nữ đi giữ kỹ kẹt tiền bán xe tay ga vision nữ đi giữ kỹ bảo trì hãng đầy đủ máy êm accu và vỏ sau mới thay loại tốt có khoá từ chống trộm giá rẻ chắc giá 16tr biển số sài gòn chính chủ chất xe 75,0,0,0,0,0,0,1,16872382.09833127,1627617.9016687311
3200000.0,24.46 tr,28.71 tr,Honda,Future,17000,Xe số,100 - 175 cc,Không rõ,15,1062.5,cần bán xe w giấy đầy đủ điện đề ok máy im ru cần bán xe như hình giấy đầy đủ điện đèn cồi ok máy im ru thắng ok mua về là đi ai cần a lô cam ơn,0,0,0,0,0,0,0,26276822.174004465,-23076822.174004465
13500000.0,11.68 tr,13.72 tr,Honda,Cub,52000,Xe số,Dưới 50 cc,Nhật Bản,32,1575.7575757575758,cub nhật ông già độ kiểng từ a đến z chính chủ cái máy ba tây kiểng nguyên con toàn hàng hiệu xe đẹp từng cm toàn đồ zin khó tìm chính chủ tp chứng bán,0,0,0,0,0,1,1,12637522.711573986,862477.2884260137
8200000.0,6.84 tr,8.03 tr,Piaggio,Liberty,35000,Tay ga,100 - 175 cc,Nước khác,14,2333.333333333333,xe ta ga piago liberty 125ie100 2012 ghi mới thay nhớt giá cả có thể thương lượng sđt,0,0,0,0,0,0,0,8538007.096019868,-338007.0960198678
80000000.0,62.14 tr,72.95 tr,Honda,SH,33000,Tay ga,100 - 175 cc,Việt Nam,7,4125.0,sh 2019 chính chủ xe chính chủ cường đường 38 hiệp bình chánh,0,0,0,0,0,0,1,69518540.2837182,10481459.716281801
19000000.0,17.08 tr,20.05 tr,Honda,Winner X,31000,Tay côn/Moto,100 - 175 cc,Việt Nam,6,4428.571428571428,winner x chính chủ tình trạng máy móc ổn định bảo dưỡng định kì thường xuyên xe đã đi được 31000km chỉ mới thay cổ pô còn lại nguyên zin,0,0,0,0,0,1,1,20857979.00549426,-1857979.0054942593
17000000.0,16.76 tr,19.67 tr,Yamaha,Exciter,300000,Tay côn/Moto,100 - 175 cc,Việt Nam,8,33333.333333333336,cần bán cần bán ex150 đk năm 2018 máy móc nguyên zin sđt,0,0,0,0,0,1,0,18506854.604826614,-1506854.6048266143
8000000.0,8.35 tr,9.81 tr,Yamaha,Sirius,30000,Xe số,100 - 175 cc,Nhật Bản,9,3000.0,xe dư cần bán cho ae sử dụng xe dư nha bỏ chật chỗ cần bán cho ae cần đi lại xe còn chạy ngon về chỉ đỗ xăng là đi ko lỗi nhỏ,0,0,0,0,0,0,0,9286504.589393562,-1286504.5893935617
5500000.0,6.48 tr,7.61 tr,Piaggio,Vespa,18273,Tay ga,100 - 175 cc,Việt Nam,17,1015.1666666666666,bán xe vespa trắng cũ xuất xứ vn tình trạng 80 bảo hành máy chạy êm,0,0,0,0,0,0,0,7940467.479769395,-2440467.4797693947
3200000.0,6.74 tr,7.91 tr,Honda,Citi,20000,Xe số,50 - 100 cc,Nhật Bản,25,769.2307692307693,xe citi máy nổ êm giấy tờ đầy đủ biển tp hcm do ko có nhu cầu sử dụng nữa nên cần sang lại chiếc xe máy citi xe còn nổ rất êm có cà vet đầy đủ biên số tp hcm ae ai cần alo,0,0,0,0,0,0,0,9462019.158374945,-6262019.158374945
62500000.0,54.03 tr,63.43 tr,Honda,SH Mode,5500,Tay ga,100 - 175 cc,Việt Nam,2,1833.3333333333333,honda shmode abs xám đen 7 2024 nguyên zin bán xe honda shmode fi 125 thắng abs màu xám đen mua 7 2024 xe nguyên zin đi đúng 5500 km bao zin xe còn rất mới máy mạnh ngon êm ru biển số thành phố quận 11 ngay chủ ký công chứng sang tên hoặc ủy quyền 20 năm giá bán 62 triệu 500 xem xe mua bán tại nhà phường 13 quận 11,0,1,1,0,0,1,0,57965932.53968254,4534067.460317463
28000000.0,10.63 tr,12.48 tr,Hãng khác,Dòng khác,30,Tay côn/Moto,50 - 100 cc,Việt Nam,4,6.0,cần bán xe mọi thông tin thắc mắc xin vui lòng liên hệ giao xe tận tay nếu cần giấy tờ đầy đủ,0,0,0,0,0,0,0,20889749.656395104,7110250.343604896
1900000.0,4.04 tr,4.74 tr,Yamaha,Nouvo,150000,Tay ga,100 - 175 cc,Không rõ,16,8823.529411764706,xe rẻ cho sinh viên người đi làm có chiếc xe nouvo tuy đời cũ nhưng linh kiện thay mới liên tục chạy êm như airblade thích hợp cho sinh viên người đi làm,0,0,0,0,0,0,0,5120924.684005422,-3220924.6840054216
12800000.0,8.81 tr,10.34 tr,Yamaha,Nozza,25000,Tay ga,100 - 175 cc,Việt Nam,13,1785.7142857142858,xe nozza xe đẹp mới bstp 9 chủ đi kỹ vision grande cần bán xe nozza fi cuối 2012 xe bác mình mua mới ít đi nay lớn tuổi nên ko dùng xe bstp 1 chủ mua mới xe đi 25 000km xe còn đẹp mọi thứ zin nguyên bản giá bán 12 8tr xe rất mới cam kết mua về sử dụng ngay lh xem xe ở aeon tân phú,0,0,0,0,0,1,0,6858022.698399442,5941977.301600558
23000000.0,23.81 tr,27.95 tr,Honda,Winner,123,Tay côn/Moto,100 - 175 cc,Việt Nam,3,30.75,xe winner xe winrer đời 2023 xe zin đẹp ít sử dụng nên cần bán lại,0,0,0,0,0,1,0,25448549.805560566,-2448549.8055605665
36000000.0,26.5 tr,31.11 tr,Honda,Future,35000,Xe số,100 - 175 cc,Việt Nam,3,8750.0,cần bán xe cần bán fur led 2023 ode 35 000km xe dọn kiểng và đã lên pxl bảo đảm ga lanh và nhẹ xe giá bán ib e các món đã lên xe smartkey cùm tpt pô móc theo bài cổ titan full dàn chân wave yên 2 tầng lót kimdan chân gác cup chân trống nghiêng và giữa inox full ốc salaya phuộc full bi cầu và led audi trước sau pxl cô gió lớn họng xăng zin móc lọc gió ecu redleo mua mới còn nguyên hộp heo nissin 2 pit kèm pass dây dầu đĩa x1r căm nova hộp cam niềng zin đùm zin mong ad duyệt bài giúp nha xin cám ơn 17bạn và 16 người kháctất cả cảm xúc,0,0,0,1,0,1,0,29428081.47314815,6571918.5268518515
41000000.0,81.44 tr,95.6 tr,Honda,CB,31000,Tay côn/Moto,100 - 175 cc,Nước khác,7,3875.0,cb150r streetfire thông tin về xe odo 31 000 km phiên bản 2019 biển số thành phố 59 chính chủ sang tên toàn quốc thay nhớt fuchs mannol liqui đều đặn có sẵn cảng sau givi ghi đông accossato tay thắng rcb chính hãng tay côn twm gù carbon thay bên shop 2 bánh bảo trì bảo dưỡng định kỳ gần nhất vừa thay bình và lọc gió mới cặp lốp michelin trước dunlop sau vừa thay mới toanh có bảo vệ két nước yếm che bánh sau xe chạy chill khá phong cách và tạo điểm nhấn trên đường phố bao test 12x cá nhân mình thấy tốc độ hợp lý cho em nó là 7x cảm giác thoáng máy và êm ái đồ theo xe còn đầy đủ cho anh em về zin nhé,0,1,0,0,0,1,1,28872656.76002512,12127343.239974879
4500000.0,6.01 tr,7.06 tr,Yamaha,Jupiter,50000,Xe số,100 - 175 cc,Việt Nam,16,2941.176470588235,cần bán xe cũ còn vận hành tốt xe mua đời đầu đầu nên hơi cũ do nhu cầu sử dụng việc đi lại nên không quan trọng đẹp mới ai có nhu cầu mua sử dụng việc đi làm chở hàng sinh viên đi học thì hợp lí vì xe rất cũ do không rửa thường xuyên xe có cavet đầy đủ vẫn sử dụng bình thường cục máy xì nhớt nhẹ ai thiện chí có bớt cho ae ạ,0,0,0,0,0,0,0,5851159.167936294,-1351159.1679362943
58000000.0,55.9 tr,65.62 tr,Honda,SH,30000,Tay ga,100 - 175 cc,Việt Nam,9,3000.0,tôi cần bán xe sh 125 việt nam dư xe không đi tôi cần bán xe sh 125 việt nam xe 1 mình tôi đi ít 30 000km,0,0,0,0,0,0,0,65170538.62787777,-7170538.627877772
15500000.0,15.97 tr,18.75 tr,Honda,Air Blade,100000,Tay ga,100 - 175 cc,Việt Nam,11,8333.333333333334,dư dùng cần bán em ab 2015 giấy tờ đầy đủ dư chiếc ab 2015 màu đen trắng dàn áo đẹp máy móc êm ru đã thay nhớt số máy nước mát toàn bộ chỉ cần leo lên chạy giấy tờ đầy đủ bao tranh chấp bán tại nhà giá bán 15 500 000 anh em quan tâm vui lòng ib để mình gửi sdt có bớt chút đỉnh cho anh em tài xế hoặc sinh viên mua xe,0,0,0,0,0,0,0,15823513.60144688,-323513.60144688
14000000.0,13.65 tr,16.03 tr,Honda,Wave,15000,Xe số,100 - 175 cc,Nhật Bản,5,2500.0,bán xe wave 2021 xe lên đèn zipat lên sạc yên hai tầng cần số inox 304 nhông sên dĩa mới gù kinh gác chân ốc loc máy may zin bao ngon tiền nào của đó anh e ak,0,0,0,0,0,1,0,13811848.528080132,188151.47191986814
10800000.0,6.09 tr,7.15 tr,Yamaha,Mio,14800,Tay ga,100 - 175 cc,Thái Lan,19,740.0,bán xe mio umtimo xe xin chưa rớt đầu xe nhập nguyên con thái lan xe không chính chủ giấy tờ đầy đủ và giấy cửa hàng bao tranh chấp,0,0,0,0,0,1,1,8040223.422592511,2759776.5774074886
7000000.0,13.32 tr,15.63 tr,Honda,Dylan,35,Tay ga,100 - 175 cc,Nước khác,20,1.6666666666666667,k sôi nước rin theo xe tình trạng xe chay bình thường k soi nước di xa ok rin theo xe trầy xuong nhẹ bao di xa,0,0,0,0,0,0,0,10114909.698358621,-3114909.6983586214
28000000.0,19.29 tr,22.64 tr,Suzuki,Satria,22000,Tay côn/Moto,100 - 175 cc,Nước khác,8,2444.4444444444443,nhà chật cần bán xe nhập indonesia odo 22k zin keng xe đã lên mạch tăng sáng bên bác sĩ đèn bao sáng bao đi tour ko sợ bị ca làm khó dễ chính chủ uỷ quyền hay sang tên trong ngày,0,0,0,0,0,1,1,24108783.323465012,3891216.676534988
33500000.0,36.71 tr,43.1 tr,Honda,Air Blade,16000,Tay ga,100 - 175 cc,Việt Nam,3,4000.0,cần bán xe ab 125 2023 bản special limited odo 16k odo 16k giấy tờ cavet gốc sang tên thoải mái tôi đang đứng uỷ quyền lần 2 nếu bạn mua xe tôi đưa cửa hàng bán xe rút hồ sơ sang tên,0,0,0,0,0,0,0,39810420.82954555,-6310420.82954555
55000000.0,55.9 tr,65.62 tr,Honda,SH,122345,Tay ga,100 - 175 cc,Việt Nam,9,12234.5,xe sh125 đời 2017 màu bạc keo xe dán nguyên xe do chuyển sang đi làm bằng xe ôtô nên muốn bán lại xe sh125 cbs ạk xe em đi từ đầu đã về biển 59xb ạk ai cần liên hệ mình,0,0,0,0,0,0,0,50690000.0,4310000.0
70000000.0,65.71 tr,77.13 tr,Honda,SH,52000,Tay ga,100 - 175 cc,Nhật Bản,6,7428.571428571428,cần bán xe sh 150i vn thắng cbs màu đen nhám xe nhà đi kỹ có trầy theo năm tháng xe chính chủ ko phải cửa hàng mua bán hay trung gian mẫu 2019 đăng ký t1 2020 chiếc cuối cùng ở sg xe màu đen nhám máy móc chưa bung xe vừa thay ngớt dây coro bình nước mát xem xe tại quận 7 ko bán cho ac cửa hàng hay mô giới xe chính chủ đăng ký,0,1,0,0,0,0,1,73141862.86063246,-3141862.8606324643
12000000.0,,,Suzuki,Dòng khác,30000,Tay côn/Moto,100 - 175 cc,Nhật Bản,27,1071.428571428571,suzuki gn 125 zin cafe race cavet tranh châ p gn 125 gia 12tr liên hê 159 trâ n văn đang q3,0,0,0,0,0,1,0,12908228.703902952,-908228.7039029524
8000000.0,12.15 tr,14.27 tr,Honda,Vision,84000,Tay ga,100 - 175 cc,Nhật Bản,12,6461.538461538462,lên đời cần thanh lý lại gấp trong 1 ngày giá tốt xe 1 chủ đời đầu mọi chức năng hoạt động bình thường xe êm ga nhạy bạn nào cần liên hệ mình nhé nhanh gọn mua mình tặng thay mới lại 2 bình nhớt mua về chỉ việc chạy thôi cảm ơn ad đã duyệt bài,0,1,0,0,0,0,0,13429551.095193999,-5429551.095193999
8350000.0,7.62 tr,8.94 tr,Honda,Air Blade,36000,Tay ga,100 - 175 cc,Nhật Bản,18,1894.7368421052631,cần bán gấp ab 208 úp thái xe biển số thành phố cavet zin theo xe máy móc êm ru mạnh anh chị mua đi làm đi chợ ok có bớt cho anh chị mua nhanh gọn xem xe tại nhà,0,0,0,0,0,1,0,10952978.71621619,-2602978.71621619
14500000.0,15.88 tr,18.65 tr,Yamaha,Janus,19000,Tay ga,100 - 175 cc,Không rõ,5,3166.6666666666665,do nhu cầu đổi xe mới nên cần thanh lý xe bé đi học nên hơi trầy xước nhẹ máy móc em nguyên rin tiết kiệm xăng lưu ý bán sang tên lun chứ ko muốn uỷ quyền,0,1,0,0,0,0,0,20353161.83640437,-5853161.836404368
4200000.0,4.44 tr,5.22 tr,Honda,@,26000,Tay ga,50 - 100 cc,Không rõ,20,1238.095238095238,xe chim nhật nhà tôi cần bán một xe tream nhật xe đẹp máy cực kỳ êm không giọng không hú bình đề đầy đủ dàn áo liên lạc theo năm tháng xe cứng ngắc mua về đi chợ búa hay chở hàng đều ok hết xe biển số thành phố bao tranh chấp ai có nhu cầu alo tôi xem xe đường huỳnh thị hai phường tân chánh hiệp quận 12,0,0,0,0,0,0,0,9974666.19507751,-5774666.195077511
16300000.0,13.94 tr,16.37 tr,Honda,Future,46000,Xe số,100 - 175 cc,Thái Lan,25,1769.2307692307693,future 2001 chính chủ biển thành phố em bán lại future 2001 biển số hồ chí minh máy thái ạ xe em có thay dàn áo mới của hãng có dọn sơ lại xe em nguyên zin máy rất ngon và chât anh chị mua xe em ký mua bán hoặc ủy quyền đều ok hết ạ,0,1,0,0,0,1,1,18466205.681847107,-2166205.6818471067
9000000.0,34.12 tr,40.05 tr,Piaggio,Vespa,17431,Tay ga,50 - 100 cc,Việt Nam,1,8715.5,còn xài tốt mới mua xe nen cần bán lại xe có cavet giấy tờ tay,0,0,0,0,0,0,0,30531539.682539687,-21531539.682539687
9400000.0,10.02 tr,11.76 tr,Honda,Air Blade,80000,Tay ga,100 - 175 cc,Việt Nam,15,5000.0,cần bán xe ab 2011 giấy tờ đầy đủ máy móc êm cho test thoải mái có thể dẫn thợ đi theo vừa thay bình còn đầy đủ chức năng có fix sdt quốc,0,0,0,0,0,0,0,9974666.19507751,-574666.1950775106
15000000.0,6.74 tr,7.91 tr,Piaggio,Vespa,13000,Tay ga,100 - 175 cc,Việt Nam,15,812.5,lên đờ xe cần bán cần bán e vespa lx125 bản phun xăng điện tử mới đi 13000km xe cực chất cực sang có giấy tờ mua bán đầy đủ,0,0,0,0,0,0,0,8230682.249750778,6769317.750249222
32500000.0,19.03 tr,22.34 tr,Honda,Spacy,8000,Tay ga,100 - 175 cc,Nhật Bản,29,266.6666666666667,bán xe honda spacy 125 đời 1997 bstp 4 số cần bán xe honda spacy 125 đời 1997 bstp 4 số xe đẹp tay ga nhẹ chính chủ giá 32 5tr,0,0,0,0,0,0,1,31403917.616819426,1096082.3831805736
23500000.0,21.1 tr,24.77 tr,Honda,Vision,20000,Tay ga,100 - 175 cc,Việt Nam,7,2500.0,cần bán xe vision 2019 xe chính chủ coi xe trực tiep quận 10 jdjdjjdjdjdjjxjd,0,0,0,0,0,0,1,23571837.40013029,-71837.40013029054
5000000.0,14.53 tr,17.05 tr,Yamaha,Exciter,123456,Tay côn/Moto,100 - 175 cc,Việt Nam,13,8818.285714285714,xe ex zin êm 135 cho ai cần giá này tự hiểu xe zin nguyên cục xem xe ở củ chi ai cần lh,0,0,0,0,0,1,0,14761779.355686994,-9761779.355686994
25000000.0,24.1 tr,28.29 tr,Honda,Air Blade,55000,Tay ga,100 - 175 cc,Không rõ,7,6875.0,honda air blade 2019 đỏ đen xe chính chủ người dùng máy móc zin êm odo chuẩn 55k km liên hệ chủ xe qua sđt,0,0,0,0,0,1,1,24675414.62060891,324585.3793910891
32000000.0,13.86 tr,16.27 tr,Yamaha,Exciter,1000,Tay côn/Moto,100 - 175 cc,Việt Nam,12,76.92307692307692,exciter 135lc malay trắng đen full fi dàn ngoài lên áo lc135 trắng đen trùng màu cavet choá zhipat 2 tầng trợ lực sườn rpm sịn mâm mẫu daytona phuộc rcb e2 heo nissin thái ốc salaya phủ xe cặp vỏ maxxis thay mới dàn máy full fi 65zz touring bền êm đầu sum 20 23 lòng kiếng ycs dên cân dục két nước lớn 2 quạt rdt máy êm mới xe chính chủ của mình sử dụng ko qua cò lái nên ae yên tâm hợp nhãn alo thương lượng,0,0,0,0,0,0,1,17111852.44366237,14888147.556337629
55000000.0,41.71 tr,48.96 tr,Piaggio,Sprint,4000,Tay ga,100 - 175 cc,Việt Nam,8,444.44444444444446,xe trùm mền xe 9 chủ ít đi trùm mền như xe hãng,0,0,0,0,0,0,0,30184962.373449855,24815037.626550145
4800000.0,18.04 tr,21.18 tr,Honda,Dream,300000,Xe số,100 - 175 cc,Hàn Quốc,14,20000.0,xe hàn quốc xe dream hàn quốc tình trạng xe đang sử dụng bình thường bình đề kèn xi nhan đầy đủ ai cần liên hệ về đi làm đi chơi hay chở hàng đều được cám ơn chợ tốt,0,0,0,0,0,0,0,10001816.576529125,-5201816.576529125
31000000.0,27.64 tr,32.44 tr,Honda,Winner X,4400,Tay côn/Moto,100 - 175 cc,Việt Nam,2,1466.6666666666667,dư dùng bán lại winer x siêu lướt ít đi do k có nhu cầu sử dụng nên bán lại chiếc winer x siêu lướt màu đỏ đen xe còn bảo hành chính hãng honda odo chưa được 4k5 do ít đi hàng tuần chạy rô đa chút xe mua mới 100 ra giấy tờ gần 41tr chưa phụ kiện nay pass lại giá iu thương có thể bớt chút đỉnh cho anh chị thiện chí xe chính chủ bán ủy quyền hoặc rút hồ sơ gốc khi mua sẽ phục hồi nguyên trạng pass lại phụ kiện giá cực hấp dẫn nếu anh chị mua kèm xe xe đi ít và còn bảo hành hãng nên các bạn yên tâm nhé có thể nói xe còn như mới liên hệ để xem xe trực tiếp tại nhà hình chụp thật xe cá nhân chính chủ liên hệ trước khi đến để mình sắp xếp về ạ cảm ơn đã đọc tin,0,0,0,0,0,0,1,32599944.095754236,-1599944.095754236
7500000.0,7.17 tr,8.41 tr,Honda,Cub,70,Xe số,Dưới 50 cc,Hàn Quốc,19,3.5,super cub50 xe zin máy mạnh êm mua chạy phố bao êm super cub 50 xe êm còn zin máy mạnh xe đơ i củ nên máy mạnh chạy đươ c 60 hay 70 km luôn mua cho nhà chạy trong phố bao êm,0,0,0,0,0,1,0,11812616.711963981,-4312616.711963981
3700000.0,6.92 tr,8.13 tr,Yamaha,Mio,3200,Tay ga,100 - 175 cc,Nhật Bản,14,213.33333333333331,bán xe mio classico máy êm ru minh cần bán mio classico máy móc êm ru full chức năng cứng cáp đi làm đi chơi ok rất lợi xăng nhé giá nay hiểu giúp em ạ tks,0,0,0,0,0,0,0,5710393.905561759,-2010393.9055617591
21800000.0,13.75 tr,16.14 tr,Honda,Winner,50000,Tay côn/Moto,100 - 175 cc,Nhật Bản,9,5000.0,win v1 60zz winner 150 option cơ bản sạch sẽ leng keng ae ơi xe biển số thành phố chính chủ kí giấy 1p30s biển số 59v2 851 72 máy 60zz êm ái nhẹ nhàng ecu rc mini mâm 8c rcb áo trắng đen tem winner nsd new ốc tán sáng trưng dàn chân sạch sẽ vv xe đang trong tình trạng êm leng keng nha ae có nhận giao lưu tất cả loại xe gắn máy hỗ trợ góp hộ khẩu sài gòn tỉnh bao nợ xấu hổ trợ ae quẹt thẻ tín dụng bao ae quay đầu trải nghiệm giá 21tr800 fix ae mau lẹ xăng cộ đức 891 8 hương lộ 2 q bình tân 891 7 hương lộ 2 q bình tân,0,0,0,0,0,0,1,15526746.81761522,6273253.18238478
55900000.0,25.66 tr,30.12 tr,Honda,Future,19100,Xe số,100 - 175 cc,Việt Nam,16,1123.529411764706,fu x fi 2010 cọp xe nhà mua mới từ đầu 2010 2vo zin gai dầy 2 chìa khóa chưa sài máy mốc nguyên zin từng con ốc nhông sên đĩa chưa thay nói chung là bao zin 100 ko lai bất cứ gì biển sài gòn 4 số mua bán tại nhà công chứng qh h ae đam mê nhấc cái máy alo mình ủy quyền mua bán đều nhanh lẹ ae đam mê thì alo mình còn tào lao né dùm nha còn tin là còn,0,0,0,0,0,1,0,36218095.75359724,19681904.246402763
5000000.0,6.99 tr,8.2 tr,Suzuki,Axelo,80000,Tay côn/Moto,100 - 175 cc,Việt Nam,9,8000.0,em có chiếc axelo cũ bán rẻ em có chiếc xe axelo cũ để lâu quá bị hư bình vs bể mặt đạn bánh sau do em đi làm ko có thời gian sửa chữa nên em bán rẻ anh em được nhắn em qua chợ tốt để xem xe được em bớt ạ xe hư bình nên ko đề được ạ có sao em nói vậy anh em nào được liên hệ xem ạ biển số thành phố ạ có carvet xe đầy đủ ạ,0,0,0,0,0,0,0,17549259.035395198,-12549259.035395198
8000000.0,5.04 tr,5.92 tr,Yamaha,Nouvo,80000,Tay ga,100 - 175 cc,Nhật Bản,14,5333.333333333333,cần bán nouvo 5 rc 2012 chính chủ nhà chật cần ra đi nouvo 5 rc đk2012 xe chạy còn mạnh tốt máy êm đề nổ mua về chỉ việc đổ xăng chạy xe chính chủ bao công chứng uỷ quyền cho ae,0,0,0,0,0,0,1,6658837.197969967,1341162.8020300334
19500000.0,62.56 tr,73.44 tr,Yamaha,YAZ,300000,Tay côn/Moto,100 - 175 cc,Việt Nam,8,33333.333333333336,ex 65zz gtdd cấu hình 65zz tuoring cdn drang thái lan phuộc sau nitron dĩa phay thái heo sau đồ chơi pas heo ngược gần full ốc salaya gác chân malay áo keng mới sơn máy móc bao êm cho ae chơi,0,0,0,0,0,0,0,19011707.429096088,488292.5709039122
12000000.0,15.94 tr,18.72 tr,Yamaha,Exciter,60000,Tay côn/Moto,100 - 175 cc,Việt Nam,15,3750.0,ex 135 mới dọn lại mới xe mua cửa hàng còn giấy tờ mua bán xe em mới dọn lai nhanh lẹ em co bớt ti cf,0,0,0,0,0,0,0,13058924.840940248,-1058924.8409402482
17500000.0,14.49 tr,17.01 tr,Honda,Winner,1,Tay côn/Moto,100 - 175 cc,Nhật Bản,8,0.1111111111111111,winner v1 chính chủ ký bs 85 chính chủ ký áo leng keng chân sạch sẽ bh máy 1 tháng,0,1,0,0,0,0,1,16914317.668572348,585682.3314276524
4900000.0,4.21 tr,4.94 tr,Hãng khác,Dòng khác,99999,Xe số,50 - 100 cc,Đài Loan,19,4999.95,bán xe wave đài loan mình cần bán xe wave nhỏ của sanda máy êm thì thầm đồ zin còn nhiều xe mới làm nồi với chén cổ chạy êm ru như alpha thông tin m n liên hệ,0,0,0,0,0,1,0,5486511.721390001,-586511.7213900005
13800000.0,13.38 tr,15.71 tr,Honda,Winner,4667,Tay côn/Moto,100 - 175 cc,Việt Nam,9,466.7,winner 2017 biển số 59 xe kông 9chủ wimner 2017 biển số 59 xe k09chủ máy móc 57 long ycs dao xe cavet giay uy quyền cũ ae quan tam ib,0,0,0,0,0,0,0,16342610.535907336,-2542610.5359073356
75000000.0,74.3 tr,87.23 tr,Honda,SH,33000,Tay ga,100 - 175 cc,Việt Nam,4,6600.0,sh150i 2022 chính chủ còn thương lượng nhẹ 0 2022 cbs trắng sơn bạc porsche 3 6 odo 32 000km odo chuẩn 2 gần full bộ ốp zhipat sh 350i 9 dàn ngoài đẹp áo len keng ko vết trầy máy móc zin ko đụng chạm máy ngon êm ru vì bảo dưỡng liên tục mỗi 1 5km 8 xe ko lỗi lầm 2 giá còn thương lượng thiện chí có thể xuống 7x 754 chính chủ,0,0,0,0,0,1,1,72224805.60518485,2775194.394815147
12800000.0,8.25 tr,9.68 tr,Honda,@,1,Xe số,100 - 175 cc,Việt Nam,8,0.1111111111111111,wave 2018 hàng về anh chị nào cần xe đi làm đi cày bừa hú em wave 2018 bstp chính chủ máy móc nguyên êm zin dá 12tr800 bớt lộc call,0,0,0,0,0,1,1,11762911.663487162,1037088.3365128376
115000000.0,70.02 tr,82.2 tr,Honda,SH,11000,Tay ga,Trên 175 cc,Không rõ,5,1833.3333333333333,sh 350i sản xuất 2021 mới đi 11 000km ít sử dụng nên cần bán lại xe sh 350i sản xuất năm 2021 xe còn rất mới sơn zin 100 ko trầy xước mới đi được hơn 11 000km anh chị có nhu cầu mua sử dụng xin vui lòng gọi điện trao đổi để biết thêm thông tin,0,0,0,0,0,1,0,115201999.98,-201999.98000000417
4800000.0,5.84 tr,6.85 tr,Yamaha,Nouvo,120000,Tay ga,100 - 175 cc,Nhật Bản,12,9230.76923076923,no 5 có fi biển số tỉnh đổi xe để lại xe đẹp máy êm mua về chạy ko phải làm thêm gì giá này ae tự hiểu ko catve viết giấy tay bao tranh chấp có fix lộc cho ai thiện chí mua gọi điện ko nhắn tin ko trả giá tào lao,0,0,0,0,0,0,0,7797499.063991472,-2997499.063991472
16600000.0,14.31 tr,16.8 tr,Honda,Wave,31000,Xe số,100 - 175 cc,Việt Nam,4,6200.0,cần bán wave 2022 31000km có fix lộc lá cho ae wave 2022 dàn áo zin theo xe đi được 31000km không đâm đụng máy móc êm ái lướt hỗ trợ giấy tờ nhanh gọn lẹ,0,0,0,0,0,1,0,15744616.771005923,855383.2289940771
38000000.0,38.54 tr,45.24 tr,Honda,Lead,5000,Tay ga,100 - 175 cc,Việt Nam,2,1666.6666666666667,lead 4val dàn áo trầy nhẹ tí có hình fix ae thoải mái,0,0,0,0,0,0,0,42231374.085670754,-4231374.085670754
25000000.0,23.33 tr,27.39 tr,Honda,Future,16000,Xe số,100 - 175 cc,Việt Nam,5,2666.6666666666665,future led 2021 xanh cần bán để đỗi xe lead future led 2021 xe chính chủ cavet odo 16k sơn rin nguyên chiếc ko dặm tút đã dán keo nên áo như mới máy móc bảo dưỡng đầy đủ êm ái xe mua sử dụng ngay mình quận 7 mua bán tại nhà ký mua bán luôn,0,1,0,0,0,0,1,25215027.566560846,-215027.56656084582
18500000.0,16.76 tr,19.67 tr,Yamaha,Exciter,30000,Tay côn/Moto,100 - 175 cc,Không rõ,8,3333.333333333333,cần bán xe chính chủ nha du xe cần bán xe biển số kien giang xe chính chủ mua bán công chứng sang ten ok hết,0,0,0,0,0,0,1,18982476.008336235,-482476.00833623484
29500000.0,11.78 tr,13.83 tr,Honda,Future,7000,Xe số,100 - 175 cc,Việt Nam,14,466.6666666666667,future x fi máy cực chất xe em ngay chủ ok ra kí giấy liền máy nguỷen zin,0,0,0,0,0,1,0,19318095.68547581,10181904.314524189
6700000.0,7.31 tr,8.58 tr,Yamaha,Sirius,25000,Xe số,100 - 175 cc,Không rõ,14,1666.6666666666667,sirius xe hãng máy bao ngon êm ru cực mạnh xe tốt ae tài chính ít kiếm xe hãng ngon bền đẹp alo em ạ em bán chiếc sirius hãng biển đồng nai tình trạng xe cực ngon bền chạy bao ưng cứng khừ máy móc êm ru chạy mạnh lắm máy zin chưa sửa chữa các chức năng đề kèn xi nhan đủ cả tóm lại mua về giọoc liền cavet gốc đàng hoàng yên tâm mua bán tại nhà,0,0,0,0,0,1,0,6220106.404863983,479893.5951360166
3500000.0,,,SYM,Elizabeth,12345,Tay ga,100 - 175 cc,Đài Loan,17,685.8333333333334,nhà dư dùng bán xe nhà còn xe elizabeth ít sử dụng nên bán lại cho ac nào cần xe máy êm bên ngoài còn liền lạc giấy tờ đầy đủ xem xe mua bán tại nhà ac yên tâm viết thêm giấy bao tranh chấp,0,0,0,0,0,0,0,4865885.021724826,-1365885.0217248257
33500000.0,28.2 tr,33.1 tr,Yamaha,Exciter,13000,Tay côn/Moto,100 - 175 cc,Không rõ,3,3250.0,ex 155 vva 2023 bstp chính chủ odo 13000km bstp zin nguyên con đầu nồi chưa mở full salaya cổ titan gia công mâm 8 cây khoá cơ,0,0,0,0,0,1,1,31181987.881420754,2318012.118579246
33000000.0,29.53 tr,34.66 tr,Honda,Vision,5000,Tay ga,100 - 175 cc,Việt Nam,2,1666.6666666666667,vison 2024 cc b60 odo 5000km xe zin nguyên mới tin xe đi có vài ngàn km xe ko khác gì xe mới đi it ae mua hời cả 10 củ tội gì mua xe mới xe zin nguyên con ốc tán sáng trưng ko một vết xước ae muốn mua xe mới tham khảo ủng hộ e nhé,0,0,0,0,0,1,0,33470474.011697758,-470474.011697758
8500000.0,6.78 tr,7.96 tr,Honda,Wave,36000,Xe số,50 - 100 cc,Nhật Bản,17,2000.0,có bán xe wave a100 màu vàng số tp 9c có bán xe wave a100 màu vàng đề kèn signal đầy đủ máy êm 9c poto cccd viết giấy tay chủ bị tai biến không ra công chứng được liên hệ,0,0,0,0,0,0,0,8429982.398958117,70017.60104188323
22000000.0,9.95 tr,11.68 tr,Honda,Wave,21000,Xe số,50 - 100 cc,Nhật Bản,24,840.0,xe zin 9 chủ máy im re xe zin 9 chủ máy zin im re ae cần liên hệ sdt,0,0,0,0,0,1,0,10708535.57382284,11291464.42617716
33000000.0,31.01 tr,36.4 tr,Honda,SH Mode,64000,Tay ga,100 - 175 cc,Không rõ,10,5818.181818181818,đi xe điện dư xe xăng cần bán minh dư con xe xăng shmode 2016 bản đặt biệt nên bán cho ạnh chị nào cần xe đi êm không lỗi gì cả mua về đổ xăng và chạy thôi,0,0,0,0,0,0,0,34324873.65752765,-1324873.657527648
10800000.0,11.67 tr,13.7 tr,Honda,Lead,30000,Tay ga,100 - 175 cc,Việt Nam,13,2142.8571428571427,honda lead fi 110cc trắng đen mua 2013 zin nguyên bán xe honda lead fi 110cc màu trắng đen mua năm 2013 1 chủ mua mới đến giờ xe zin nguyên sơn zin trầy nhẹ máy móc chưa mở qua máy mạnh ngon êm ru kg hú kêu gì hết cực êm xe còn mới đẹp sạch sẻ biển số thành phố ngay chủ ký công chứng sang tên hoặc uỷ quyền 20 năm giá bán 10 triệu 800 xem xe mua bán tại nhà phường 13 quận 11,0,1,0,0,0,1,0,11263704.092268163,-463704.09226816334
26500000.0,22.94 tr,26.93 tr,Honda,Lead,40000,Tay ga,Đang cập nhật,Bảo hành hãng,8,4444.444444444444,lead khoá smatkey cuối 2018 chính chủ đẹp bà chị đổi xe nên thanh lí xe còn dán keo lột keo ra như mới kg 1 vết trầy xe mới thay cặp vỏ michenlin máy êm ru như xe điện giá bán 26tr500 fix xăng cộ cho ae mau lẹ chứng giấy 30s,0,0,0,0,0,0,1,22164837.777384,4335162.222615998
26000000.0,24.85 tr,29.17 tr,Piaggio,Vespa,30000,Tay ga,100 - 175 cc,Việt Nam,10,2727.2727272727275,sprint giá tốt còn thương lượng máy zin em bs 94 có cmnd chủ xe,0,0,0,0,0,1,0,25159909.772706013,840090.2272939868
6000000.0,6.81 tr,8 tr,Yamaha,Luvias,100000,Tay ga,100 - 175 cc,Việt Nam,13,7142.857142857143,xe tay ga do nhà không chỗ để muốn ra đi e luvia cho ae đi cầy bừa máy móc mới làm lại mua về chỉ đổ xăng là chạy,0,0,0,0,0,0,0,6435895.202883931,-435895.2028839309
7500000.0,5.04 tr,5.92 tr,Yamaha,Nouvo,300000,Tay ga,100 - 175 cc,Không rõ,14,20000.0,bán nouvo 5 xe như hình mua lại có công chứng mua bán máy phun xăng fi êm chạy bốc không hú 45 50 km lit bstp mua bán tại nhà giấy tờ đầy đủ cò lái đừng ép giá không bán đâu ạ,0,0,0,0,0,0,0,5419071.043492549,2080928.956507451
18900000.0,19.94 tr,23.41 tr,Yamaha,Janus,30000,Tay ga,100 - 175 cc,Không rõ,3,7500.0,cần bán xe yamaha janus đỏ biển 59 chính chủ cần bán xe yamaha janus màu đỏ biển thành phố chính chủ công chứng mau lẹ xe đẹp như hình chưa qua sữa chữa không đâm đụng hư hỏng gì xe như mới ace nào có thiện chí mua xin liên hệ,0,0,0,0,0,0,1,23100543.419091597,-4200543.419091597
13500000.0,14.32 tr,16.81 tr,Honda,Future,26000,Xe số,100 - 175 cc,Nhật Bản,25,1000.0,honda future máy zin honda future máy zin êm biển thành phố 59v1 xe như hình mọi thông tin chi tiết vui lòng trực tiếp đc 12 lê trọng tấn_p tây thạnh_q tân phú,0,0,0,0,0,1,0,20457491.48739263,-6957491.48739263
6000000.0,41.61 tr,48.85 tr,Yamaha,Exciter,20000,Tay côn/Moto,100 - 175 cc,Việt Nam,16,1176.470588235294,bán xe gấp trong ngày bán xe gấp trong ngày 6tr giá vậy anh em tự hiểu nha,0,0,0,0,0,0,0,38572383.28028204,-32572383.280282043
12000000.0,13.38 tr,15.71 tr,Honda,Winner,50000,Tay côn/Moto,100 - 175 cc,Việt Nam,9,5000.0,bán xe winner máy zin chưa rớt chưa đụng chạm máy xe zin mua đi học đại học xe cha đứng tên mua sang tên hoặc bao chanh chấp đều bán xe còn êm xe chưa can thiệp gì tới máy móc xe còn đẹp cứng em con trai đứng ra bán dùm có catvet sẵn có căn cước cha,0,0,0,0,0,1,0,16564722.395267792,-4564722.395267792
20800000.0,18.47 tr,21.68 tr,Honda,Vision,12345,Tay ga,100 - 175 cc,Việt Nam,8,1371.6666666666667,honda vision màu xanh chìa khóa thông minh cần bán xe honda vision đời 2018 mâu 2019 màu xanh bạc cam xe sơn xi sạch sẽ máy im biển số 66 chính chủ ký giấ bán giá thương lượng,0,1,0,0,0,0,1,17343695.353653204,3456304.6463467963
48000000.0,49.74 tr,58.4 tr,Honda,CBR,1600,Xe số,100 - 175 cc,Việt Nam,5,266.6666666666667,cbr 150r 2021 xe tình trạng 98 dô một số đồ chơi cơ bản có fix cho anh em thiện chí mua về chạy,0,0,0,0,0,0,0,13892085.957651116,34107914.042348884
10000000.0,7.98 tr,9.37 tr,Yamaha,Sirius,300000,Xe số,100 - 175 cc,Nhật Bản,10,27272.727272727272,bán giao cà vẹt xe mua của ông anh lâu rồi xe mua về đổ xăng chạy vừa thay phuộc truớc sau ae đọc kĩ liên hệ đỡ tốn thời gian,0,0,0,0,0,0,0,8304863.050006734,1695136.9499932658
32000000.0,28.44 tr,33.39 tr,Yamaha,Exciter,30000,Tay côn/Moto,100 - 175 cc,Việt Nam,4,6000.0,cần bán xe đa số để nhà có trầy nhựa vài chỗ 2000km thay nhớt đầy đủ chưa đụng đến máy giá còn fixx cho ae thiện chí,0,0,0,0,0,0,0,28105200.54251981,3894799.4574801885
38800000.0,36.71 tr,43.1 tr,Honda,Air Blade,4600,Tay ga,100 - 175 cc,Việt Nam,3,1150.0,airblade 125 biển tphcm chính chủ ab_125 xanh đen khoá smk _biển sài gòn 𝑐ℎ𝑖 𝑛ℎ 𝑐ℎ𝑢 smarkey thông minh _cam kết 𝐌𝐚 𝐲 𝐦𝐨 𝐜 𝐧𝐠𝐮𝐲𝐞 𝐧 𝐳𝐢𝐧 100 đầu chưa mở _ 2 bánh trước sau chưa mở bô chưa mở _ odo 4600km _máy cực kì êm mọi chức năng đều hoạt động tốt _ngoại hình cực kì đẹp áo dán keo nguyên xe _ xe 1 đời chủ kí giấy mua bán tại phòng công chứng _ sang tên rút hs gốc liền trong ngày _ giá 38tr800 fix cf xăng cộ thương lượng trực tiếp _xem xe tại nhà đầm sen q11 gọi trực tiếp hoặc nhắn zl giúp e,0,0,0,1,0,0,1,43281695.90850857,-4481695.908508569
4700000.0,3.28 tr,3.85 tr,Suzuki,Hayate,50000,Tay ga,100 - 175 cc,Việt Nam,18,2631.5789473684213,dư con xe nên cần bán tình trạng xe chạy ok do không còn nhu sử dụng nên bán anh em nào thiện chí nt cho mình nhé nhanh lẹ e fix chút cho anh xăng cộ không tiếp anh em cò lái mình cảm ơn xe vừa thay nhớ máy nhớt lap vừa thay cặp vỏ mua về chỉ đổ xăng chạy,0,0,0,0,0,0,0,5085117.254246625,-385117.2542466251
22000000.0,15.95 tr,18.72 tr,Honda,Wave,12000,Xe số,100 - 175 cc,Nhật Bản,2,4000.0,mình cần bán xe tâm huyết nha ae bán wava alpha 2004 dọn lên wava thái 110 xe dọn tâm huyết nha ae máy im ko dọng hú gì ae nhìn xe đánh giá giùm mình xe dọn đồ xịn ko nha ae xe chính chủ công chứng huỷ huyền 1 nót nhạc nha ae mua xe liên hệ trực tiếp cho mình nha,0,0,0,0,0,0,1,16658642.46808206,5341357.531917941
5800000.0,4.04 tr,4.74 tr,Yamaha,Nouvo,25000,Tay ga,100 - 175 cc,Việt Nam,16,1470.5882352941176,cần bán novo 4 chính chủ bs tp cần bán novo 4 máy còn zin chưa làm dầu máy êm mạnh ace cần mua xin lh xe chinh chủ,0,0,0,0,0,1,1,6686211.217709142,-886211.2177091418
57000000.0,58.13 tr,68.25 tr,Honda,SH,47000,Tay ga,100 - 175 cc,Việt Nam,8,5222.222222222223,cc cần bán sh150i cbs giá 57tr bao công chứng bán xe sh150i việt nam cbs đời 2018 chính chủ đi 47000km xe ít đi chăm kỹ hơi chầy nhẹ bên ếm vè biển số tỉnh bl giá 57 triệu bao công chứng bớt lộc cho khách chốt nhanh xem xe tại tô ký quận 12,0,1,0,0,0,0,1,64889800.40153917,-7889800.401539169
12000000.0,6.37 tr,7.48 tr,Yamaha,Sirius,50000,Xe số,100 - 175 cc,Việt Nam,15,3125.0,em cần bán xe lên đời xe khác có thể thương lượng xe mới dọn lại tình trạng bình thường chạy êm ạ,0,0,0,0,0,0,0,6115150.94212146,5884849.05787854
20500000.0,19.92 tr,23.38 tr,Yamaha,Exciter,0,Tay côn/Moto,100 - 175 cc,Không rõ,7,0.0,chính chủ kí tên ex led 2019 xe máy êm chính chủ kí tên xe rớt đầu đọc bài kĩ,0,0,0,0,0,0,1,27350361.162058182,-6850361.162058182
42000000.0,26.94 tr,31.63 tr,Honda,Future,40000,Xe số,100 - 175 cc,Nhật Bản,18,2105.2631578947367,future huyền thoại đỏ đô xe chính hãng xuất xứ nhật bản bảo quản tốt đời xe 2008 máy chạy êm bền bỉ liên hệ mr phương,0,0,0,0,0,0,0,23102162.041174382,18897837.958825618
23000000.0,8.66 tr,10.17 tr,Honda,Air Blade,200000,Tay ga,100 - 175 cc,Việt Nam,17,11111.111111111111,chính chủ dàn áo thái ab 2009 fi phun xăng điện tử lên nguyên dàn áo thái zin theo xe bao đầu chưa rớt chạy êm ru bao test máy thoải mái anh chị có nhu cầu cứ alo đến xem trực tiếp em ít có thời gian xem tin nhắn cảm ơn,0,0,0,0,0,1,1,11662853.358658653,11337146.641341347
8000000.0,6.99 tr,8.21 tr,Honda,Wave,82000,Xe số,100 - 175 cc,Việt Nam,14,5466.666666666667,thanh lý xe wave rsx dư xe cần thanh lý xe wave rsx chính chủ liên hệ xem xe trực tiếp,0,1,0,0,0,0,1,9352101.974826075,-1352101.9748260751
20000000.0,14.49 tr,17.01 tr,Honda,Winner,15000,Tay côn/Moto,100 - 175 cc,Nước khác,8,1666.6666666666667,honda supra gtr 150 repsol không cho thằng cháu đi chơi nửa nên thu hồi về và ra đi em này đẹp ko tỳ vết máy zin chưa rớt liên hệ ép giá nha 1 đời chủ công chứng 1 nốt nhạc,0,0,0,0,0,1,0,16706351.07813111,3293648.9218688905
72900000.0,58.13 tr,68.25 tr,Honda,SH,15000,Tay ga,100 - 175 cc,Việt Nam,8,1666.6666666666667,cần bán sh 150i abs 2018 xe đẹp bstp 9c xe đẹp máy móc zin 100 nhà sản xuất chưa qua sửa chữa áo đẹp trắng đen sporty hình sao xe thì như vậy xem xe tại nhà quận 10 có bớt cho người thiện chí khi xem xe trực tiếp em cảm ơn chợ tốt đã đăng tin,0,0,1,0,0,1,0,70801311.1111111,2098688.8888888955
20000000.0,20.65 tr,24.24 tr,Honda,Sonic,21000,Tay côn/Moto,100 - 175 cc,Nước khác,7,2625.0,bán sonic về quê xe zin êm không chính chủ có căn cước chủ xe biển số 67 fix nhẹ ae nhanh gọn,0,0,0,0,0,1,1,24902023.208696183,-4902023.208696183
27500000.0,20.83 tr,24.45 tr,Honda,Winner,200000,Tay côn/Moto,100 - 175 cc,Việt Nam,4,40000.0,winner x v3 do đổi moto nên cần bán winner x v3 odo chỉ 20k km dàn ngoài còn siêu đẹp biển số thành phố quận 11 ngay chủ ký giấy chưa qua uỷ quyền vô một số đồ để đi tour như sau phuộc rcb premium 4tr8 baga 3tr đèn chống đổ 1tr5 thùng xăng lớn 1tr1 pad ron lọc xăng cặ vỏ michelin ps2 thùng givi g12n 800k giá bao gồm hết đồ chơi và thích hợp cho anh em đi tour,0,1,0,0,0,0,0,18331830.191131227,9168169.808868773
20000000.0,15.39 tr,18.06 tr,Honda,Lead,13312,Tay ga,100 - 175 cc,Việt Nam,11,1109.3333333333333,lead khoá smakey ngay chủ xe gia đình đang sử dụng nay muốn đổi xe mới lên cần bán xe đã lên khoá smakey áo dán keo về tháo ra còn cứng ngắc mới keng anh chị em nào cần sử dụng liên hệ em giá trên còn bớt cho anh chị em nào nhanh gọn cám ơn chợ tốt,0,0,0,0,0,0,0,15867456.126091162,4132543.8739088383
8800000.0,,,Honda,Air Blade,70000,Tay ga,100 - 175 cc,Việt Nam,18,3684.2105263157896,ab đi nhậu ab 2008 bstp gtdd xe zin nguyên thuỷ máy móc zin cực êm giá 8 800 000 fix lộc call xem xe trực tiếp gò vấp,0,0,0,0,0,1,0,10903147.824539125,-2103147.824539125
67000000.0,75.95 tr,89.16 tr,Honda,SH,550,Tay ga,100 - 175 cc,Việt Nam,2,183.33333333333331,bán sh 125i cbs đk t8 24 mới 99 odo 500 km 67 củ bán sh 125i bản cbs màu đỏ mua t 8 24 ngoại hình không khác xe mới dắt trong hãng ra vì mới chạy 500km bao test hãng vợ chê cao nên từ ngày mưa giờ trùm mềm biển số đẹp 95x1 06646 xe chính chủ công chứng mua bán hay ủy quyền đều được bảo đảm mua xe này không bao giờ bị lầm đăng tin này mong gặp người cần mua xài chứ không tiếp cò lái vô nhắn tin tào lao giá bán 67 triệu,0,0,0,0,1,0,1,84100818.18181819,-17100818.181818187
3800000.0,6.09 tr,7.15 tr,Yamaha,Mio,30000,Tay ga,100 - 175 cc,Thái Lan,19,1500.0,mio ultimo bstp 45678 chật nhà bán đại xe mio ultimo bstp chính chủ bán giao cccd máy móc êm ái đem về cho má đi chợ vợ đi quánh đề xe bị mất chống đứng thích hợp đi chợ búa tới lui đi đâu cũng tới xem xe tân bình tphcm giá hủy diệt,0,0,0,0,0,0,1,7660297.668185191,-3860297.668185191
35000000.0,40.54 tr,47.59 tr,Honda,Vario,22638,Tay ga,100 - 175 cc,Nước khác,8,2515.333333333333,bán xe vario 150 đời 2018 đăng ký năm 2020 xe luot len keng xe còn lướt máy móc bao zin bảo hành máy 1th xe giấy tờ xe chính chủ option phuộc sau yss mâm sau crom mâm trước cnc bi cầu kenzo s500 pro v2 nồi gió pô móc ấm ốp pô e đĩa heo frando dây dầu,0,1,0,0,0,1,1,48779493.009476565,-13779493.009476565
9400000.0,9.85 tr,11.56 tr,Honda,Air Blade,51000,Tay ga,100 - 175 cc,Không rõ,15,3187.5,air blade fi biển số thpcm chính chủ air blade fi 2011 biển số tphcm giấy tờ cavet đầy đủ máy móc zin êm ru bình đề đầy đủ xem xe tại nhà thiện chí mua gọi trực tiếp mua bán giao cavet viết giấy tay bao tranh chấp,0,0,0,0,0,1,1,11662853.358658653,-2262853.3586586528
6300000.0,9.85 tr,11.56 tr,Honda,Air Blade,30000,Tay ga,100 - 175 cc,Việt Nam,15,1875.0,air blade đầu bò 2011 fi máy êm mới mua xe mới nên dư ra cần bán xe ab đời 2011 fi phun xăng điện tử lợi xăng máy êm ái full chức năng điện đề xi nhan đầy đủ dàn áo cũ còn keo chưa lột mình vẫn đi làm hằng ngày không hỏng vặt xe cực trâu mình bán giao cavet viết giấy tay bao tranh chấp có bớt nhẹ cho ae ở xa ae cần gọi hoặc nhắn cho mình,0,0,0,0,0,0,0,9974666.19507751,-3674666.1950775106
42000000.0,36.71 tr,43.1 tr,Honda,Air Blade,7000,Tay ga,100 - 175 cc,Không rõ,3,1750.0,bán xe ab gia đình đi do đi định cư cần bán gấp lại chiếc ab mẫu đặc biệt đen nhám máy zin mua head biển số tphcm cà vẹt 08 2023,0,0,0,0,0,1,0,41276973.763495296,723026.2365047038
32000000.0,28.44 tr,33.39 tr,Yamaha,Exciter,14000,Tay côn/Moto,100 - 175 cc,Việt Nam,4,2800.0,cần ra đi em ex cần ra đi em ex 2022 9c odo 14km xe đi kỷ còn mới nguyên zin giá 3xxx ai nhanh lẹ có fix ai có nhu cầu,0,0,0,0,0,1,0,28458668.5865645,3541331.4134355
100000000.0,95.08 tr,111.62 tr,Honda,SH,35000,Tay ga,100 - 175 cc,Nước khác,16,2058.823529411765,honda sh150i 2010 màu trắng bstp chính chủ cần bán xe honda sh 150i from y 2010 màu trắng xe zin máy êm ngay chủ bán ae có nhu cầu alo cho mình nhé xem xe ở thủ đức xin cảm ơn,0,0,0,0,0,1,1,118006464.97333333,-18006464.97333333
28000000.0,32.58 tr,38.25 tr,Honda,Vario,27000,Tay ga,100 - 175 cc,Nước khác,4,5400.0,vario chính chủ biển tỉnh cần bán lại xe còn mới 90 ae có nhu cầu liên hệ,0,0,0,0,0,0,1,39992490.290400915,-11992490.290400915
25000000.0,10.08 tr,11.83 tr,Honda,Dream,15000,Xe số,100 - 175 cc,Việt Nam,10,1363.6363636363635,cần bán xe suppe dream 110cc 2016 cần bán xe suppe dream 110cc đẹp như hình tiếc kiệm xăng máy êm xe chỉ đi làm và cafe vòng vòng nhà qua xem xe thích ngay,0,0,0,0,0,0,0,15376998.676870165,9623001.323129835
25500000.0,23.44 tr,27.51 tr,Honda,Winner X,19000,Tay côn/Moto,100 - 175 cc,Không rõ,4,3800.0,bán xe winner x v3 biển số 92 qn như mới bán xe winner x v3 mua cuối năm 2022 odo 19 000 km xe đi cẩn thận như mới đã thay yên bao êm ái có gắn sẵn thùng givi tiện lợi bảo hành bảo dưỡng đầy đủ yên tâm về chất lượng biển số 92 quảng nam lý do bán đổi sang tay ga cho vợ bầu đi chợ cho tiện,0,1,0,0,0,0,0,27052694.598894358,-1552694.5988943577
11000000.0,9.5 tr,11.15 tr,Honda,Blade,40000,Xe số,100 - 175 cc,Việt Nam,8,4444.444444444444,xe đi kỷ còn nguyên rất đẹp di rất kỹ xe đang sử dụng đi kỹ còn nguyên cần bán đúng giá không bớt cảm ơn xe rất đẹp di rất ky ko tiep có người tra ja cam on,0,0,0,0,0,0,0,10650581.407532642,349418.59246735834
23500000.0,20.04 tr,23.53 tr,Honda,Air Blade,30000,Tay ga,100 - 175 cc,Nhật Bản,10,2727.2727272727275,xe ab zin bọc nilong mình bán ab 2016 bstp sang tên uỷ được mình chạy bán đổi xe xe zin all chạy êm mình để 25tr5 có fix cho ae nhanh lẹ,0,0,0,0,0,1,0,17565938.611506715,5934061.388493285
47000000.0,60.06 tr,70.5 tr,Piaggio,GTS,64000,Tay ga,100 - 175 cc,Việt Nam,7,8000.0,ban xe xe piaggio gts màu xám nhám viet nam san xuat màu zin theo xe một đời chủ còn 75,0,0,0,0,0,1,0,44817904.23949432,2182095.7605056837
2200000.0,12.72 tr,14.94 tr,Honda,Dream,258455,Tay côn/Moto,50 - 100 cc,Không rõ,15,16153.4375,không xài cả bán xe dream còn chạy tốt không xài cả bán xe dream còn chạy tốt không xài cả bán xe dream còn chạy tốt không xài cả bán xe dream còn chạy tốt,0,0,0,0,0,0,0,11501345.71555252,-9301345.71555252
7000000.0,,,SYM,Dòng_Khác,39000,Xe số,50 - 100 cc,Đài Loan,31,1218.75,xe magic 100 chinh chu xe nguyên zin chính chủ sang tên luôn xe mạnh và đẹp mua về chỉ đi thôi cám ơn chợ tốt và mọi người xem tin,0,0,0,0,0,1,1,11403467.521739762,-4403467.521739762
8200000.0,5.94 tr,6.97 tr,Honda,Wave,41000,Xe số,100 - 175 cc,Nhật Bản,16,2411.764705882353,cần bán xe wave rsx 110 còn zin ít sử dụng xe nhà vợ đi chợ và đưa rước con đi học gần do đổi xe tay ga nên dư ra nên phải bán xe mọi chức năng đầy đủ hết dây km còn chạy tốt nên xe mới có 42 000km máy êm zin còn 90 giấy tờ bao tranh chấp toàn quốc nhé cả nhà mình ở hóc môn tphcm dt thnk cho tốt,0,0,0,0,0,1,0,10044529.452886635,-1844529.4528866354
73000000.0,111.75 tr,131.19 tr,Honda,SH,35000,Tay ga,100 - 175 cc,Việt Nam,15,2187.5,bán xe sh ý hàng 3 cục cần bán con sh 125cc mẫu ý việt nam lắp ráp hàng nhập 3 cục năm dky 12 2011 số máy 5006 gần qua 2012 rồi ạ xe máy rớt mạnh êm xe đồ zin trên 90 đang trong tình trạng hoàn hảo mua bán tại nhà ký ngay khi giao dịch xong gốc cũ sg nên nhập vô rất nhanh và rẻ,0,1,0,0,0,1,0,105752111.11111112,-32752111.11111112
6200000.0,6.77 tr,7.94 tr,Honda,Wave,1111,Xe số,100 - 175 cc,Việt Nam,18,58.47368421052632,dư xe cần bán honda rsx 2008 máy ngon mua xe mới nên dư xe rsx nhật đời 2008 gtdd bs60 máy êm cực ngon giá 6tr2 xem xe phà cát lái,0,0,0,0,0,0,0,8551692.51014366,-2351692.51014366
38000000.0,36.71 tr,43.1 tr,Honda,Air Blade,37,Tay ga,100 - 175 cc,Việt Nam,3,9.25,xe nhà ít đi nay có việc gia đình cần bán lại cần bass lại cho ai cần xe còn rất mới cam kết như hình ảnh đăng xe ccòn nguyên zin chưa sửa chữa ggiá bán 38tr khách mua thiện chí bớt lộc xem xe q12 chính chủ ký mua bán nên khách hàng yên tâm làm việc,0,1,0,0,0,1,1,43379296.727806635,-5379296.727806635
9000000.0,6.74 tr,7.91 tr,Piaggio,Vespa,11000,Tay ga,100 - 175 cc,Việt Nam,15,687.5,bấn vesspa lx 125 như hình mình còn dư xe vesspa lx như hình xe mới đi ít máy rất êm,0,0,0,0,0,0,0,8230682.249750778,769317.7502492219
5000000.0,3.55 tr,4.17 tr,Hãng khác,Dòng khác,76000,Tay ga,50 - 100 cc,Nước khác,16,4470.588235294118,tay ga sky hawk cần bán xe sky hawk của hãng haojue do không còn nhu cầu sử dụng xe chưa dọn dẹp hay sơn gì cả xe rất phù hợp để chở hàng cảng to mua e tặng kèm thùng xe chở người vô tư xe chính chủ giấy tờ ủy quyền sang tên vô tư máy e đảm bảo vệ sinh nồi thay nhớt định kỳ thì chạy bao khỏe giá này e xin không thương lượng mua nt zl hoặc call không sms,0,0,0,0,0,0,1,6532824.152673861,-1532824.152673861
13500000.0,10.17 tr,11.94 tr,Detech,Espero,80,Tay ga,Dưới 50 cc,Không rõ,4,16.0,xe tay ga 50cc kiểu giống vespa rất xinh xe chính chủ bstp mua về để tập thôi rất ít chạy mình dán keo ngay khi vừa mua nên còn mới lắm ai thích xe hú m nhee,0,0,0,0,0,0,1,19836548.15979025,-6336548.159790251
26500000.0,24.11 tr,28.3 tr,Honda,Lead,50000,Tay ga,100 - 175 cc,Việt Nam,7,6250.0,honda lead 2019 ít đi xe 1 đời chủ mình mua oto nên k sử dụng xe bao mạnh mới thay cặp vỏ k có 1 lỗi nào ai có thiện chí đến xem,0,0,0,0,0,0,0,27347503.68848004,-847503.6884800382
17500000.0,16.55 tr,19.43 tr,Honda,Lead,16000,Tay ga,100 - 175 cc,Không rõ,10,1454.5454545454545,lead 125 đời 2016 xe còn như mới cần bán giá tốt lead 125 đời 2016 xe còn như mới cần bán giá tốt xe đi chưa tới 16 ngàn kim ai cần liên hệ trực tiếp nhé có fix nhẹ miễn cò lái mất thời gian,0,0,0,0,0,0,0,16779516.751217786,720483.2487822138
45800000.0,35.34 tr,41.48 tr,Honda,Vario,9500,Tay ga,100 - 175 cc,Việt Nam,3,2375.0,honda vario 160 xám xi măng abs cuối 2023 zin đẹp bãn xe honda vario 160 xám xi măng thắng abs 2 đĩa đăng ký năm 2023 xe nguyên zin sơn zin đẹp bao keo không trầy máy móc chưa mở máy ngon êm ru xe còn mới đẹp ken ken biển số thành phố ngay chủ ký công chứng sang tên hoặc uỷ quyền được hết giá ba 45 triệu 800 xem xe mua bán tại nhà phường 13 quận 11,0,1,1,0,0,1,0,41437537.59111735,4362462.408882648
3900000.0,6.41 tr,7.52 tr,Yamaha,Mio,100000,Tay ga,100 - 175 cc,Việt Nam,15,6250.0,thanh lí mio utimo hình xe hơi bụi thông cảm ạ cầm đồ thanh lí xe mio utimo có cavet gốc mua bán viết giấy bao tranh chấp hiện trạng xe hơi bụi vì mình để trong kho có trầy xước theo năm tháng máy móc ok chạy vi vu mọi chức năng hoạt động bình thường cavet dki năm 2017 hiện tại mình chưa check lại năm dki xe anh em đến xem trực tiếp cho dễ nhé giá 3triệu9 xem xe tại 137 ngô tất tố p22 quận bình thạnh,0,0,0,0,0,0,0,5740061.681146154,-1840061.6811461542
14000000.0,7.36 tr,8.64 tr,Victory,Dòng khác,1000,Tay ga,Dưới 50 cc,Việt Nam,2,333.3333333333333,cần nhượng lại xe tay ga 50cm xe tay ga victoria loại vespa màu xanh rêu như hình xe mới mua tháng 10 2024 xe nhà ít đi xem xe ở quận 3,0,0,0,0,0,0,0,16938340.977999575,-2938340.9779995754
13888888.0,6.84 tr,8.03 tr,Detech,Dòng khác,300,Tay côn/Moto,100 - 175 cc,Việt Nam,8,33.333333333333336,do không có sử dụng do không có nhu cầu sử dụng cần bán bớt em tay côn nhỏ gọn xe làm mới gần như 100 phù hợp cho ai thích tay côn nhỏ gọn đi phố không hao xăng xe chạy thích xe không chính chủ bao tranh chấp ra lộc cho ae thiện trí lh,0,0,0,0,0,0,1,21725434.290462226,-7836546.290462226
5200000.0,4.37 tr,5.13 tr,Hãng khác,Dòng khác,1234,Tay côn/Moto,100 - 175 cc,Nhật Bản,19,61.7,cần bán nhanh từ bỏ đam mê nên muốn bán hoặc giao lưu xe khác máy êm đã lên bánh lớn và một số đồ chơi cho xe đèn nhan đầy đủ có cavet gốc theo xe,0,0,0,0,0,0,0,11564073.659154339,-6364073.659154339
6300000.0,3.59 tr,4.21 tr,Honda,Cub,1000,Xe số,Dưới 50 cc,Nhật Bản,12,76.92307692307692,xe cup 81 có giấy đăng ký xe tp hcm xe mình đi học cấp 3 nay lên đại học cần pass lại cho bạn nào cần xe chạy êm không hư vặt bạn nào có nhu cầu mua xe xin vui lòng liên hệ số điện thoại hoặc có thể đến trực tiếp nhà mình để xem xe đ c 2117 11c phạm thế hiển p6 q8 tphcm,0,1,0,0,0,0,0,10233718.421464728,-3933718.421464728
5000000.0,5.18 tr,6.08 tr,Honda,Lead,100000,Tay ga,50 - 100 cc,Việt Nam,19,5000.0,bán cho ai cần khu vực quận 8 xe đang sử dụng có nhu cầu bán ai mua thì liên hệ tại 45 trương đình hội f16 q8 hcm,0,0,0,0,0,0,0,9943800.774503829,-4943800.774503829
3900000.0,6.78 tr,7.96 tr,Honda,Wave,32700,Xe số,100 - 175 cc,Việt Nam,17,1816.6666666666667,xe honda cần bán xe máy êm cực kỳ zin nguyên con anh em mua chó hàng hết sức ngon bền cực kỳ hãy gọi điện thoại cho chú cầm ơn các cháu,0,0,0,0,0,1,0,10126888.567241678,-6226888.567241678
25000000.0,,,Suzuki,Viva,300000,Xe số,100 - 175 cc,Việt Nam,4,60000.0,suzuki viva 2022 chùm mền rin chính chủ dư bán chiếc xe suzuki viva 2002 biển số sài gòn xe kỹ niệm xe chùm mền mới dọn ngoài máy chưa bung tiếng máy thì thầm chạy như xe mới xem xe tại nhà ae nào thiện chí bớt chút lộc về chạy xe đang ơ biên hoà bao thợ thầy chính chủ sang tên thoải mái cho ae,0,0,0,0,0,0,1,16494082.071283404,8505917.928716596
8500000.0,10.11 tr,11.87 tr,Piaggio,Liberty,49000,Tay ga,100 - 175 cc,Việt Nam,12,3769.230769230769,liberty 3v bstp xe đẹp keng du dung bán chiếc liberty 3v 2014bstp xe đẹp lắm lien lac k đổ bể máy zin êm bao chạy trước mua cửa hàng bán giao cavet vs hợp đồng uỷ quyền cũ,0,0,0,0,0,1,0,13937108.774462681,-5437108.774462681
10000000.0,9.2 tr,10.8 tr,SYM,Wolf,0,Tay côn/Moto,100 - 175 cc,Đài Loan,13,0.0,wolf 125 up enduro cần bán hoặc giao lưu xe tay ga tình trạng đã thay nhông sên dĩa mới điện đèn đề đầy đủ một số chi tiết đã cũ theo năm tháng ưu tiên gdtt tại sg,0,0,0,0,0,0,0,13898449.659792723,-3898449.659792723
60000000.0,47.19 tr,55.39 tr,Honda,Vario,56000,Tay ga,100 - 175 cc,Nước khác,10,5090.909090909091,xe gd cần bán vario 150 đời 2016 chính chủ bstp xe bảo dưỡng thường xuyen,0,0,0,0,0,0,1,42591192.83104339,17408807.168956608
18000000.0,20.04 tr,23.53 tr,Honda,Air Blade,120000,Tay ga,100 - 175 cc,Nhật Bản,10,10909.09090909091,xe ab máy zin xe dep bstp 9c cccd xe gia dinh it di ong anh di cong trinh bán lại cho ai can xe co cccd kem theo xem xe se thich con rat moi bao duong hãng,0,0,0,0,0,1,0,17430786.893279735,569213.106720265
27000000.0,26.16 tr,30.71 tr,Yamaha,Exciter,24000,Tay côn/Moto,100 - 175 cc,Nhật Bản,5,4000.0,cân bán ex 155 cân bán ex 155 bản tiêu chuân xe k chính chủ có giáy uỷ quyên,0,0,0,0,0,0,1,25426153.174101844,1573846.8258981556
15500000.0,14.95 tr,17.54 tr,Yamaha,Exciter,20600,Tay côn/Moto,100 - 175 cc,Việt Nam,10,1872.7272727272727,bán xe ex 150 đời đầu xe thanh lý cửa hàng giấy tờ bao tranh chấp giao cavet chứng minh chủ photo xe dán full keo dàn áo sơn zin odo đúng đồng hồ,0,1,0,0,0,1,0,17973012.320733797,-2473012.320733797
10500000.0,13.66 tr,16.04 tr,Yamaha,Exciter,34000,Tay côn/Moto,100 - 175 cc,Không rõ,14,2266.6666666666665,yamaha exciter 2012 em chuẩn bị về quê nên cần bán chiếc yamaha exciter 2012 ít chạy biển thành phố odo 34k giấy tờ hợp pháp giá 10tr có fix cf xăng xe ngã 4 thủ đức xem xe trực tiếp để ép giá liên hệ trực tiếp zalo hoặc sdt,0,0,0,0,0,0,0,11421285.178055022,-921285.1780550219
50000000.0,37.63 tr,44.18 tr,Honda,Vario,2300,Tay ga,100 - 175 cc,Việt Nam,1,1150.0,vario 160 xxm 9c bstp cần bán xe như hình bstp 9c sang tên ngay odo 2300km mới tinh ko 1 vết trầy do dán keo nguyên xe dán cả nhựa nhám tiền nào của đó xe đk cuối 2024 ai cần lh e ạ tks,0,0,0,0,0,0,0,45881662.132031955,4118337.867968045
26500000.0,12.2 tr,14.32 tr,Honda,Dream,41000,Xe số,100 - 175 cc,Việt Nam,5,6833.333333333333,honda supper dream 2016 mẫu cuối cùng mộc zin hình sao xe vậy bao sang tên công chứng mua bán trong ngày giá để lại cho anh em về chạy 26tr5 mọi chi tiết inb để biết thêm thông tin máy zin nắp chao chưa mở luôn ạ xe đẹp cứng test thoải mái ưng lấy ạ có gl máy game và xe các loại,0,0,0,0,0,1,0,14028698.23614117,12471301.76385883
12600000.0,7.98 tr,9.37 tr,Honda,Lead,25000,Tay ga,100 - 175 cc,Không rõ,14,1666.6666666666667,bán lead fi 110 cuối 2012 tem râu mới 98 bstp mẫu xe đá chống tắt máy dùng kỹ mới lột keo xe rất mới máy xe mạnh cực êm nguyên zin 100 vỏ xe mới xe mẫu pbđb cứng cáp đủ 2 kính 2 chìa khoá xe chính chủ mua bán làm giấy tờ công chứng,0,0,0,0,0,1,1,11655619.195556717,944380.804443283
12000000.0,12.64 tr,14.84 tr,Honda,Air Blade,61526,Tay ga,100 - 175 cc,Việt Nam,16,3619.176470588235,xe tay ga air blade 2010 màu đen còn mới xe mua tại cửa hàng hon da bình minh quận 9 xe còn mới đẹp liên hệ xem xe tại 167 cầu xây phường tân phú tp thủ đức sđt giấy tờ chính chủ,0,0,0,0,0,0,1,10532719.76354196,1467280.2364580408
16500000.0,15.31 tr,17.98 tr,Honda,Lead,65000,Tay ga,100 - 175 cc,Việt Nam,12,5000.0,bán xe lead chính chủ không còn nhu cầu đi xe chính chủ 1 đời bảo hành bão dưỡng full hãng 100 đồ hãng xe đẹp không đâm đụng cấn móp gì,0,0,0,0,0,0,1,13528190.42039903,2971809.5796009693
10890000.0,10.02 tr,11.76 tr,Benelli,Dòng_Khác,1000,Tay côn/Moto,100 - 175 cc,Trung Quốc,9,100.0,beneli tnt150 máy móc êm ru mới thay bxc biển số cà mau,0,0,0,0,0,0,0,18218152.3258662,-7328152.3258662
16500000.0,16.92 tr,19.86 tr,Honda,Vision,30000,Tay ga,100 - 175 cc,Nhật Bản,9,3000.0,honda vision chính hãng chính chủ máy êm zin cần bán xe như hình máy êm zin chạy ngon giấy tờ đầy đủ bst68 chính chủ công chứng ai mua lh thanks chợ tốt đăng tin giá còn thương lượng,0,0,0,0,0,1,1,17810509.536782283,-1310509.5367822833
52500000.0,51.28 tr,60.19 tr,Honda,Vario,27000,Tay ga,100 - 175 cc,Nước khác,9,2700.0,vario 125 2017 bstp 9c bao rút nhập vario 125 2017 9c kí giấy nhanh lẹ full salaya dàn ngoài sơn full new cam kết bảo hành 6 tháng,0,0,0,0,0,0,0,50125202.882711515,2374797.117288485
25000000.0,15.75 tr,18.49 tr,Yamaha,Exciter,60000,Tay côn/Moto,100 - 175 cc,Việt Nam,9,6000.0,exciter 62zz redleo touring chia tay nội công máy 62zz redleo touring bền dàn áo style thái mxking đầu up led mâm 8 cây mới thay vỏ mechilin mới thay nhông sên dĩa nhớt liên hệ xem xe tại tphcm,0,0,0,0,0,0,0,17070664.773444276,7929335.226555724
6500000.0,7.94 tr,9.32 tr,Honda,Wave,6666,Xe số,100 - 175 cc,Nhật Bản,12,512.7692307692307,xe ít chạy xe nhà ko chạy tới nên bán rẻ xe rất đẹp máy móc êm ngon chức năng hoạt động tốt cả,0,0,0,0,0,0,0,8380432.943628702,-1880432.9436287023
20000000.0,23.11 tr,27.13 tr,Honda,Sonic,20000,Tay côn/Moto,100 - 175 cc,Việt Nam,6,2857.1428571428573,cầm đồ thanh lý sonic cầm đồ thanh lý xe sonic 2020 biển số hậu giang giao cccd chữ ký chủ cavet đủ giá 20tr,0,1,0,0,0,0,0,24941993.609379396,-4941993.609379396
14500000.0,10.24 tr,12.02 tr,Honda,Wave,99999,Xe số,50 - 100 cc,Việt Nam,21,4545.409090909091,can ban wave zx biển số 43 máy chay bao êm cần bán wave zx 205 biển số 43 máy chay bao êm,0,0,0,0,0,0,0,8714547.290368179,5785452.709631821
25000000.0,22.35 tr,26.24 tr,Honda,Air Blade,40000,Tay ga,100 - 175 cc,Việt Nam,8,4444.444444444444,cần bán ab125 xe máy móc zin chưa rớt đầu xe đi bảo dưỡng định kì sdt,0,0,0,0,0,1,0,22867884.783404987,2132115.2165950127
35555555.0,32.11 tr,37.7 tr,Honda,Vario,100000,Tay ga,100 - 175 cc,Nước khác,5,16666.666666666668,vario xe ngay chủ ki giấy ae cần alo e ạ cảm ơn ae nhiều 125cc,0,0,0,0,0,0,0,34459366.98848753,1096188.0115124732
30000000.0,14.51 tr,17.04 tr,Yamaha,Exciter,300000,Tay côn/Moto,100 - 175 cc,Không rõ,13,21428.571428571428,cần bán xe gấp xe ít chạy nhà k có chổ đậu xe chính chủ xem xe tại nhà bè chưa qua sửa chửa xe còn mới ổn áp,0,0,0,0,0,0,1,14842834.203275353,15157165.796724647
7600000.0,7.37 tr,8.65 tr,Honda,Wave,49000,Xe số,100 - 175 cc,Việt Nam,13,3500.0,bán wave s110c 2013 nguyên zin dán keo bán wave s110c 2013 dán keo đầu nồi còn nguyên zin xe nhà sd còn mới đẹp về chạy liền khỏi sửa chữa trước mua cửa hàng ko ký giấy bán viết giấy bao tranh chấp giá 7t6,0,1,0,0,0,1,0,10149614.686748423,-2549614.6867484227
15500000.0,15.94 tr,18.72 tr,Yamaha,Exciter,20,Tay côn/Moto,100 - 175 cc,Không rõ,15,1.25,dư xe mới làm 62zz ycs dên zin nguyên cây chạy cảm nhận là biết 09c bao tranh chấp giấy mua bán cửa hàng zalo hoặc điện thoại,0,0,0,0,0,1,0,15804569.842752192,-304569.84275219217
4300000.0,2.15 tr,2.53 tr,SYM,Attila,40000,Tay ga,100 - 175 cc,Không rõ,22,1739.1304347826087,xe nhà đi ko dùng nữa ai cần ib ạ có trầy theo năm tháng máy móc êm chạy thoải mái về quê bình thường,0,0,0,0,0,0,0,4281824.244687782,18175.75531221833
46800000.0,6.56 tr,7.7 tr,Honda,Dream,86863,Xe số,100 - 175 cc,Nhật Bản,1,43431.5,dream thái up full super bstp dream thái 54zz up full super máy mới làm xong bstp nói chung xe nhà chạy anh em yên tâm khỏi lăng tăng ohlins monkey xịn bình bông mai vàng xịn niềng excel căm nova vỏ michelin xịn cổ titan thái ròm nha tay thắng tbt tăng chỉnh anh em cứ qua xem xe trực tiếp là ok nhất số 86863 đuôi gọi k được thì gọi số này xe nhà sang tên ký uỷ quyền cho anh em 1 nốt nhạc,0,1,0,0,0,0,0,16921299.008013073,29878700.991986927
23000000.0,21.96 tr,25.78 tr,Honda,Air Blade,25000,Tay ga,100 - 175 cc,Việt Nam,8,2777.777777777778,xe honda air blade 125 đk 2018 màu đỏ biển số tp bán xe honda tay ga air blade 125 fi đăng ký 2018 màu đỏ biến số tp xe đẹp máy êm đồ zin mua về chỉ việc chạy xe mua có giấy công chứng của hàng khoảng có thời gian đi sang tên nay bán lại cho ai có nhu cầu sử dụng giá 23 triệu xin liên hệ 23 80 42 nguyễn hữu tiến phường tây thạnh quận tân phú gặp chú hùng,0,1,0,0,0,1,0,21804208.507628288,1195791.4923717119
8400000.0,4.64 tr,5.44 tr,Yamaha,Mio,20000,Tay ga,100 - 175 cc,Không rõ,18,1052.6315789473683,xe mio chính chủ bstp mới làm máy do không có nhu cầu sử dụng nữa nên ra đi em mio chính chủ bstp mới làm máy đầu nồi không tiếp cò lái,0,0,0,0,0,0,1,6921978.625428007,1478021.374571993
20000000.0,24.1 tr,28.29 tr,Honda,Air Blade,32000,Tay ga,100 - 175 cc,Việt Nam,7,4000.0,bán gấp air blade để xuất cảnh xe nhà dùng còn rất mới chỉ để đưa đón con đi học cần bán gấp ể xuất cảnh xe ko chính chủ bao tranh chấp,0,0,0,0,0,0,1,26418351.963993456,-6418351.963993456
12400000.0,8.35 tr,9.8 tr,Yamaha,Nouvo,45000,Tay ga,50 - 100 cc,Việt Nam,10,4090.909090909091,nouvo 6 sang tên dc em cần bán xe nhà đang sử dụng xe sang tên hợp lệ máy móc êm ít sữa chữa ốc táng nước sơm theo xe năm tháng coi xe trực tiếp ngay nhà cả 2 yên tâm,0,0,0,0,0,0,0,10030797.047188465,2369202.9528115354
3500000.0,2.72 tr,3.2 tr,SYM,Attila,24583,Tay ga,100 - 175 cc,Đài Loan,21,1117.409090909091,bán xe máy sym attila victoria thái độ cẩn thận như đối với gia đình mọi thứ cần thiết đã được cập nhật chất lỏng đều mới dầu thay cách đây 150 km ngoài ra thẻ xanh giấy tờ tay nắm mới lốp xe còi đèn sáng,0,0,0,0,0,0,0,4204487.825792017,-704487.8257920174
21500000.0,21.96 tr,25.78 tr,Honda,Air Blade,60000,Tay ga,100 - 175 cc,Việt Nam,8,6666.666666666667,em bán ab 2018 chính chủ xe máy móc nguyên zin em 1 chủ từ đầu nên xài rất kỹ dàn áo còn mới vỏ nhớt bảo hành thường xuyên lốp mới thay,0,0,0,0,0,1,1,20696182.458921444,803817.5410785563
19000000.0,13.61 tr,15.98 tr,Yamaha,Exciter,40000,Tay côn/Moto,100 - 175 cc,Việt Nam,12,3076.923076923077,bán ex xe up máy 57kck mượt ai ưng ib em có fix nhẹ ai ưng ib em cho nghe tiếng máy ạ,0,0,0,0,0,0,0,14372534.446626475,4627465.553373525
6600000.0,20.06 tr,23.54 tr,Suzuki,Dòng khác,15000,Xe số,50 - 100 cc,Nhật Bản,7,1875.0,thanh lí xe góp xe máy êm ít hao xăng xem xe tại nhà,0,0,0,0,0,0,0,8403848.607421689,-1803848.6074216887
16500000.0,21 tr,24.66 tr,Honda,Air Blade,75,Tay ga,100 - 175 cc,Việt Nam,9,7.5,airblade 125 bstp khoá smartkey ab 125 không chính chủ bao tranh chấp khoá smartkey bstp dàn áo xấu theo năm tháng giá không giảm thêm nếu được thì gọi khỏi mất thời gian 2 bên,0,0,0,1,0,0,1,21219455.928601854,-4719455.928601854
28500000.0,22.96 tr,26.96 tr,Peugeot,Django,11000,Tay ga,100 - 175 cc,Đức,8,1222.2222222222222,em mới mua xe mới nên cần bán lại peugeot bstp em cần bán lại con xe peugeot 125cc bstp 2018 9 chủ odo 11000km xe ít đi chủ yếu đi chợ cafe tiệt tùng do em mới mua xe 4 chổ ko có chổ để xe em nó nên cần bán lại cho anh chị nào cần giá có bớt cho anh chị nào qua xem xe ạ 22 huỳnh đình hai f 24 quận bình thạnh điện thoại trước khi qua ạ,0,0,0,0,0,0,0,17412382.92901849,11087617.07098151
8000000.0,8.99 tr,10.56 tr,Honda,Air Blade,100000,Tay ga,100 - 175 cc,Việt Nam,14,6666.666666666667,ab 8tr q12 giay to đay đu bao tranh chap xe áo hơn xuống a,0,0,0,0,0,0,0,10024188.073589783,-2024188.0735897832
23800000.0,21.87 tr,25.67 tr,Honda,Vision,35000,Tay ga,100 - 175 cc,Không rõ,6,5000.0,xe vision fi sport 2020 biển sổ thành phố chính chủ sang tên công chứng khoá smartkey 2 chìa xe zin từ kính đến máy bao test máy xe co trầy xước nhẹ ko đáng kể đẹp chính chủ giấy tờ đầy đủ,0,0,0,1,0,1,1,23234285.769104462,565714.2308955379
20000000.0,29.9 tr,35.1 tr,Honda,Spacy,80000,Tay ga,100 - 175 cc,Nhật Bản,5,13333.333333333334,cần bán xe cần bán xe giấy tờ đầy đủ liên hệ,0,0,0,0,0,0,0,31884943.4444596,-11884943.444459599
4500000.0,7.94 tr,9.32 tr,Yamaha,Luvias,30000,Tay ga,100 - 175 cc,Không rõ,12,2307.692307692308,luvias fi xe giá rẽ cho anh em cần chân đi bao tranh chấp,0,0,0,0,0,0,0,8474353.735790092,-3974353.7357900925
12000000.0,11.64 tr,13.66 tr,SYM,Galaxy,10800,Xe số,Dưới 50 cc,Đài Loan,3,2700.0,galaxy 50 cũ 2023 galaxy 50cc học sinh sinh viên không cần bằng lái odo 10 800km xe đi bảo dưỡng đầy đủ mỗi 1000km máy nguyên zin mua về chỉ cần chạy không cần làm gì thêm sang tên ủy quyền đều đc giá 12 đồng cho ace ạ liên hệ qua tin nhắn vì sdt ko còn xài nx,0,0,0,0,0,1,0,14752127.901485017,-2752127.9014850166
21000000.0,6.5 tr,7.63 tr,Hãng khác,Dòng khác,20000,Tay côn/Moto,Trên 175 cc,Trung Quốc,8,2222.222222222222,mình cần bán lại xe legend 200cc xe mình mua lại từ cửa hàng có giấy mua bán xe chỉ có cavet khong chính chủ xe bao tranh chấp có giấy tờ đầy đủ,0,0,0,0,0,0,1,43533587.74107365,-22533587.741073653
28000000.0,17.14 tr,20.13 tr,Honda,Future,9999,Xe số,100 - 175 cc,Việt Nam,21,454.5,bán xe future 2 up wave125 dọn mới từ trong ngoài tình trạng xe mới từ trong ra ngoài mới dọn từ trước tết tới giờ máy làm full cục sơn từ trong ra ngoài tỉ mỉ xe dọn chạy nay chán bán xe k9c bao tranh chấp không sang tên ae sang tên nhờ cò giúp,0,0,0,0,0,0,0,20559234.60760978,7440765.392390221
78000000.0,70.02 tr,82.2 tr,Honda,SH,19000,Tay ga,100 - 175 cc,Không rõ,5,3166.6666666666665,xe cá nhân thanh lí xe cuối đời 2020 đầu 2021 cbs bstp giấy tờ pháp lí đầy đủ đảm bảo chính chủ sáng tên nhanh gọn xe zin 100 chưa đụng chạm ngoại hình như ảnh đẹp lengkeng xem xe trực tiếp ở thủ đức để có giá tốt vẫn còn fix cho ae thiện chí,0,0,0,0,0,1,1,79075729.85840048,-1075729.858400479
25000000.0,15.97 tr,18.75 tr,Honda,Air Blade,6800,Tay ga,100 - 175 cc,Việt Nam,11,566.6666666666666,cần bán xe ab trùm mềnh airblade 125cc đời 2015 màu đen nhám km vận hành 6800 trùm mền xe chính chủ một đời chủ giá 25t,0,0,0,0,0,0,1,16153158.692247953,8846841.307752047
6500000.0,5.29 tr,6.21 tr,Yamaha,Luvias,70000,Tay ga,100 - 175 cc,Việt Nam,16,4117.64705882353,xe máy êm chỉ bị chầy chúc máy êm gu hơi bị mạnh bao chạy bao chạy,0,0,0,0,0,0,0,5860854.035783754,639145.9642162463
25000000.0,24.52 tr,28.78 tr,Honda,Spacy,300000,Tay ga,100 - 175 cc,Nhật Bản,21,13636.363636363636,spacy nhà sử dụng m cần bán 1 spacy như hình xe chính chủ bs tphcm xe đi từ đó tới giờ máy móc nghiêm chỉnh dàn chân cứng cắp dàn mủ dàn keo ko bễ pass đề là nổ nhẹ nhag ae thiện chí qua xem xe sẽ fix ạ công chưng 1 nốt nhạc,0,0,0,0,0,0,1,42269598.2236581,-17269598.2236581
40000000.0,35.85 tr,42.08 tr,Honda,Vario,10000,Tay ga,100 - 175 cc,Việt Nam,2,3333.333333333333,bán vario 160 cbs đẹp keng bán xe vario 160 cbs 2024 xe mới keng chạy được 10 000km xe ở gò vấp bớt lộc cho ae nhanh gọn,0,0,0,0,0,0,0,44838330.19588839,-4838330.195888393
71000000.0,45.34 tr,53.22 tr,Piaggio,Vespa,5600,Tay ga,100 - 175 cc,Nước khác,4,1120.0,kẹt tiền cần bán gấp giá còn thương lượng xe ít chạy đi kỉ chủ yếu đậu ở nhà chính chủ sang tên uỷ quyền thoải mái,0,0,0,0,0,0,1,66353550.536500536,4646449.463499464
6500000.0,6.99 tr,8.21 tr,Honda,Wave,7654,Xe số,100 - 175 cc,Việt Nam,14,510.26666666666665,cần bán wave rsx 110 cần bán xe wave rsx 110 như hình chạy được 7654km đèn đề xi nhan và kim xăng đủ giấy tờ đầy đủ trước mua ở cửa hàng vẫn còn giấy mua xe ở cửa hàng máy êm đề nhạy bs q8 tp hcm giá bán 6tr500 xe rất lợi xăng mình có bảo dưỡng thay nhớt hằng tháng mua về chỉ chạy thôi,0,0,0,0,0,0,0,8642040.463152073,-2142040.4631520733
20000000.0,12.48 tr,14.66 tr,Honda,Wave,2000,Xe số,100 - 175 cc,Việt Nam,1,1000.0,wave mới keng xe bao anh em chạy giấy tờ chính chủ xe mới mua do ít chạy trùm mền nên cần ra đi giá cả còn thương lượng,0,0,0,0,0,0,1,16815674.219970897,3184325.780029103
7000000.0,6.58 tr,7.72 tr,Honda,Wave,60000,Xe số,100 - 175 cc,Việt Nam,15,3750.0,xe wave s máy zin đầu nồi chưa rớt tình trạng xe dàn áo cũ theo năm tháng câm niềng dàn chân còn sáng bóng xe máy zin chưa đụng đến máy bao êm bao bốc có fix cho anh chị em thiệm trí xem xe trực tiếp q12,0,0,0,0,0,1,0,9938506.58585868,-2938506.5858586803
28000000.0,20.65 tr,24.24 tr,Honda,Sonic,6658,Tay côn/Moto,100 - 175 cc,Nước khác,7,832.25,sonic 2019 cần ra đi chiếc sonic xe chỉ dựng và đi ún cafe máy nồi chưa bung nguyên zin chỉ tăng sên vài lần dàn áo còn rất mới xe chính chủ giá cả còn thương lượng lh,0,0,0,0,0,1,1,29054397.695048537,-1054397.695048537
20400000.0,13.82 tr,16.22 tr,Yamaha,Sirius,4500,Xe số,100 - 175 cc,Nhật Bản,2,1500.0,xe mới mua ko muốn đi nx nên bán xe có gtdd xe còn bảo hành hãng máy móc im ru,0,0,0,0,0,0,0,16769078.314355955,3630921.6856440455
2600000.0,3.28 tr,3.85 tr,Suzuki,Hayate,9999,Tay ga,50 - 100 cc,Không rõ,18,526.2631578947369,bán xe lại cho ai cần xe mọi chức năng hoạt động tốt mua về chỉ việc chạy đi làm biển số tỉnh có giấy,0,0,0,0,0,0,0,5048214.806519371,-2448214.8065193715
13000000.0,39.02 tr,45.81 tr,Honda,Cub,1100,Xe số,50 - 100 cc,Việt Nam,3,275.0,cần tiền bán gấp xe cup cần bán con xe cúp 50 hãng kazuki xe chỉ dùng đi uống cà fe mới có 1100km mới leng keng ai cần thì liên hệ gấp nhé có bớt cho ai thiện chí,0,0,0,0,0,0,0,20204239.853457306,-7204239.853457306
120000000.0,75.95 tr,89.16 tr,Honda,SH,3000,Tay ga,Trên 175 cc,Việt Nam,2,1000.0,bán xe sh 350i nhập thái đi 3000km bán xe sh 350i mới đi 3k km siêu lướt sang tên chính chủ tại gò vấp 120tr tl,0,0,0,0,0,0,1,114038666.6,5961333.400000006
23000000.0,25.95 tr,30.46 tr,Honda,Sonic,40024,Tay côn/Moto,100 - 175 cc,Việt Nam,4,8004.8,xe sonic 150r dành cho anh em thật sự đam mê xe giấy tờ đầy đủ cà vẹt bảo hiểm xe mang biển số tại tỉnh nơi đã mua là bình thuận chủ xe mua lại vì nhu cầu đam mê và yêu thích xe tay côn nhưng vì lý do đi làm ở nước ngoài nên muốn tìm người cùng đam mê để gửi lại chăm sóc và tiếp tục sử dụng nó xe được chăm sóc và sử dụng rất kỹ càng và tỉ mỉ nên lốc máy và tình trạng xe còn rất tốt có thể đến xem và check lại tình trạng xe trước khi quyết định mua ạ,0,1,0,0,0,0,0,24405714.980799057,-1405714.9807990566
11000000.0,6.99 tr,8.21 tr,Honda,Wave,300000,Xe số,100 - 175 cc,Việt Nam,14,20000.0,xe wave rsx giá tốt xe đang chạy chính chủ máy zin xem xe tại quận 8 biển sài gòn,0,0,0,0,0,1,1,10786868.54060491,213131.45939509012
18000000.0,7.53 tr,8.84 tr,Honda,Cub,29999,Xe số,Dưới 50 cc,Nhật Bản,17,1666.611111111111,chiếc cub 81 zin mộc chính chủ chiếc cub 81 màu bã đậu zin mộc chính chủ biển q1 tphcm thích hợp sưu tầm hoài niệm cafe nhẹ nhàng anh chị cần liên lạc trực tiếp,0,0,0,0,0,1,1,12328598.966224777,5671401.033775223
3300000.0,3.5 tr,4.11 tr,Suzuki,Hayate,78752,Tay ga,100 - 175 cc,Nhật Bản,15,4922.0,dư xe hayate bán ac đi làm điện đèn còi đầy đủ mới thay nhớt xe giá rẻ ac lấy đi làm đi chợ ok 1135 lê dức thọ p13 gò vấp,0,0,0,0,0,0,0,5058548.143733562,-1758548.143733562
18000000.0,25.66 tr,30.12 tr,Honda,Future,15,Xe số,100 - 175 cc,Việt Nam,16,0.8823529411764706,xe honda xe đon phun xe zin hết chính chủ dt,0,0,0,0,0,1,1,28813274.00437259,-10813274.00437259
17500000.0,16.76 tr,19.67 tr,Yamaha,Exciter,49149,Xe số,100 - 175 cc,Việt Nam,8,5461.0,ex 150 mxking xe full chức năng gtđ hợp lệ đèn kèn xi nhan đầy đủ ai thích thì liên hệ em xe k9c,0,0,0,0,0,0,0,17138905.591817036,361094.4081829637
2800000.0,18.04 tr,21.18 tr,Honda,Dream,30000,Xe số,100 - 175 cc,Trung Quốc,14,2000.0,dream longcin dream longcin giấy tờ đầy đủ xe mộc chưa dọn máy móc còn chạy được thích hợp cho ae cần xe đi cày đi công trình giá 2tr8 có fix cho ae thiện chí xem xe quận 9 thủ đức,0,0,0,0,0,0,0,6450901.393539661,-3650901.3935396606
19500000.0,13.85 tr,16.26 tr,Yamaha,Janus,18000,Tay ga,100 - 175 cc,Việt Nam,8,2000.0,janus 2018 siêu đẹp dư không dùng cần bán lại cho ace có nhu cầu máy móc nguyên zin êm ru bà rù phiên bản edition đặc biệt xem xe tại nhà mặc cả thoải mái,0,0,0,0,0,1,0,14810940.694303518,4689059.305696482
2200000.0,4.59 tr,5.38 tr,Hãng khác,Dòng khác,2000,Xe số,50 - 100 cc,Trung Quốc,11,166.66666666666666,bán xe wanfa cho a em đi cày xe cũ ko đi bán lại cho ae dùng wanfa trung quốc xe điện đèn còi đề đầy đủ xe lăn bánh chạy em chưa sửa máy bảo hành đổi trả cho ae nơi nhận xe 107 phường linh teung thủ đức hcm,0,0,0,0,0,0,0,5583871.374513035,-3383871.3745130347
2500000.0,12.98 tr,15.24 tr,Honda,Future,36100,Xe số,100 - 175 cc,Việt Nam,11,3008.333333333333,xe máy êm mạnh mẽ cần bán xe máy êm cực kỳ zin toàn bộ anh em mua hay trao đổi với nhau cũng được hãy gọi điện thoại cho chú,0,0,0,0,0,1,0,17417159.82324089,-14917159.823240891
32500000.0,24.75 tr,29.06 tr,Honda,Winner X,8000,Tay côn/Moto,100 - 175 cc,Việt Nam,3,2000.0,winnerx v3 abs bstp chính chủ xe đi ít giữ kĩ xe em xe chính chủ công chứ liền cho anh chị nào muốn mua xe chạy chỉ 8000km xe em đi giữ kĩ nên còn mới tặng luôn cho anh chị cảng sau givi giá thương lượng,0,0,1,0,0,0,1,28957362.407058455,3542637.592941545
18000000.0,16.92 tr,19.86 tr,Honda,Vision,300000,Tay ga,100 - 175 cc,Việt Nam,9,30000.0,vision 2017 chính chủ biển số tp nhà nhiều xe không còn nhu cầu sử dụng xe dàn áo còn đang dán keo mua về lột keo là mới keng máy móc nguyên zin chưa đụng chạm vỏ còn dày cui mua về thay nhớt là chạy xe đúng chính chủ ký giấy rẹt rẹt,0,1,0,0,0,1,1,18698141.948389873,-698141.9483898729
5500000.0,3.91 tr,4.59 tr,Hãng khác,Dòng khác,1000,Xe số,50 - 100 cc,Trung Quốc,15,62.5,xe đang đi cần bán gấp xe wave nhỏ trung quốc xe đi êm dàn áo mới tay cháo đèn 2 tầng lên đc ít ít đồ chơi,0,0,0,0,0,0,0,5053368.707222093,446631.2927779071
8000000.0,7.21 tr,8.46 tr,Honda,Wave,8686,Xe số,50 - 100 cc,Nhật Bản,19,434.3,xe wave còn zin chính chủ cần bán xe wave xương cá còn zin xe chính chủ có thể sang tên và ủy quyền đầu nồi chưa mở ai cần liên hệ xin cảm ơn,0,0,0,0,0,1,1,11617291.715566183,-3617291.7155661825
4300000.0,8.65 tr,10.15 tr,Honda,Wave,6000,Xe số,50 - 100 cc,Không rõ,11,500.0,wave hàn quốc giấy tờ đầy đủ xe ưaye hàn đỏ đen xe đẹp còn mới về là đi nhà mua xe nên k dùng cần bán lại giấy tờ đầy đủ có giảm xăng xe cho anh em lh,0,0,0,0,0,0,0,7726411.991089571,-3426411.9910895713
52000000.0,36.71 tr,43.1 tr,Honda,Air Blade,23000,Tay ga,100 - 175 cc,Việt Nam,3,5750.0,bán xe honda airblade 160 trắng có việc nên tạm gác lại đam mê mình cần ra đi 1 em honda ab đk cuối 2022 đầu 2023 xe chính chủ bstp giấy tờ đầy đủ xe màu sơn nguyên bản trắng chưa dặm tút cấu hình chi tiết xe đã lên __ ecu vario160 __họng xăng 32 __co gió __lọc gió 1280 k n __nồi brt __pô zin móc ấm __ 1 pô 4road __full ốc salaya chân trống inox __heo rembo logo xám pát ốc dây dầu đầy đủ __mâm cnc bạc 8 cây bst __tay thắng rcb bình dầu rời __bi cầu x200 demi a7 trước sau __mão mặt nạ ốp pô che đuôi đã ốp carbon forget __yên zin đã gọt lên bao êm __che két nước gh racing có thể bán full nguyên xe đồ chơi có sẵn hỗ trợ ace mua xe về zin toàn bộ vì mình còn giữ lại tất cả đồ zin hoặc rã món trên xe cho ae nào có nhu cầu mua bán xem xe trực tiếp tại nhà khu vực sài gòn q8 nha ace giá cả có thể ib thương lượng ạ or zl cảm ơn ad duyệt bài và cảm ơn ace đã xem tin ạ mình không rành về xe nếu có phần nào trong bài dùng từ không đúng mong ace chỉ giúp và hoan hỉ bỏ qua hay có thắc mắc gì thì nhẹ nhàng ib với em ạ,0,0,0,0,0,1,1,40104058.42336562,11895941.576634377
29125000.0,29.98 tr,35.19 tr,Honda,Scoopy,28900,Tay ga,100 - 175 cc,Thái Lan,4,5780.0,xe honda scoopy 2022 đen xám chính chủ biển số 47 xe mua tại minh long đầy đủ giấy tờ xe đang chạy bão dưỡng đầy đủ xem trực tiếp tại 111 trần hữu trang phú nhuận hcm,0,0,0,0,0,0,1,37053989.822577365,-7928989.822577365
40000000.0,39.17 tr,45.99 tr,Honda,CBR,2450,Tay côn/Moto,100 - 175 cc,Nước khác,4,490.0,không sử dụng tới cần bán gấp xe cbr150 thích mua về đi nhưng giờ không cần dùng đến lên bán cho ai thích dòng xe này xe đi ít mới đi hơn 2000km xe còn mới 95 ai cần lên hệ em nhé,0,0,0,0,0,0,0,35649686.05663883,4350313.943361171
15500000.0,11.67 tr,13.71 tr,Honda,Wave,40000,Xe số,100 - 175 cc,Việt Nam,6,5714.285714285715,wave rsx 2020 bản đặt biệt màu xám đỏ xe nhà dư dùng nên bán chưa chạy dịch vụ nên còn rất ok xe wave rsx 2020 xe dán keo đã lâu ace mua về lột ra dán lại là đẹp ngoại hình còn đẹp ko đâm đụng thay nhớt đều mỗi tháng xe chính chủ giấy tờ đầy đủ bao hs cong chứng xem xe tại nhà quận 4,0,0,0,0,0,0,1,12934016.710886836,2565983.289113164
33500000.0,30.2 tr,35.45 tr,Honda,Vario,44000,Tay ga,100 - 175 cc,Nước khác,7,5500.0,bán va150 219 xe c9chu máy nguyên zin fix tình cảm cho ae nhiệt tình,0,0,0,0,0,1,0,34788736.97223267,-1288736.9722326696
6200000.0,6.33 tr,7.43 tr,Yamaha,Sirius,30000,Xe số,100 - 175 cc,Nhật Bản,18,1578.9473684210527,sirius 207 zin mạnh bs 43 xe đang chạy nhà dùng do đổi tay ga cho vợ nên bán xe còn mạnh vot êm liền lạc bình hơi yếu nên đạp nhẹ là nổ mua bán nhà dùng ace yên tâm bao tranh chấp ạ ai cần ib cảm ơn ạ,0,0,0,0,0,1,0,6220106.404863983,-20106.404863983393
30000000.0,14.32 tr,16.81 tr,Honda,Future,30,Xe số,Đang cập nhật,Nhật Bản,25,1.1538461538461535,xe future màu lông chuột còn zin 100 xe không sử dụng cần bán cho người thiện chí,0,0,0,0,0,1,0,19227004.99636808,10772995.00363192
60000000.0,74.21 tr,87.11 tr,Honda,SH,100000,Tay ga,100 - 175 cc,Nước khác,3,25000.0,xe it di sh ý may con zin chưa bung dên xe chinh chủ bien so thanh phố xe nhà xài kĩ,0,1,0,0,0,1,0,94694666.66666667,-34694666.66666667
7900000.0,8.5 tr,9.98 tr,Yamaha,Jupiter,69000,Xe số,100 - 175 cc,Không rõ,19,3450.0,jupiter gravita 207 máy thái máy zin êm ru xe chất cần bán chiếc jupiter gravita 2007 số khung số máy trùng nhau máy nhập thái chạy siêu bền theo thời gian máy zin êm ru bao chạy nhẹ luôn ạ tất cả chức năng full hoạt động tốt ai cần xe chạy đi làm liên hệ mình nha biển số sài gòn cavet đầy đủ hợp lệ bao tranh chấp toàn quốc photo cccd của mình mua bán tại nhà yên tâm xin cảm ơn,0,0,0,0,0,1,0,5990042.907647533,1909957.0923524667
11500000.0,11.54 tr,13.55 tr,Honda,Blade,300000,Tay ga,100 - 175 cc,Việt Nam,16,17647.058823529413,dư dùng cần bán xe như hình xe chính chủ dư dùng cần bán xe như hình xe chính chut,0,0,0,0,0,0,1,10532719.76354196,967280.2364580408
6999999.0,41.82 tr,49.09 tr,Suzuki,GN,50000,Tay côn/Moto,100 - 175 cc,Nước khác,6,7142.857142857143,xe gn125 xe máy còn êm giấy tờ đầy đủ cần liên hệ có bớt ạ zalo,0,0,0,0,0,0,0,25086929.423890557,-18086930.423890557
4000000.0,9.94 tr,11.66 tr,Ducati,Dòng khác,999,Tay côn/Moto,50 - 100 cc,Trung Quốc,6,142.71428571428572,ducati mini máy bốc xe cứng xe êm máy bốc dàn chân trắc k có nhu cầu sử dụng chia lại ae,0,0,0,0,0,0,0,22630323.001634415,-18630323.001634415
3100000.0,13.8 tr,16.21 tr,Honda,Dream,36700,Xe số,100 - 175 cc,Đài Loan,22,1595.6521739130435,xe máy êm cực kỳ cần bán xe máy êm cực kỳ bình để đẩy đủ giấy tờ đầy đủ anh em mua hay trao đổi với nhau hãy gọi điện thoại cho chú,0,0,0,0,0,0,0,9839905.953622174,-6739905.9536221735
32000000.0,35.7 tr,41.9 tr,Piaggio,Vespa,39000,Tay ga,100 - 175 cc,Không rõ,9,3900.0,vespa primavera 2017 đen bs chính chủ anh em nào đang cần một chiếc xe chạy ngon giá hợp lý thì tham khảo ngay em này nhé xe nhà đi kỹ giữ gìn cẩn thận giờ muốn nhượng lại cho người có nhu cầu dòng xe vespa primavera biển số biển tỉnh giấy tờ chính chủ odo 39 000 chạy nhẹ nhàng ít hao xăng màu sắc đen tình trạng máy móc nguyên zin nổ êm chạy bốc xe chưa từng tai nạn chưa ngập nước biển số chính chủ giấy tờ đầy đủ công chứng ngay mình ở q7 sài gòn mình chỉ bán trực tiếp làm giấy tờ mua bán không làm uỷ quyền cảm ơn mọi người,0,1,0,0,0,1,1,36469569.875778005,-4469569.8757780045
7800000.0,6.84 tr,8.03 tr,Piaggio,Liberty,23000,Tay ga,100 - 175 cc,Việt Nam,14,1533.3333333333333,xe piaggo lyberty trắng bản 2014 hỗ trợ sang tên xe lyberty 2012 biển thành phố odo 23000km tình trạng xe như hình chạy mượt mà hỗ trợ sang tên giấy tờ cần liên hệ qua sdt dưới đây ạ,0,0,0,0,0,0,0,8631803.267867792,-831803.2678677924
13300000.0,14.27 tr,16.75 tr,Honda,Future,300000,Xe số,100 - 175 cc,Việt Nam,24,12000.0,bán xe future 110 dư dùng cần bán xe future 110 đời 202 đã dọn mới nguyên xe xe thích cho ae vê đi chợ đi làm hay đi học xe chính chủ bs q8 tphcm hình ảnh kèm theo là ảnh thật ae thiện chí lh trực tiếp xem xe ở p15 q8 cảm ơn,0,0,0,0,0,0,1,13897487.147316422,-597487.1473164223
9500000.0,10.02 tr,11.76 tr,Honda,Air Blade,35000,Tay ga,100 - 175 cc,Nhật Bản,15,2187.5,chính chủ bán xe abl 2011 fi xe nhà chính chủ ít chạy máy zin xe chạy mạnh êm ko hao xăng,0,0,0,0,0,1,1,11695144.267199354,-2195144.2671993542
25000000.0,,,CR&S,Dòng khác,11000,Tay côn/Moto,100 - 175 cc,Việt Nam,6,1571.428571428571,mô tô r15v3 xe nguyên rin thơm phức giấy tờ hợp lệ chia sẻ cho anh em đam mê mô tô giá quá quá hời anh em nào mua đi bán lại vẫn ổn máy móc êm ru odo chỉ mới hơn 11ngàn cây bs vũng tàu,0,0,0,0,0,0,0,26314247.811659478,-1314247.8116594777
8500000.0,6.1 tr,7.16 tr,Honda,Lead,6789,Tay ga,100 - 175 cc,Việt Nam,17,377.1666666666667,cần bán xe honda lead chính hãng cần bán xe honda lead chính chủ ký giấy 1 nốt nhạc tình trạng xe máy êm ru mọi chức năng hoạt động tốt anh em thiện chí bớt chút cafe giao lưu ai nhắn tin xin né giùm em,0,1,0,0,0,0,1,10518068.871871416,-2018068.8718714155
13500000.0,10.56 tr,12.4 tr,Suzuki,Raider,56000,Tay côn/Moto,100 - 175 cc,Nhật Bản,10,5090.909090909091,bán gấp raider 150cc bao tranh chấp 13tr5 ae đam mê dòng này thổi máy binh chế độ kiểng bao đẹp tự do chế độ theo ý mình rẻ tiền dễ chơi bao phê tốc độ làm chủ cuộc chơi e nói vậy thôi máy rin nha ae ae ai cần liên hệ á cám ơn ad duyệt bài ạ giấy tờ đầy đủ giá rẻ bao tranh chấp suzuki nhật bản,0,1,0,0,0,0,0,13319601.46603949,180398.53396051005
22000000.0,18.91 tr,22.2 tr,Honda,PS,40800,Tay ga,100 - 175 cc,Nước khác,18,2147.368421052632,bán xe tay ga ps 150i đời 2008 màu trắng bán xe tay ga ps 150i đời 2008 màu trắng như hình chính chủ sang tên 1 nốt nhạc anh chị có nhu cầu alo em ạ,0,0,0,0,0,0,1,10779333.061132824,11220666.938867176
11500000.0,5.52 tr,6.48 tr,Piaggio,Vespa,40000,Tay ga,100 - 175 cc,Nước khác,18,2105.2631578947367,cần bán xe piaggio 2008 xe có giấy tờ đầy đủ xe rất ít đi và dư xe nên để lại ai cần lh ạ,0,0,0,0,0,0,0,8366945.270006564,3133054.7299934356
8600000.0,6.76 tr,7.94 tr,Honda,Wave,39000,Xe số,100 - 175 cc,Nhật Bản,15,2437.5,ít chạy cần bán xe wave s110 zin xe wave s110 bs tp hcm để nhà ít chạy cần bán máy móc nguyên zin chưa bung mở dàn áo còn mới 90 giấy tờ đầy đủ bao ủy quyền anh chị nào cần qua xem xe thoải mái,0,0,0,0,0,1,0,9994602.9822984,-1394602.9822984003
23000000.0,17.63 tr,20.69 tr,Honda,Winner X,55000,Tay côn/Moto,100 - 175 cc,Việt Nam,5,9166.666666666666,winnerx đen nhám abs 2021 v2 up v3 zin 100 winnerx v2 2021 zin 100 bản đặc biệt đen nhám có abs odo 55000 km biển số lâm đồng xe chính chủ máy móc còn êm zin chưa bung 1 đã up full dàn áo v3 và dán keo trong áo up trước tết còn rất mới 2 có gắn che két nước bảo vệ 3 có gắn mạch cảm biến tắt đèn đèn đi ban ngày tự động tắt vào khu vực tối sẽ tự mở có thể tắt mở thủ công bằng cách nhấn passing 3 lần 4 có lên smartkey chính hãng honda của sh ổ khoá zin vẫn còn 5 có cần số 2 chiều x1r cần số zin vẫn còn 6 có cảng rocket tránh móc váy bạn gái cảng zin vẫn còn 7 có pat tăng sên âm đẹp và tránh trầy gắp khi siết ốc pat tăng sên zin vẫn còn 8 pô zin có gắn ốp pô thái ốp pô zin vẫn còn giữ,0,0,1,1,0,1,1,21795442.370907523,1204557.6290924773
10300000.0,11.03 tr,12.95 tr,Honda,Dream,12345,Xe số,50 - 100 cc,Nhật Bản,34,352.7142857142857,dream lùn mái zin dream lùn mái zin êm thì thầm giấy tờ hợp lệ bao tranh chanh chấp trọn đời dàn áo zin theo năm tháng còn chắc chắn sườn còn rất đẹp ko mục fix xăng bản số dể thương xe thái ae mến alo nha cảm ơn chợ tốt duyệt tin,0,0,0,0,0,1,0,14205883.858535789,-3905883.858535789
7500000.0,5.33 tr,6.25 tr,Honda,@,300000,Xe số,50 - 100 cc,Không rõ,20,14285.714285714286,wave xe như hình giấy tờ đầy đủ bstp may moc zin ai cần liên hệ xem xe cầu vuot linh xuân,0,0,0,0,0,1,0,10784972.2897519,-3284972.2897519004
12000000.0,13.83 tr,16.24 tr,Honda,Air Blade,50000,Tay ga,100 - 175 cc,Nhật Bản,13,3571.428571428572,bán ab125 đời 2013 cần bán xe ab125 đời 2013 biển cần thơ ko chính chủ bao tranh chấp xe máy êm đầy đủ chức năng full,0,0,0,0,0,0,1,10884711.366280494,1115288.6337195057
14999999.0,12.27 tr,14.4 tr,Honda,Vision,62000,Tay ga,100 - 175 cc,Việt Nam,12,4769.2307692307695,bán xe vision trắng đời 2014 nữ chạy xe còn mới chạy tốt nữ chạy đi làm xe tay ga màu trắng trinh nguyên chính hãng honda bảo dưỡng thường xuyên mua năm 2014 xe chính chủ bản số xe thành phố 59 địa chỉ bán hương lộ 3 bình tân tìm người hữu duyên,0,0,0,0,0,0,1,13528190.42039903,1471808.5796009693
17200000.0,14.19 tr,16.66 tr,Honda,Wave,1760,Xe số,100 - 175 cc,Không rõ,3,440.0,bán xe wave 2023 bạn nào có ý định mua xe mới mua xe này đỡ được 6tr,0,1,0,0,0,0,0,16777057.128738461,422942.87126153894
7800000.0,14.49 tr,17.01 tr,Honda,Winner,50000,Tay côn/Moto,100 - 175 cc,Không rõ,8,5555.555555555556,winner v1 winner v1 2018 k jấy k cà dẹt xe máy êm zin ngoại hinh ổn áp khu vực sg,0,0,0,0,0,1,0,15515454.913903622,-7715454.913903622
6600000.0,6.06 tr,7.11 tr,Honda,Wave,39000,Tay ga,100 - 175 cc,Không rõ,16,2294.1176470588234,wave rsx at tay ga hàng hiếm xe rất chất zin đét hàng hiếm khó tìm trên thị trường ạ xe rất đẹp khỏi bàn xe kỉ niệm gắn bó từ rất lâu nay chia lại cho công nhân sinh viên đi làm rất tiện về mọi mặt vì là tay ga wave rsx at tay ga đời 2010 bstp giấy tờ đầy đủ hợp lệ hệ thống phun xăng điện tử siêu tiết kiệm xăng luôn xe zin đét từ cục máy ra tới nước sôn dàn chân và áo zin hết máy móc chưa đụng chạm tới bao zin nha êm ru thì thầm máy chất bao chạy ạ chất xe mộc chưa sơn sữa spa nên mọi người qua là ưng bụng ngay bao chạy thử giá này sao phải đi kiếm xe dập hay xe trung quốc mà mua nè xem xe trực tiếp tại nhà quận 12 ạ cần người thiện chí e cảm ơn,0,0,0,0,0,1,0,10156586.113028951,-3556586.113028951
52000000.0,60.06 tr,70.5 tr,Piaggio,Sprint,27000,Tay ga,100 - 175 cc,Việt Nam,4,5400.0,sprint vàng đen dư dùng nên bán sprint vàng đen còn rất mới sx 2019 đăng ký 2022 chính chủ công chứng trong ngày,0,1,0,0,0,0,1,61514801.48323419,-9514801.48323419
24000000.0,22.62 tr,26.56 tr,Yamaha,Exciter,30000,Tay côn/Moto,100 - 175 cc,Việt Nam,6,4285.714285714285,dư dùng cần bán xe đi dân quân xe đang đứng uỷ quyền công chứng sang tên hoặc uỷ quyền đều được ae cò lái né bài này dùm mình nha ex150 date 2020 chưa rớt máy bstp 59v3 05412 xe chăm sóc định kì nhớt nhao thay đầy đủ xe mình cá nhân chạy chủ yếu chạy đi dân quân bán tại nhà yên tâm uy tín không sợ bất kỳ vấn đề gì có bớt cho ace thiện chí tới xem mua mau lẹ lh 0 siu siu siu six 33 năm one 2 zálo and call,0,0,0,0,0,1,0,24738215.644072805,-738215.6440728046
24000000.0,21.77 tr,25.55 tr,Honda,Vision,33400,Tay ga,100 - 175 cc,Việt Nam,6,4771.428571428572,honda vision 2020 xe sử dụng được 5năm máy chạy ổn xem và mua xe tại nơi bán,0,0,0,0,0,0,0,24022753.49643819,-22753.49643819034
180000000.0,165.6 tr,194.4 tr,Triumph,Dòng_Khác,130,Tay côn/Moto,Trên 175 cc,Đức,1,65.0,xe triump scrambler 400x lướt 65km 5 tháng 1 chủ xe triumph scrambler lướt mới mua vài tháng do bận việc mua xong treo không đã vài tháng nên cần bán xe để đi cf odo 65km chỉ đi bấm biển ra tên rồi về sau cn vừa lên 200km xe chính chủ tại sg đăng ký tại sg chỉ ký sang tên không muốn ký uỷ quyền giá 180 000 000 vẫn còn quà tặng 1 500 000 quy ra đồ tặng từ hãng mình chưa lấy xem xe tân phú hoặc thảo điền hoặc full map sg,0,1,0,0,0,0,1,129933278.36940837,50066721.63059163
9900000.0,14.16 tr,16.63 tr,Honda,Future,15,Xe số,100 - 175 cc,Nhật Bản,26,0.5555555555555556,future 2000 xe đẹp máy êm nhà chật cần bán bớt xe future đời 2000 màu đỏ rất đẹp đồ zin còn nhiều xe 4 số nữ sử dụng mọi chức năng còn hoạt động tốt dàn chân sạch đẹp ko sàng lắc dòng xe này máy rất ngon siêu bền tiết kiệm xăng phù hợp đi làm đi học chở hàng shiper xe đẹp máy êm mua về sử dụng liền mua bán tại nhà kv tân bình cảm ơn bạn đã xem tin cảm ơn ad duyệt bài dùm mình,0,0,0,0,0,1,0,14799285.84699893,-4899285.84699893
18400000.0,16.51 tr,19.38 tr,Honda,Winner X,20,Tay côn/Moto,100 - 175 cc,Không rõ,7,2.5,hond winner em đi làm công nhân ít đi zin 100 em về quê lo công việc cho bà ngoại cần tiền nên bán gấp xe có đầy đủ chức năng máy chưa sửa gì cho người mua đưa ra hãng kiểm tra thật lòng có sao em nói vậy máy rất mạnh chạy vọt và êm có đầy đủ giấy tờ có giấy ủy quyền của chủ cũ chưa sang qua tên em vì họ7 về quê chưa biết khi nào vào sài gòn có căn cước của chủ xe có giấy tờ cà vẹt đầy đủ xe em đang đi mỗi ngày mua về chỉ việc đi thôi mọi chức năng hoạt động tốt ai cần mua lại xe em thì gọi ạ,0,0,0,0,0,1,0,24384812.462338164,-5984812.462338164
12000000.0,11.94 tr,14.02 tr,SYM,Wolf,99999,Tay côn/Moto,100 - 175 cc,Đài Loan,15,6249.9375,sym wolf biển số sg 09c xe full chức năng đang sử dụng đi làm hang ngày máy êm thì thầm đề nhẹ là nổ đã lên 2 bánh lớn ghi đông cao đi lại dàn điện thay bugi nsd mới xe hợp pháp giấy tờ đầy đủ bao tranh chấp pháp lý rõ ràng check gốc ai quan tâm alo mình nha,0,1,0,0,0,0,0,13383647.764405059,-1383647.7644050587
12600000.0,8.99 tr,10.56 tr,Honda,Air Blade,77000,Tay ga,100 - 175 cc,Việt Nam,14,5133.333333333333,xe tay ga honda ab 2012 đầu bò bstp 9c ab 2012 dọn kiểng lên ít đồ pô vario k60 mâm enkei phuộc rcb 3b dầu pha led trắng che két ab110,0,0,0,0,0,0,0,10023035.676723117,2576964.323276883
4000000.0,8.66 tr,10.17 tr,Honda,Air Blade,300000,Tay ga,100 - 175 cc,Nhật Bản,17,16666.666666666668,cần bán xe cho khoi chât nhà minh có chiếc xe cần ban xe chính chủ đi bảo dưỡng thường xuyên vẫn còn rất tôt mình mới thay dầu nhơt bảo trì về sãn đi ko phải sửa chữa xe giấy tờ đầy đủ,0,0,0,0,0,0,1,10543590.193535866,-6543590.193535866
13000000.0,10.05 tr,11.8 tr,Yamaha,Dòng khác,123456,Tay côn/Moto,100 - 175 cc,Việt Nam,12,9496.615384615385,bán ex135 xe đẹp bán nhanh ẽ 135 máy móc zin tung con ốc bao tes,0,0,0,0,0,1,0,12235123.682284087,764876.317715913
15500000.0,9.95 tr,11.68 tr,Honda,Wave,68000,Xe số,100 - 175 cc,Nhật Bản,24,2720.0,wave a lốc đen để lại chiếc wave alpha cho ae có nhu cầu xe đẹp mới cứng chưa rớt đầu xe chính chủ giấy tờ đầy đủ mua về là chạy ae thiện chí gọi điện giúp mình,0,0,0,0,0,1,1,12064308.319279958,3435691.6807200424
19500000.0,13.86 tr,16.27 tr,Yamaha,Exciter,70000,Tay côn/Moto,100 - 175 cc,Việt Nam,12,5384.615384615385,exciter 135 dọn kiểng full mới bs tỉnh chính chủ exciter 135cc dọn kiểng full mới đèn 2 tầng zhipat khói chính hãng cặp vỏ michelin city grip pro mới 80 90 17 vs 100 80 17 cặp tay thắng mới cùm nvx mới dàn áo zin mới xé bịch mâm cảng phuộc lốc gắp sơn đen bóng tem zin mới acquy mới mặt đồng hồ mới bọc yên mới ốp pô mới bao tay x1r mới phuộc rcb eb2 đã bảo dưỡng full về là chạy biển quảng trị 9 nút xe chính chủ ký bán hoặc uỷ quyền còn đủ 2 chìa khoá,0,1,0,0,0,1,1,14307067.29067855,5192932.70932145
25000000.0,19.81 tr,23.26 tr,Yamaha,Exciter,26204,Tay côn/Moto,100 - 175 cc,Nước khác,7,3275.5,xe zin chin xe mxking xe bao zin chin chů xem xe tại tp,0,0,0,0,0,1,0,24330105.37455978,669894.6254402213
28000000.0,26.31 tr,30.89 tr,Honda,Vision,4169,Tay ga,100 - 175 cc,Việt Nam,4,833.8,bán xe vision tìm người thương cho e nó cầm đồ thanh lý mua bán tại cửa hàng không qua trung gian cm chủ,0,1,0,0,0,0,0,28190189.89242461,-190189.8924246095
23000000.0,17.08 tr,20.05 tr,Honda,Winner X,28000,Tay côn/Moto,100 - 175 cc,Việt Nam,6,4000.0,bán xe winner x bản cao nhất năm 2020 bán xe winner x 2020 bản cao xe mới chạy 28000km xe còn mới và mới bảo dưỡng đầy đủ thay nhông sên đĩa cho người mới sử dụng liên hệ luật sư sơn,0,0,0,0,0,0,0,20924419.54854407,2075580.4514559284
2200000.0,6.99 tr,8.21 tr,Honda,Wave,25000,Xe số,100 - 175 cc,Nước khác,14,1666.6666666666667,thanh lý xe wave bán wave máy êm mạnh đề nhẹ là nổ full chức năng dàn áo liền lạc giá này anh em tự hiểu chạy ít hao xăng ai cần nhắn tin tiếp người thiện chí mua thực sự cò lái tha giùm em thank chợ tốt duyệt tin,0,1,0,0,0,0,0,8081491.588051047,-5881491.588051047
6500000.0,6.9 tr,8.1 tr,Suzuki,Axelo,56789,Tay côn/Moto,100 - 175 cc,Không rõ,13,4056.357142857143,suzuki axelo 125 nhà dư xe cần bán chiếc xe như hình giá rẻ cho anh em đi làm máy móc cực bốc giấy tờ đầy đủ không chính chủ anh em quan tâm liên hệ em không có thời gian rep tn ạk,0,0,0,0,0,0,1,13689786.787846874,-7189786.787846874
28500000.0,27.65 tr,32.46 tr,Honda,SH Mode,70000,Tay ga,100 - 175 cc,Việt Nam,11,5833.333333333333,sh mode bstp chính chủ cần bán chiếc xe sh mode biển thành phố chính chủ xe đầy đủ chức năng mua về chỉ đổ xăng chạy thôi ạ anh chị em cần thì liên hệ em nhé giá 28tr500 có bớt chút lộc cho anh chị thiện chí ạ,0,0,0,0,0,0,1,31435655.6365433,-2935655.6365433
37500000.0,41.13 tr,48.28 tr,Honda,PCX,28000,Tay ga,100 - 175 cc,Việt Nam,7,3500.0,bán chiếc pcx 150 còn mới 95 máy móc cực kì êm biển số thành phố giấy tờ đầy đủ không chính chủ mua bán bao tranh chấp không trộm cắp,0,0,0,0,0,0,1,42078237.48215305,-4578237.482153051
7500000.0,9.51 tr,11.16 tr,Honda,Blade,55000,Xe số,100 - 175 cc,Nhật Bản,9,5500.0,cần ra đi xe dư mái im ru 9 chủ sang tên can ib em cần ra di xe 9 chủ sang tên nha xe máy im ru giá rẻ tại dư k ai chạy mất dàn áo trước mội thứ ok hết bao thợ test ok lay nếu o xa bớt tiền xăng cho anh e,0,0,0,0,0,0,0,9784058.447802164,-2284058.4478021637
35000000.0,30.13 tr,35.37 tr,Honda,Vario,67000,Tay ga,100 - 175 cc,Nước khác,7,8375.0,bán xe vario 150 2019 xe đang sử dụng bảo dưởng chính hãng máy xe gin,0,0,0,0,0,0,0,34779323.45517019,220676.54482980818
9300000.0,7.57 tr,8.89 tr,Honda,Air Blade,35000,Tay ga,100 - 175 cc,Việt Nam,18,1842.1052631578948,xe ab 2008 biển sg xăng cơ dàn áo keng xe mới làm lại máy ngon lành hết 3tr3 do kẹt quá em chưa lấy được ae có mua em dẫn tới chỗ sửa xe bên gò vấp lấy nhé xe có cavet,0,0,0,0,0,0,0,9974666.19507751,-674666.1950775106
12000000.0,6.5 tr,7.63 tr,Yamaha,Nouvo,46000,Tay ga,100 - 175 cc,Việt Nam,9,4600.0,nouvo6 biển tp gtdd xe nouvo 6 đi được 46000km xe máy êm ru,0,0,0,0,0,0,0,8436532.90435672,3563467.09564328
90000000.0,75.95 tr,89.16 tr,Honda,SH,4800,Tay ga,100 - 175 cc,Việt Nam,2,1600.0,xe sh 160 cbs em cần bán chiếc sh160 cbs ích chạy xe mới như hình xe mua duoc 1 năm đã dán keo rồi bán tại nhà cho người cần thiện trí xem nha 1 đời chủ bớt nhẹ,0,0,0,0,0,0,0,79854285.24236351,10145714.757636487
29000000.0,8.99 tr,10.55 tr,Hãng khác,Dòng khác,2216,Tay côn/Moto,100 - 175 cc,Việt Nam,7,277.0,winner x honda abs 98 zin toàn bộ chính chủ cần bán winner x đời 2019 bản phanh abs xe đi kỹ máy zin chưa rớt đầu chưa một ngày độ chế giấy tờ đầy đủ sang tên trong vòng 1 nốt nhạc odo chuẩn 2x xxx km bao check ngoại hình mới 98 ko trầy đặc biệt xe chạy cực bốc đề phát ăn liền ngon cho anh em cần xe đi làm chạy tour hoặc muốn đổi gió mà không đốt ví giá chốt nhanh 2x triệu bớt lộc cho người thật sự thiện chí liên hệ ngay zalo inbox xem xe tại q3 hcm gom 2x củ lấy liền chiến mã chậm là mất,0,0,1,0,0,1,1,27863620.243332975,1136379.7566670254
4000000.0,3.92 tr,4.6 tr,Hãng khác,Dòng khác,6282,Tay côn/Moto,50 - 100 cc,Trung Quốc,15,392.625,xe máy dư xe bán bớt ai có thiện chí muốn mua không bớt đừng trả giá,0,0,0,0,0,0,0,11148126.588980056,-7148126.588980056
7000000.0,6.47 tr,7.59 tr,Yamaha,Mio,32000,Tay ga,100 - 175 cc,Việt Nam,15,2000.0,xe nhà ít đi xe đưa cháu vào ở trong nam k đi nữa xe tự lúc mua tới giờ chỉ dung km vo xe còn nguyên bản máy din chất bán bao tranh chấp có po cccd chủ xe xe trum mền một chỗ thì nhiều máy nô êm như xe điện,0,0,0,0,0,1,0,5925648.969486007,1074351.0305139935
67000000.0,58.13 tr,68.25 tr,Honda,SH,28000,Tay ga,Đang cập nhật,Bảo hành hãng,8,3111.1111111111118,sh 150abs siêu zin chính chủ sử dụng chính hãng chính chủ dư dùng bán sh 150 phanh abs trước sau xe nguyên zin toàn bộ mới lột keo không trầy xước màu sơn zin xe bao chưa từng sửa chữa máy móc zin toàn bộ không độ chế xe do quá ít đi nên bán cho người yêu dòng xe và có nhu cầu tất cả thông tin là chính chủ chất lượng xe đáng tin hoàn toàn chỉ việc chạy về và hưởng thụ em đi rất giữ gìn nên đảm bảo khác biệt với xe chợ dòng xe này dáng rất đẹp và thanh lịch sang trọng em chạy otô nên lâu lắm không dùng đến cảm ơn ace đã coi tin và ủng hộ,0,0,1,0,0,1,1,64324097.88359788,2675902.1164021194
24500000.0,15.94 tr,18.72 tr,Yamaha,Exciter,99999,Xe số,100 - 175 cc,Việt Nam,15,6249.9375,1s9a ctd 62sph 1s9a bs93 giao cmc máy 62sph đầu redleo lòng fasstek tay dên uma ic redleo bx redleo ga dẹp pô zin móc 62 đít zin êm như chó chết ngoại hình chân cẵng sạch sẽ leng keng giá em bán 24tr500 ae ngay hệ alo em,0,0,0,0,0,1,0,19377613.42104177,5122386.578958228
37000000.0,29.9 tr,35.1 tr,Honda,Air Blade,8000,Tay ga,100 - 175 cc,Việt Nam,6,1142.857142857143,air blade lướt odo 8000km bstp 9c xe nhà ít đi nên bán xe chính chủ odo 8000km bao chuẩn xe zin 100 bảo dưỡng hãng định kì,0,0,0,0,0,1,1,33732460.220335506,3267539.779664494
5500000.0,3.72 tr,4.36 tr,Honda,Cub,9999,Xe số,Dưới 50 cc,Việt Nam,38,256.38461538461536,cub 50cc làm 70cc nhẹ xe máy mới làm cup 50cc làm nhẹ 70cc nhẹ xe máy kêu về canh cò lại xe hiện dư xăng về anh em canh xăng lại là ok có giấy tờ sk bị mờ nha anh em 5tr5 anh em nào có nhu cầu hú em khu vực củ chi,0,0,0,0,0,0,0,9853784.709237091,-4353784.709237091
25000000.0,13.82 tr,16.22 tr,Yamaha,Exciter,28000,Xe số,100 - 175 cc,Việt Nam,14,1866.6666666666667,exciter 1s9a 2012 biển 63 xác xe còn rất đẹp đầu nồi chưa rớt ranty thì thầm pô zin hãng nổ nghe tốc tốc phê cái lỗ tai ae lưu ý nha xe được dọn lên từ xác xe cọp đầu nồi chưa rớt ốc tán sáng đẹp không phải xe nát dọn lên nên ae đừng so sánh tiền nào của đó thôi tiền dọn đã 15tr chưa tính xác xe 1s9a nếu đẹp đầu nồi chưa rớt thì cũng 20tr mình bán 25tr ae nào thiện chí mua còn bớt lưu ý xe mình không chính chủ mua bán tại nhà nha cavet zin sk sm zin không đục tháp bao tranh cho ae yên tâm mua chạy cafe chở gái đi dạo phong bạc với thiên hạ,0,1,0,0,0,1,1,22723170.353918694,2276829.646081306
68000000.0,62.14 tr,72.95 tr,Honda,SH,19000,Tay ga,100 - 175 cc,Việt Nam,7,2375.0,bán xe sh 150 cbs xe mới nguyên giá 68 triệu bán xe sh 150 cbs 68 triệu xuất xứ việt nam xe con gái đi vẫn mới y như trong ảnh xe chính chủ lh,0,0,0,0,0,0,1,71864020.60380179,-3864020.603801787
6500000.0,6.92 tr,8.13 tr,Yamaha,Mio,120000,Tay ga,50 - 100 cc,Việt Nam,14,8000.0,ai quan tâm ib hoac gọi có bớt lọc ai lại xem xe xe còn chạy khá im máy móc chua thây con zin đổ xăng chạy thoi giấy tờ dầy đủ,0,0,0,0,0,1,0,5925648.969486007,574351.0305139935
16000000.0,14.31 tr,16.8 tr,Honda,Wave,31000,Xe số,100 - 175 cc,Việt Nam,4,6200.0,cần bán xe wave 2022 có fix cho ae lấy nhanh xe đã đi được 3100km tình trạng xe còn mới không đâm đụng giấy tờ sang tên nhanh gọn do nhà dư xe nên cần bán có fix cho ae lấy nhanh,0,0,0,0,0,0,0,15744616.771005923,255383.22899407707
12000000.0,9.06 tr,10.64 tr,Honda,Air Blade,50000,Tay ga,100 - 175 cc,Việt Nam,14,3333.333333333333,ab đầu bò máy êm gtdd ab đầu bò máy êm xe giấy tờ đầy đủ hỗ trợ góp bao nợ xấu trả trước 5tr nhận xe anh chị em cần nhắn em tư vấn nhé zalo,0,0,0,0,0,0,0,10023035.676723117,1976964.323276883
9000000.0,8.64 tr,10.15 tr,Honda,Blade,50000,Xe số,100 - 175 cc,Nhật Bản,10,4545.454545454545,wave blade 110 ngon cho anh em đi làm đi học xe êm máy ngon giá rẻ cho anh em đi làm đi học,0,0,0,0,0,0,0,9727037.181442583,-727037.181442583
7000000.0,10.01 tr,11.75 tr,Piaggio,Vespa,50000,Tay ga,100 - 175 cc,Việt Nam,13,3571.428571428572,có thể thương lượng mua xe cũ nên có thể xem liên hệ zalo để nt rõ hơn,0,0,0,0,0,0,0,8256184.757870946,-1256184.757870946
13000000.0,15.19 tr,17.83 tr,Honda,Air Blade,75000,Tay ga,100 - 175 cc,Việt Nam,12,5769.2307692307695,xe ab 125 đời 2014 màu đen xe không chính chủ dư xe chạy nên mình cần bán xe air blade 2 mắt cú đời 2014 xe không chính chủ nha giá bán 15 triệu giảm nhẹ cho ae tới xem địa chỉ coi xe đường tth13 phường tân thới hiệp quận 12 sđt,0,0,0,0,0,0,1,13552995.264342051,-552995.264342051
20000000.0,3.44 tr,4.04 tr,Hãng khác,Dòng khác,40000,Xe số,100 - 175 cc,Việt Nam,23,1666.6666666666667,wave 2002 zin từ a đến z sdt cần bán 1 con wave alpha xanh 202 xe zin từ a đến z gtdd bso tp gia 20tr,0,0,0,0,0,1,0,5686278.258243185,14313721.741756815
7600000.0,6.13 tr,7.2 tr,Yamaha,Nouvo,12122,Tay ga,100 - 175 cc,Nhật Bản,13,865.8571428571429,nhà dư novo5 fi chùm mền mới nguyên rin nguyên bản xe gia đình dư ít sử dụng chỉ chùm mền còn mới nguyên rin nguyên bản máy cực kỳ im không có1 lỗi lầm gì còn mới tới 99 xe fi phun xăng điện tử chạy cực kỳ đỡ xăng mọi thứ đầy đủ giấy tờ đầy đủ biển số tphcm mọi người ai có thiện chí mua thì phải xem xe trực tiếp để biết đúng chất lượng xe tiền đâu thì của đó giá còn bớt khi xem xe chưa xem thì đừng hỏi bớt xin cảm ơn,0,0,0,0,0,1,0,6139431.183696672,1460568.8163033277
18000000.0,16.31 tr,19.14 tr,Honda,Wave,12000,Xe số,50 - 100 cc,Việt Nam,2,4000.0,wave xe mới mua tháng 12 năm 2024 cần bán giá 18 triệu,0,0,0,0,0,0,0,14801723.530271979,3198276.469728021
3500000.0,3.92 tr,4.6 tr,Hãng khác,Dòng khác,300000,Xe số,50 - 100 cc,Trung Quốc,20,14285.714285714286,dream màu nho nhà du dùng cần bán chiếc xe như hình chỉ việc do xăng chạy thoi,0,0,0,0,0,0,0,5026401.792484675,-1526401.7924846746
58800000.0,57.96 tr,68.03 tr,Honda,SH,12000,Tay ga,100 - 175 cc,Việt Nam,8,1333.3333333333333,cần bán sh 125 2018 bstp 9 chủ xe đẹp đi ít cần bán chiếc xe sh 125i đời 2018 xe biển số thành phố 9chủ bao công chứng ký giấy sang tên liền cho người mua xe nhà đi ít odo đi 12 000km dàn áo dán keo vừa mới lột như mới không 1 vết trầy xe động cơ 125cc fi tiết kiệm xăng máy móc êm zin 100 chưa đụng chạm gì bên trong máy hết cặp vỏ còn theo xe 2 kiếng 2 chìa khóa zin theo xe còn đủ xe em đi kỹ thường xuyên thay nhớt bảo dưỡng định kỳ xe còn rất bốc chạy nhẹ rất đầm êm không sàn lắc gì hết giá cả ace thiện chí xem xe thương lượng em bớt lộc chứ xe rất đẹp em có nhận trao đổi xe tay ga khác như ab sh mode vision anh chị em có nhu cầu lh trực tiếp với em zalo,0,1,0,0,0,1,0,72043758.6080586,-13243758.608058602
28500000.0,24.11 tr,28.3 tr,Honda,Lead,12000,Tay ga,100 - 175 cc,Việt Nam,7,1500.0,lead 125 xe đẹp lắm bstp chính chủ do cần tiền e bán vision 2019 smart key dòng này thì máy ngon cực kỳ chưa mở đầu máy nguyên zin bstp ngay chủ xem xe tại ubnd f22 bình thạnh,0,0,0,0,0,1,1,29086079.123090085,-586079.1230900846
67500000.0,61.32 tr,71.98 tr,Yamaha,XSR,4156,Tay côn/Moto,100 - 175 cc,Không rõ,3,1039.0,xsr 155 2023 odo chuẩn 4000km yamaha xsr 155 xe màu bạc đen xe đklđ 2023 biển số sài gòn một chủ đập thùng sang tên ủy quyền đều được odo 4156 km bao chuẩn odo ạ máy móc nguyên zin ae check hãng thoải mái xe đã được bên em check và detailing sạch sẽ từ trong ra ngoài giá 6x tr ae có quan tâm cứ liên hệ em để biết thêm thông tin xe nha bảo hành 12 tháng cho ae chơi thoải mái 61 a hoàng văn thụ p15 phú nhuận tp hcm sđt em đạt ạ,0,0,0,0,0,1,0,66765617.38545454,734382.6145454571
26000000.0,19.81 tr,23.26 tr,Yamaha,Exciter,5900,Tay côn/Moto,100 - 175 cc,Nước khác,7,737.5,bán xe yamaha exciter mx king 2019 bstp mình cần bán xe yamaha exciter mx king xe nhập nguyên con indonesia đời xe 5 2019 màu sơn đỏ đen tem sơn airbush odo 5500km bao đúng số km tình trạng xe xe như mới như lúc đập thùng máy móc xe mới đi đúng 5500km nên máy rất mạnh và êm dàn áo xe không trầy nha hình ntn xe như vậy xe ngay 1 đời chủ mua bán ngay chủ ra công chứng mua bán hay uỷ quyền theo nhu cầu ae giá bán 26 000 000 sđt call or zalo đ c xem và mua 1 35 bình lợi f13 bình thạnh tp hcm,0,0,0,0,0,0,0,29396424.278976567,-3396424.278976567
35500000.0,34.12 tr,40.05 tr,Honda,Air Blade,26000,Tay ga,100 - 175 cc,Không rõ,4,5200.0,air blade cần tiền đi chơi lễ 30 4 1 5 nên cho ra đi em air blade đăng ký năm 2022 4 val xe chính chủ biển số thành phố xe nhà chạy ko bị lỗi gì giá 35 500 000 miễn trả giá,0,1,0,0,0,0,1,39131808.957095414,-3631808.9570954144
25000000.0,33.65 tr,39.5 tr,Honda,Air Blade,60883,Tay ga,Trên 175 cc,Việt Nam,4,12176.6,bán xe honda air blade 2022 xe đang chạy bảo dưởng xe năm 2023 ở ngã tư chung chánh hóc môn,0,0,0,0,0,0,0,30983352.5583579,-5983352.558357898
3800000.0,10.68 tr,12.54 tr,Honda,Wave,60000,Xe số,100 - 175 cc,Trung Quốc,21,2727.2727272727275,xe cần bán các loại xe bù trừ hợp lí xe đề đèn còi đầu đủ xe máy bóc êm ru nhượng lại cho anh chị em đi làm hoặc chở hàng xem xe trực tiếp q12,0,0,0,0,0,0,0,4414244.063278276,-614244.0632782755
10000000.0,10.9 tr,12.8 tr,Honda,Vision,0,Tay ga,50 - 100 cc,Việt Nam,13,0.0,cần bán xe xe máy zin bs tỉnh bao chanh chấp em bán tại nhà,0,0,0,0,0,1,0,11615133.895319669,-1615133.8953196686
21000000.0,10.08 tr,11.83 tr,Honda,Dream,45000,Xe số,100 - 175 cc,Việt Nam,10,4090.909090909091,cần bán dream super dream super 2016 uy quyèn lần 1 giao dịch quận 7,0,0,0,0,0,0,0,12327110.18819663,8672889.81180337
31000000.0,30.2 tr,35.45 tr,Honda,Vario,55000,Tay ga,100 - 175 cc,Nước khác,7,6875.0,cần bán xe vario 125 mình là chủ xe bs sg cần bán xe vario 125 mua tháng 10 2019 mình là chủ xe chưa mua bán bao giờ giấy tờ đầy đủ đã đổi sang cavet vàng sang tên nhanh chóng,0,0,0,0,0,0,0,34927092.62083799,-3927092.6208379865
1000000.0,11.52 tr,13.52 tr,Honda,Wave,100000,Xe số,50 - 100 cc,Việt Nam,22,4347.826086956522,xe wave bé xe cũ bán gấp cần bán xe wave bé xe đã sử dụng lợi xăng,0,0,0,0,0,0,0,9123597.397564337,-8123597.397564337
19000000.0,16.53 tr,19.41 tr,Honda,Lead,25000,Tay ga,100 - 175 cc,Việt Nam,10,2272.7272727272725,nâng đời bán xe hd lead chính chủ ít đi sơn máy nguyên bản miẽn tg,0,0,0,0,0,1,1,17309491.790082164,1690508.209917836
12500000.0,6.88 tr,8.07 tr,Honda,Click,30000,Tay ga,100 - 175 cc,Việt Nam,18,1578.9473684210527,click 110 xe bstp chính chủ mới bấm biển mới mình đứng tên sang tên uỷ quyền nhanh gọn không chờ đợi xe sạch sẽ máy êm ái không sàn lắc xe mới bảo dưỡng lại gần 2tr còn hoá đơn căm mới rút phuộc yss ốc salaya sương sương giá còn bớt,0,0,0,0,0,0,1,10532719.76354196,1967280.2364580408
24500000.0,20.8 tr,24.42 tr,Honda,Vision,23767,Tay ga,100 - 175 cc,Việt Nam,7,2970.875,honda vision 2019 bản đặt biệt smartkey chất xe keng máy êm tiết kiệm xăng tình trạng sơn 95 bao check odo lấy về chỉ việc đi hoặc dọn nhẹ theo sở thích ae xe chính chủ liên hệ xem cavet xem xe tại 6c lương thế vinh p tân thới hoà tân phú tp hcm p s fix cho ae thiện chí nhanh gọn,0,0,0,1,0,0,1,23941738.84461682,558261.1553831808
43800000.0,32.95 tr,38.68 tr,Honda,Vario,0,Tay ga,100 - 175 cc,Nước khác,4,0.0,bán xe vario đời 2022 có trả góp loại xe vario160 abs ae trả trước 60 xe lấy xe về chạy date 2022 màu sắc trắng odo 1 van bs 59p3 30426 cam kết máy móc nguyên zin bao chưa đụng chạm bất cứ thứ gì bảo hành máy móc 6th điện lửa sạc 3th bình acquy 1th hỗ trợ sang tên rút hồ sơ nếu quý khách có yêu cầu hỗ trợ trực tiếp cửa hàng hoặc qua ngân hàng mình bán chỉ 43 8000 000 vnd nhận giao lưu xe khác hỗ trợ vận chuyển cho ae các tỉnh,0,1,1,0,0,1,0,40075573.77000042,3724426.2299995795
19000000.0,14.53 tr,17.05 tr,Yamaha,Exciter,31000,Tay côn/Moto,100 - 175 cc,Nhật Bản,13,2214.285714285714,cần chia lại or giao lưu 135zin xuống áo 150 cấu hình hiện tại xe đang đi 62zz lòng redleo bình bông mai lọc trụ pô móc theo bài đã lên sạc lớn cùm nvx bóng led maracing mâm 5 cây rcb chính hãng gắp nhôm phuộc zin mới thay rổ alpi nhông sên dĩa mới thay vỏ maxxis đồng hồ báo volt gù carbon xịn máy móc êm ngọt ngào xe chính chủ vừa kí giấy mua bán xong giá có bớt nha có hỗ trợ chi phí rút gốc sang tên cho ae nt or zá lồ,0,0,0,0,0,1,1,18137154.867607363,862845.1323926374
60000000.0,49.74 tr,58.4 tr,Honda,CBR,24000,Tay côn/Moto,100 - 175 cc,Trung Quốc,5,4000.0,không còn dùng thường xuyên nên có nhu cầu bán xe xe chạy từ cuối năm 2021 luôn đi bảo trì bảo dưỡng định kỳ tại head,0,0,0,0,0,0,0,23375184.754638087,36624815.24536191
28000000.0,26.38 tr,30.97 tr,Suzuki,GSX,6900,Tay côn/Moto,100 - 175 cc,Nước khác,7,862.5,bán gsx 150r chính chủ odo dưới 7 000 km bán gsx 150r chính chủ odo dưới 7 000 km xe zin chính hãng đã gắn pô yoshimura chính hãng không pô zin giá cực tốt 2x triệu thương lượng liên hệ ngay mr nhân để sở hữu xe chất lượng với giá hời,0,0,0,0,0,1,1,28862729.57177279,-862729.5717727914
8000000.0,4.37 tr,5.13 tr,Piaggio,Fly,34000,Tay ga,100 - 175 cc,Nước khác,12,2615.3846153846152,xe piagigio fly của ý nữ chạy xe màu đỏ xe còn đẹp và chạy rất ngon thay nhớt định kỳ và giữ kỷ vì đổi xe mới nhỏ hơn nên bán xe còn đủ 2 chìa khoá và chính chủ sang tên nhanh trong ngày ai có nhu cầu liên hệ giảm thêm cho ai thiện chí vui lòng gọi đt vì m ít lên trang đến xem sẽ thích,0,1,0,0,0,0,1,15121774.56076614,-7121774.56076614
2300000.0,4.37 tr,5.13 tr,Hãng khác,Dòng khác,12345,Xe số,100 - 175 cc,Việt Nam,19,617.25,xe máy màu đỏ nhà mình có có cái xe máy có anh em nào cần thì alo sđt,0,0,0,0,0,0,0,5099424.728657351,-2799424.728657351
3000000.0,5.98 tr,7.02 tr,Yamaha,Luvias,200000,Tay ga,100 - 175 cc,Thái Lan,15,12500.0,mình đang bán lại luvias cho ae nào cần mua về mình bán giá rẻ cho ae mua về tại nhà giá rẻ ưu đãi gọi điện đến xem xe xe hơi kêu,0,0,0,0,0,0,0,6111280.963471871,-3111280.963471871
85000000.0,40.54 tr,47.59 tr,Honda,Vario,2500,Tay ga,100 - 175 cc,Nước khác,8,277.77777777777777,variro 2018 vàng cát od 2500km xe nhà trùm mền ít đi chính chủ công chứng uỷ uyền mua bán,0,0,0,0,0,0,1,41499318.44380839,43500681.55619161
52000000.0,46 tr,54 tr,Honda,ADV 150,32903,Tay ga,100 - 175 cc,Việt Nam,10,2991.181818181818,cần bán xe sh xe sh đã qua sử dụng các bạn có nhu cầu liên lạc số điện thoại,0,0,0,0,0,0,0,16820637.99895383,35179362.001046166
2500000.0,10.66 tr,12.52 tr,Honda,Dòng khác,30000,Xe số,Dưới 50 cc,Hàn Quốc,16,1764.7058823529412,c9n ko chay nua nen ban xe binh dễ day đủ máy em ko keu gi het,0,0,0,0,0,0,0,9364942.884780621,-6864942.884780621
5900000.0,6.22 tr,7.3 tr,Yamaha,Sirius,100000,Xe số,100 - 175 cc,Nhật Bản,17,5555.555555555556,can tien ban gap xe nhu hinh cần tiền bán gấp xe như hình máy móc im ru giấy tờ đầy đủ bs sg bán 5tr9 ai cần lh mình sdt,0,0,0,0,0,0,0,6100058.5421082135,-200058.54210821353
15800000.0,15.41 tr,18.09 tr,Yamaha,Grande,100000,Tay ga,100 - 175 cc,Nhật Bản,10,9090.90909090909,xe chính chủ mua sang tên liền xe chính chủ cần bán xe máy zin mua là đi ký giấy công chứng liền bạn nào cần alo trực tiếp dùm xin cảm ơn,0,1,0,0,0,1,1,14965986.4802554,834013.5197445992
15555555.0,14.31 tr,16.8 tr,Suzuki,Dòng khác,250401,Xe số,100 - 175 cc,Nhật Bản,19,12520.05,hết đam mê cần bán xe chính chủ zin chất nay cần bán ae mua hết có giá tốt,0,0,0,0,0,1,1,6868310.298777661,8687244.701222338
7500000.0,6.13 tr,7.2 tr,Yamaha,Sirius,16800,Xe số,100 - 175 cc,Việt Nam,18,884.2105263157895,bán gấp chiếc sirus ngon lành máy bao êm cần bán gấp xe đẹp sạch sẽ cứng cáp đề là nổ xe chính chủ giá 7tr5,0,0,0,0,0,0,1,7256850.022163009,243149.97783699073
21000000.0,,,Victory,Dòng khác,23000,Tay côn/Moto,100 - 175 cc,Trung Quốc,12,1769.2307692307693,hết đam mê cần nhượng lại cho ae tình trạng xe oke dàn ngoài 7 10 ở hình,0,0,0,0,0,0,0,12097906.717438685,8902093.282561315
40000000.0,40.61 tr,47.67 tr,Honda,SH,20000,Tay ga,100 - 175 cc,Nước khác,18,1052.6315789473683,sh ý 2008 xe đẹp máy bao êm xe rớt đầu đẹp chính chủ anh em nhắn tin lấy số điện thoại zalo,0,1,0,0,0,0,1,54955666.666666664,-14955666.666666664
18000000.0,12.59 tr,14.78 tr,Honda,Air Blade,50000,Tay ga,100 - 175 cc,Nhật Bản,16,2941.176470588235,do dư xe nên nhượng lại cho anh em xe mới dọn sạch sẽ từ trong ra ngoài anh em chỉ về đổ xăng là chạy,0,0,0,0,0,0,0,9985536.625071421,8014463.374928579
13500000.0,13.66 tr,16.04 tr,Yamaha,Exciter,20000,Tay côn/Moto,100 - 175 cc,Việt Nam,14,1333.3333333333333,ex xuống áo máy êm ru xe còn đẹp kiểng như hình cần thanh lý ex xuống áo 2010 máy êm ru xe kiểng đẹp như hình,0,1,0,0,0,0,0,13590290.266500305,-90290.26650030538
94000000.0,74.21 tr,87.11 tr,Honda,SH,8000,Tay ga,100 - 175 cc,Việt Nam,3,2000.0,sh160i abs abs xe còn mới chạy dc 8000km xám xe đẹp,0,0,1,0,0,0,0,84076058.1885263,9923941.811473697
81000000.0,,,Aprilia,Dòng_Khác,5000,Tay ga,100 - 175 cc,Việt Nam,3,1250.0,cần bán chiếc aprillia gt rs200 xe trùm mềm xe nhà trùm mềm chỉ đẩy ra đẩy vô nay phụ huynh lớn tuổi đẩy ko nỗi nữa nên mong e nó theo về với người thật lòng giá mong mún 89tr có bớt chút tiền xăng odo 5000km màu đỏ cam đẹp giờ kiếm không ra,0,0,0,0,0,0,0,51526141.503948115,29473858.496051885
9400000.0,9.85 tr,11.56 tr,Honda,Air Blade,30000,Tay ga,100 - 175 cc,Việt Nam,15,1875.0,xe ab 2011 fi bs tphcm xe còn đẹp máy bao êm không hú bs tphcm giấy tờ đầy đu bán bao tranh chấp,0,0,0,0,0,0,0,9974666.19507751,-574666.1950775106
19500000.0,18.56 tr,21.79 tr,Honda,Vision,43579,Tay ga,100 - 175 cc,Nhật Bản,8,4842.111111111111,cần ra đi con xe xe chạy êm ái bình thường đầy đủ chức năng smast key,0,0,0,0,0,0,0,18147836.00852382,1352163.9914761782
14200000.0,13.06 tr,15.34 tr,Suzuki,Dòng_Khác,50000,Tay ga,100 - 175 cc,Nước khác,25,1923.076923076923,epicupro chi nh chu xe hoa ng ha o điê n nươ c ca c kiê u ô n đi nh bstp chi nh chu sang tên hay u y quyê n đê u ok đa va o đô zin toa n bô ma y êm cha y bô c vo t,0,0,0,0,0,1,0,11126128.832175184,3073871.167824816
4800000.0,8.96 tr,10.51 tr,Honda,Dream,300000,Xe số,100 - 175 cc,Trung Quốc,21,13636.363636363636,helahdmsmcjdjsn xe ok ngon lành cho anh em xài ok ngon lanh lh,0,0,0,0,0,0,0,6676362.075349393,-1876362.0753493933
11000000.0,8.99 tr,10.56 tr,Honda,Air Blade,33333,Tay ga,100 - 175 cc,Việt Nam,14,2222.2,ra đi ab 2012 nguyên zin chính chủ xe zin máy móc êm ái do dư dùng nên ra đi sơn team còn mới 90 lh a đức,0,0,0,0,0,1,1,11684273.837205447,-684273.8372054473
12500000.0,14.57 tr,17.1 tr,Honda,Winner,40000,Tay côn/Moto,100 - 175 cc,Nhật Bản,8,4444.444444444444,winner v1 zin e cần đổi tay ga nên bán winner zin biển số79 xe e mua của cửa hàng có giấy mua bán btc sang tên đc mà mất phí xe e mới thay nhớt nhông sên dĩa mới đổ xăng là chạy,0,0,0,0,0,1,0,16686648.819980072,-4186648.819980072
6000000.0,16.53 tr,19.41 tr,Honda,Lead,100,Tay ga,100 - 175 cc,Nhật Bản,10,9.090909090909092,bán xe xe còn ngon máy khô đang hoăc động tốt nhà chật quá nên bán bất xe này cày như trâu giáy tờ đày đủ,0,0,0,0,0,0,0,16743306.284666372,-10743306.284666372
2500000.0,3.28 tr,3.85 tr,SYM,Elizabeth,17000,Tay ga,100 - 175 cc,Không rõ,17,944.4444444444443,càn bán xe như hình xe đẹp máy im ok cần bán xe như hình xe đẹp rin máy im ok hết không kêu hú gì hết giá rẻ ae hiểu nha mua đi nhậu ok cảm on,0,0,0,0,0,0,0,4879205.75382719,-2379205.75382719
17000000.0,15.19 tr,17.83 tr,Honda,Air Blade,300000,Tay ga,100 - 175 cc,Việt Nam,12,23076.92307692308,bán xe xe nha di mn cần thong tin kb zl,0,0,0,0,0,0,0,13454355.93913702,3545644.060862981
60000000.0,70.02 tr,82.2 tr,Honda,SH,300000,Tay ga,100 - 175 cc,Việt Nam,5,50000.0,sh 125 2021 còn đang góp xe còn đang góp vẫn sang tên chính chủ được có thương lượng,0,0,0,0,0,0,1,50117888.888888896,9882111.111111104
57000000.0,51.39 tr,60.33 tr,Piaggio,Vespa,4500,Tay ga,100 - 175 cc,Không rõ,5,750.0,xe vespa sprint 2021 abs mình thanh lý gấp xe vespa sprint abs 2021 chủ kí sang tên ngay biển 59d3 tân phú máy 125 zin êm cực kì chất ngoại hình có trầy nhẹ giá tiền 55tr 58tr anh em thương lượng chỉ bán cho người mua về sử dụng cò lái cảm ơn ạ zalo mình nhé,0,1,1,0,0,1,0,62476167.14817931,-5476167.148179308
8900000.0,9.74 tr,11.44 tr,Piaggio,Vespa,28000,Tay ga,100 - 175 cc,Việt Nam,13,2000.0,cần bán vespa lx 125 3vie 2013 bstp giấy tờ dầy đủ máy móc nguyên zin 100 hình sao xe i vậy ko sữ dụng cần bán ace nào thiện trí muốn mua liên hệ nhé,0,0,0,0,0,1,0,10936968.266723828,-2036968.2667238284
5500000.0,9.56 tr,11.22 tr,SYM,Angela,123456,Xe số,50 - 100 cc,Thái Lan,7,15432.0,cần bán nhanh xe sym nhà dư ko sử dụng nay kẹt tiền bán lại cho ai cần máy êm chạy ngon lành fix nhẹ cho ae thiện trí bstp,0,0,0,0,0,0,0,19720779.306367584,-14220779.306367584
40800000.0,34.12 tr,40.05 tr,Honda,Air Blade,9500,Tay ga,100 - 175 cc,Việt Nam,4,1900.0,honda airblade fi 150 abs đen bạc 2022 zin nguyên bán xe honda airblade fi 150 abs đen bóng 2022 xe zin nguyên 1 chủ mua mới máy móc chưa mở máy ngon êm ru xe còn mới đẹp 90 sơn zin bao keo đẹp không trầy biển số thành phố quận 11 1 chủ ngay chủ ký sang tên hoặc uỷ quyền 20 năm giá bán 40 triệu 800 xem xe mua bán tại nhà phường 13 quận 11,0,1,1,0,0,1,0,40791589.576675676,8410.42332432419
9500000.0,7.59 tr,8.91 tr,Honda,Blade,45367,Xe số,100 - 175 cc,Việt Nam,11,3780.5833333333335,honda blade 2015 bstp chính chủ honda blade 2015 bánh mâm thắng đĩa 1 chủ mua mới từ đầu máy móc nguyên zin chính chủ ký mua bán hay uỷ quyền đều được mua bán tại nhà,0,1,0,0,0,1,1,11455464.790438788,-1955464.790438788
91900000.0,82.34 tr,96.66 tr,Kawasaki,Dòng_Khác,1200,Tay côn/Moto,Trên 175 cc,Không rõ,8,133.33333333333334,z650 abs 2018 bstp cc odo 1200km bs cặp xe chính chủ đi 1200km ko có gì để tả bstp màu xanh bao đẹp 2 kiếng 2 chìa khoá biển số cặp xe như mới hong có gì để bàn mới đi có 1200km nên đừng hỏi e xe còn đẹp hông nhen giá hông bớt xin đừng ép giá nhoa,0,0,1,0,0,0,1,105015085.70761906,-13115085.707619056
77000000.0,74.57 tr,87.54 tr,Honda,SH,16000,Tay ga,50 - 100 cc,Việt Nam,4,3200.0,sh 150 20 12 2022 cần bán xe sh 150 bstp cuối đời 2022 máy móc zin dàn áo còn đẹp xe 2 khoá smk odo 16 000km xe 9 chủ vợ e đứng tên ae lấy phuộc thêm tiền giúp mình nha mua bán tại nhà bao ae thầy thợ test thoải mái,0,0,0,1,0,1,0,78367342.56547375,-1367342.5654737502
16000000.0,15.55 tr,18.25 tr,Honda,Winner,40000,Tay côn/Moto,100 - 175 cc,Việt Nam,7,5000.0,winner v1 chính chủ cần bán xe 1 đời chủ cần bán giấy tờ đầy đủ,0,0,0,0,0,0,1,19073999.66133806,-3073999.661338061
14900000.0,13.71 tr,16.09 tr,Taya,Cub,550,Xe số,50 - 100 cc,Việt Nam,1,275.0,cần bán xe cub taya 50cc mới mua 2 tháng cần bán xe cub taya 50cc xe mua cho con đi học xe mới mua 2 tháng chạy 550km,0,0,0,0,0,0,0,22354076.26272573,-7454076.2627257295
91000000.0,98.4 tr,115.51 tr,Honda,SH,40000,Tay ga,100 - 175 cc,Nước khác,16,2352.9411764705883,sh 150i 91tr giam giá 89trieu xe nhập ý khách cầm bên em hết khả năng em thanh lý nhẹ nhàng sh 150i 91 triệu giảm giá 89trieu hh 1củ xe nhập ý nhé chính chủ bao ký nhé xe đang ở lạc long quân tân bình lh mr lượng,0,1,0,0,0,0,1,103771275.70666666,-12771275.706666663
1000000.0,6.9 tr,8.1 tr,Taya,Dòng khác,300000,Tay ga,Dưới 50 cc,Trung Quốc,6,42857.142857142855,xe cào cào để quá lâu khong xài nay bán 1 triệu xe cào cào để lâu khong sử dụng hiện trạng không nổ máy vì để quá lâu nay thanh lý cho ai cần giá 1 triệu,0,1,0,0,0,0,0,12680709.591189574,-11680709.591189574
3200000.0,2.7 tr,3.17 tr,SYM,Attila,50000,Tay ga,100 - 175 cc,Đài Loan,19,2500.0,bán xe atila biển số 3883 quận 6 xe biển số 3883 xe máy mạnh êm ru đồ zin theo xe nhiều đèn đề xi nhan đầy đủ chân bắm thắng đĩa mua bán tại nhà có hóa đơn cửa hàng xe máy,0,0,0,0,0,1,0,4780181.849259826,-1580181.8492598264
26000000.0,19.81 tr,23.26 tr,Yamaha,Exciter,0,Tay côn/Moto,100 - 175 cc,Không rõ,7,0.0,exciter 150 2019 bstp zin kiểng zô mấy món liên hệ để biết chi tiết tình trạng xe sđt,0,0,0,0,0,1,0,27197563.043497138,-1197563.0434971377
6700000.0,8.08 tr,9.48 tr,Honda,Dream,12333,Xe số,50 - 100 cc,Việt Nam,18,649.1052631578947,supper dream may con zin xe k chính chủ mới bán giá đó k chỉ bớt 300k,0,0,0,0,0,1,1,15863012.136293812,-9163012.136293812
15000000.0,15.17 tr,17.81 tr,Yamaha,Exciter,28000,Tay côn/Moto,100 - 175 cc,Không rõ,11,2333.333333333333,exeiter150cc2015 trắng đỏ it chay 67e chính chủ xe it chay chủ yêu chùm mềm ae quan tâm nt xe biển tỉnh 67e chính chủ,0,0,0,0,0,0,1,19813909.64782279,-4813909.64782279
8900000.0,7.94 tr,9.32 tr,Honda,Wave,50000,Xe số,100 - 175 cc,Nhật Bản,12,3846.153846153846,can ban wave rs110 bstp do nhà chật nên cần ra di wave rs110 máy im ái nhẹ nhàng đã gắn đèn les mở yên điện về chạy liền không tốn gì thêm giấy tờ đầy đủ bao gây lộn,0,0,0,0,0,0,0,8170551.360341205,729448.6396587947
45000000.0,44.98 tr,52.8 tr,Honda,SH,50000,Tay ga,100 - 175 cc,Việt Nam,13,3571.428571428572,can ban xe sh 150 cần bán xe sh 150 xe mua mới 1 chủ từ đầu còn zin từ a đến z giá còn thương lượng,0,0,0,0,0,1,0,70854555.84275131,-25854555.84275131
29800000.0,28.44 tr,33.39 tr,Yamaha,Exciter,2500,Tay côn/Moto,100 - 175 cc,Việt Nam,4,500.0,exciter 155 vva 2022 lướt exciter 155 đk 2022 lướt như mới bán bao hồ sơ quý anh chị cần sài xin gọi e,0,1,0,0,0,0,0,29316320.368511047,483679.6314889528
37800000.0,29.93 tr,35.13 tr,Honda,Air Blade,15000,Tay ga,100 - 175 cc,Việt Nam,6,2142.8571428571427,honda airblade fi150 xanh nhám cuối 2020 zinnguyen bán xe honda airblade fi 150 thắng abs màu xanh nhám mua cuối năm 2020 1 chủ mua mới xe zin nguyên áo bao keo sơn zin đẹp không trầy máy móc chưa mở qua bao zin máy ngon cực êm xe còn mới đẹp sạch sẻ biển số thành phố ngay chủ ký công chứng sang tên liền hoặc uỷ quyền 20 năm hình thật xe giá bán 37 triệu 800 xem xe mua bán tại nhà phường 13 quận 11,0,1,1,0,0,1,0,35893308.07975416,1906691.9202458411
10500000.0,10.02 tr,11.76 tr,Honda,Air Blade,20000,Tay ga,100 - 175 cc,Việt Nam,15,1250.0,cần bán ab 2011biển sg nhà dư xe cần bán chiếc ab 2011 bs sài gòn 5s máy êm zin ngon,0,0,0,0,0,1,0,10924621.756194066,-424621.75619406626
1234567.0,10.12 tr,11.88 tr,Honda,Dòng khác,50000,Tay ga,100 - 175 cc,Không rõ,14,3333.333333333333,mua bán trao đổi tất cả xe máy shop e còn rất nhiều dòng xe máy sh125i sh150i sh300i sh350i đây ạ shop e còn nhiều xe dòng sh tất cả các đời cho ace thoải mái chọn lựa mua_bán_trao_đổi_tất_cả_xe_máy_sh bên e chuyên mua bán dòngsh150i 125 300i 350i xe nhập ý và mẫu ý các đời ace có nhu cầu mua bán liên hệ e nhé ______________________ hỗ trợ trả gop cho ace toàn quốc mua bán trao đổi tất cả xe máy sh địa chỉ lô k10 cư xá vĩnh hội p6 q4,0,1,0,0,0,0,0,10081029.110704888,-8846462.110704888
22500000.0,19.23 tr,22.57 tr,Kawasaki,Dòng_Khác,160000,Tay côn/Moto,100 - 175 cc,Không rõ,10,14545.454545454546,xe còn đẹp keng xe cầm đồ thanh lý xe đẹp kenh pháp lý rõ ràng,0,1,0,0,0,0,0,16632470.453298073,5867529.546701927
28000000.0,23.44 tr,27.51 tr,Honda,Winner X,13000,Tay côn/Moto,100 - 175 cc,Việt Nam,4,2600.0,winner v3 xe chính chủ od 13k bao zin từng con ốc đã độ thêm cảng chở đồ đi phượt giấy tờ chính chủ mua head hoàng việt dki cuối năm 2022 phiên bản đặc biệt màu xám bản abs có smarkey,0,0,1,0,0,1,1,27397916.019997984,602083.9800020158
3500000.0,5.23 tr,6.14 tr,Yamaha,Nouvo,90000,Tay ga,100 - 175 cc,Không rõ,12,6923.076923076923,thanh lý xe nouvo5 tàn nhưng không phế mình cần thanh lý chiếc xe đi cày còn cà vẹt hơi tàn nhưng chạy bình thường chỉ cần về dọn lại dàn áo sữa vài công tắc là chạy ok,0,1,0,0,0,0,0,7834463.715266124,-4334463.715266124
4000000.0,15.82 tr,18.58 tr,Honda,Spacy,45000,Tay ga,100 - 175 cc,Nhật Bản,15,2812.5,bán xe tay ga honda nhà mình có dư 1 xe tay ga honda joing xe để trong nhà 2 năm nay không đi biển số đẹp lâm đồng ai cần thì liên hệ mình nha cảm ơn tất cả mọi người liên hệ anh tuấn,0,0,0,0,1,0,0,54203017.17607562,-50203017.17607562
14000000.0,8.41 tr,9.88 tr,Honda,Cub,30000,Xe số,Dưới 50 cc,Thái Lan,40,731.7073170731708,cần bán cup 86 1 đời chủ xe ở sa đéc đồng tháp ông lớn tuổi ít đi nên cần bán tình trạng xe như sau 1 đời chủ sang tên dễ dàng xe ông mình chạy kĩ nguyên bản chỉ có thay 1 căm niềng sau của thái 1 vỏ trước còn theo xe niềng trước vẫn xài bình thường nhưng có mục 1 chỗ từ trong ra chứ k cong vênh muốn ngon về thay niềng trước bô đã thay bô tân tiến phốt cốt số bị chay có lem nhớt chi phí thay có mấy chục k thôi cánh bửng zin theo xe mặt nạ do vặn quá tay có nứt về phần cục máy có mở ra cạo khói xoáy xúc bắp chứ ngoài ra k can thiệp gì hết thợ nhà ở chợ xe tân thành làm ốc tán k lai con nào khóa còn đủ 2 chìa khóa bình xăng hoạt động bình thường bình xăng lớn phía trong k mục sét do lúc nào cũng đổ xăng đầy bình còn máy thì im ru vô số ngọt ngào k đổ hơi k hú nói chung xe ít chạy nhưng vẫn bảo dưỡng định kì lâu lâu vẫn chạy vài vòng hình thức xe như hình ngoài mấy món kể trên đã thay thì còn lại nguyên zin pháp lí bắt buộc sang tên mình mới bán nha xe hiện đang ở sa đéc đồng tháp nha gia cả thương lượng ace đọc kĩ để 2 bên đỡ mất thời gian anh chị cần lh chức 35 tuổi mình cũng bận đi làm anh chị gọi không được thì để lại tin nhắn bên zalo mình gọi lại sau cảm ơn mọi người đã xem tin,0,0,0,0,0,1,0,14906532.65067708,-906532.6506770793
7000000.0,6.68 tr,7.84 tr,Honda,Lead,15000,Tay ga,100 - 175 cc,Không rõ,16,882.3529411764706,xe lead gia đình đi về quê nên bán xe lead gia đình đi xe tốt lướt như phi cơ,0,0,0,0,0,0,0,9942648.377637163,-2942648.377637163
9500000.0,9.64 tr,11.32 tr,Honda,67,327,Xe số,50 - 100 cc,Nhật Bản,29,10.9,dư dùng cần ra em 67 dư dùng ra đi 67 đồ zin còn nhiều đồng hồ còn 5 số xe nhạy nổ đạp nhẹ là nỗ máy êm ru không la không hú xe giấy tờ đầy đủ bán viết giấy tay bao chanh chấp ae thích liên hệ có bớt người thiện chí xem xe thủ dầu một,0,0,0,0,0,1,0,12918805.096626578,-3418805.096626578
5800000.0,13.61 tr,15.98 tr,Yamaha,Exciter,0,Tay côn/Moto,100 - 175 cc,Việt Nam,12,0.0,exciter úp áo lc 57zz đẹp keng ex 57zz áo lc cảng led ốc salaya dây dầu nội công 57zz chạy bao bốc bô móc theo bài áo lc keng sạch sẽ không bể yên 2 tầng mà da yên đang rách về bọc lại máy kêu sên cam về thay giá 5tr8 k fix kv gò vấp mất c a v e t,0,0,0,0,0,0,0,14829871.466813844,-9029871.466813844
7000000.0,4.67 tr,5.49 tr,Honda,SCR,30000,Tay ga,100 - 175 cc,Việt Nam,19,1500.0,không chay cần bán xe còn ngon cần bán it chay it hao xang,0,0,0,0,0,0,0,9974666.19507751,-2974666.1950775106
9800000.0,8.66 tr,10.17 tr,Honda,Air Blade,12389,Tay ga,100 - 175 cc,Nhật Bản,17,688.2777777777778,air blade fi phun xăng 2009 2010 do nhà chật nên mình cần bán chiếc ab fi 2009 2010 như hình xe đời này chạy cực bền ai đi rồi sẽ bít ăn đứt các dòng xe tay ga bây giờ xe có công nghệ phun xăng điện tử nên siêu tiết kiệm xăng xe đề điện còi xin nhan đầy đủ hết mua vô chỉ việc đổ xăng là chạy xe cũ theo năm tháng theo hình biển số thành phố giấy tờ đầy đủ hợp lệ theo xe bác nào mua về đi thì siêu tiết kiệm do nhà chật nên bán ai quan tâm liên hệ nhé,0,0,0,0,0,0,0,9985536.625071421,-185536.62507142127
110000000.0,101.46 tr,119.11 tr,Honda,SH,9999,Tay ga,100 - 175 cc,Nước khác,14,666.6,sh y 125 sm103 cần ban sh 125 nhap ý may em ru chua rot đầu mua bán ký giay lien bien số 76777,0,1,0,0,0,0,0,141620000.0,-31620000.0
22500000.0,18.04 tr,21.18 tr,Honda,Dream,56789,Xe số,50 - 100 cc,Việt Nam,14,3785.933333333333,super dream bán super dream bstp 9chủ máy chạy nhẹ nhàng ko hú hí xe như hình,0,0,0,0,0,0,0,10363341.450567685,12136658.549432315
250000000.0,39.46 tr,46.33 tr,Suzuki,Sport / Xipo,36000,Xe số,100 - 175 cc,Nhật Bản,26,1333.3333333333333,su xìpo rgv 120 đời 2000 đỏ rgv 120 đời 2000 hải quan chính ngạch xe đẹp ít đi chính chủ sang tên miễn tiếp lái,1,0,0,0,0,0,1,209303333.32666665,40696666.67333335
25000000.0,22.72 tr,26.68 tr,Honda,Future,50000,Xe số,100 - 175 cc,Việt Nam,6,7142.857142857143,cần bán xe future đang chạy xuất xứ việt nam chạy 55000km xe chay ổn dịnh con zin,0,0,0,0,0,1,0,24851195.5121024,148804.48789760098
29000000.0,26.85 tr,31.52 tr,Yamaha,Dòng khác,4038,Tay côn/Moto,100 - 175 cc,Việt Nam,7,504.75,bán xe do nhu cầu cần lên cc nên mình cần nhượng lại em r15v3 2019 odo 4000km xe lên 1 số đồ chơi cơ bản mặt nạ r1m kính chắn gió trợ lực matriss cùm cbr650 tay côn crg tay thắng brembo bộ số gãy cặp đèn l4x cổ bô titan kèm pô akr3 gần full ốc titan v v mua xe tặng kèm 1 số món giá ra đi 2x,0,0,0,0,0,0,0,27897830.316601656,1102169.6833983436
33500000.0,28 tr,32.86 tr,Honda,Vision,3000,Tay ga,100 - 175 cc,Việt Nam,3,750.0,vison cọp xe vison cọp mới đi 3000km còn như mới xe bảo dưỡng hãng xe nguyên zin như mới chưa đụng tới một con ốc nào xe gián keo nguyên chiếc phiên bản đặc bệt bánh to xe có cảm biến đèn pha tối tự sáng đèn ban ngày tự tắt đèn xe đẹp ko vết xước ae đừng so sánh với xe khác nhé xe tuền nào của đó nhé xe mua mới cả 50t giờ bán nhanh cho ae chiếc xe đẹp ae thiện chí allo nhanh lẹ có bớt xăng xe chỉ ký mua bán ko uỷ quyền nha ae,0,1,0,0,0,1,0,27096110.856805984,6403889.143194016
20500000.0,23.44 tr,27.51 tr,Honda,Winner X,4500,Tay côn/Moto,100 - 175 cc,Việt Nam,4,900.0,bán xe winner đổi xe bán chiec winner 2022 xe it đi odo 4500km áo có trầy tí,0,0,0,0,0,0,0,29045640.254605237,-8545640.254605237
38000000.0,39.39 tr,46.24 tr,Honda,PCX,70000,Tay ga,100 - 175 cc,Không rõ,6,10000.0,pcx 125 2020 đỏ mình chính chủ cần bán chiếc xe pcx 125 2020 odo 70 000km thay nhớt định kì bảo dưỡng tốt giá mong muốn 38 triệu a c nào cần thì liên hệ,0,0,0,0,0,0,1,45002237.48067923,-7002237.480679229
12800000.0,13.47 tr,15.81 tr,Yamaha,Sirius,29000,Xe số,100 - 175 cc,Nhật Bản,3,7250.0,đi mỹ cần bán nhanh xe zin xe bao zin nay e đi mỹ cần thanh lí nhanh gọn và thiện chí xe chồng e đứng tên chồng e đang ở mỹ em bán có giay tờ ghi tay và giay ket hôn cavert và cccd vợ chồng em đầy đủ xe còn rất mạnh và ngon e bão dưỡng thay nhớt đinh kỳ 3 tháng fix nhẹ thiễn chí mua nhanh gọn lẹ thì alo em trang ko 9 bảy tứ tứ tứ 54 0 chín,0,0,0,0,0,1,0,16479720.399767125,-3679720.399767125
25000000.0,10.26 tr,12.04 tr,SYM,Wolf,13000,Tay côn/Moto,100 - 175 cc,Trung Quốc,16,764.7058823529412,sym husky đã lên dáng cào cào xe wolf 150cc đã làm dáng giấy tờ ok chuẩn chỉ không sợ mấy anh xe em bán 25tr ở khu vực sg anh em nhanh gọn 24tr,0,0,0,0,0,0,0,13072595.13617137,11927404.86382863
25000000.0,17.29 tr,20.3 tr,Yamaha,FZ,63660,Tay côn/Moto,100 - 175 cc,Nước khác,10,5787.272727272727,bán xe fz 150i già rồi không đi nữa chính chủ xe it đi muốn đổi xe điện chỉ mới thay lốp,0,0,0,0,0,0,1,16761605.228213724,8238394.771786276
16800000.0,18.47 tr,21.68 tr,Honda,Vision,46000,Tay ga,100 - 175 cc,Không rõ,8,5111.111111111111,vision 2018 zin toàn bộ dán keo êm ru xe đi rất kĩ chia lại con xe vợ chạy dòng này bán rất nhiều kiếm được chiếc xe ưng ý rất khó tiền nào thì của đó honda vision 2018 biển 95 giấy tờ cavet đầy đủ hợp lệ xe zin từ cục máy ra tới nước sơn chưa đụng gì nhé xe chạy đúng đồng hồ 46 nghìn bao không tua dàn áo còn bọc nilong nên còn rất đẹp máy zin nên chạy khỏi bàn mạnh bốc đặc biệt là êm ru qua thử xe không đúng em nói em tặng xe luôn ạ em mới bảo dưỡng nồi còn hóa đơn tất cả chức năng theo xe full hoạt động tốt mua về không tốn 1k sửa chữa nha mua bán tại nhà mình viết giấy tờ cam kết đầy đủ yên tâm,0,1,0,0,0,1,0,19138845.10525097,-2338845.1052509695
4700000.0,5.1 tr,5.99 tr,Yamaha,Mio,20000,Tay ga,100 - 175 cc,Việt Nam,17,1111.111111111111,mio xe đẹp giá tốt nhà dư dùng nên cần chia lại cho ae nào cần mua về cho bà xã đi chợ cho con đi học xe nhỏ gọn tình trạng xe nguyên zin xe đẹp máy móc êm điện đèn ful chức năng vừa thay cặp vỏ gần cả tr ko hú giấy tờ đầu đủ bs tỉnh xe nhà đang sử đụng nên rất chăm sóc ko bỏ phế ae ai mên alo mình gần kcx tân thuận q7 lưu ý bớt hỏi linh tinh nha mọi ng,0,1,0,0,0,1,0,5925648.969486007,-1225648.9694860065
23500000.0,1.56 tr,1.84 tr,Suzuki,Dòng khác,30,Tay ga,100 - 175 cc,Nước khác,24,1.2,suzuki burman 150 bstp chính chủ bao công chứng cần bán chiếc suzuki burman 150 máy zin êm chạy rất nhẹ bốc ngồi chạy rất thoải mái xem và mua bán tại nhà bao công chứng về sang tên dễ dàng xem xe trực tiếp xin đừng nhắn tin xin cảm ơn,0,0,0,0,0,1,1,10740243.065286668,12759756.934713332
4500000.0,6.62 tr,7.78 tr,SYM,Dòng_Khác,53993,Xe số,100 - 175 cc,Đài Loan,16,3176.058823529412,sym ez 110cc gl cần bán hay giao lưu xe sym ez 110cc như hình xe máy êm ru chạy mạnh như châu xe hư bình không đề xe cavet đầy đủ bs sài gòn xe dàn áo hơi cũ có bể ngay ốp đầu sau có chụp rõ mua thay lại giá 105000 shopi bán ae cần xe đi làm liên hệ xin cảm ơn,0,0,0,0,0,0,0,5280401.148004015,-780401.148004015
20000000.0,3.68 tr,4.32 tr,Hãng khác,Dòng khác,90000,Tay ga,100 - 175 cc,Thái Lan,16,5294.117647058823,cần bán xe pcx thái 125 đời 2010 xe chính chủ xe thái 125 còn mới máy êm chưa bung máy thay ghidong độ xe chính chủ xem xe trực tiếp ko qua cò,0,0,0,0,0,0,1,6997329.3392111985,13002670.6607888
14000000.0,12.56 tr,14.75 tr,Hãng khác,Dòng khác,0,Tay ga,Dưới 50 cc,Không rõ,2,0.0,xem tay ga halim 50cc xe còn ok rất ít đi nhà chật nên bán ace nào muốn mua xe cho con đi học nên qua xem trực tiếp nhé tin mình đăng dùm,0,0,0,0,0,0,0,19748824.729070053,-5748824.7290700525
6000000.0,11.14 tr,13.08 tr,Honda,Dream,1000,Xe số,100 - 175 cc,Thái Lan,11,83.33333333333333,dream thái cũ kỹ chính chủ bán chiếc dream thái xe cũ không hư hại gì vẫn chạy bình thường ít hao xăng xe nổ êm đèn xi nhanh đầy đủ bình yếu đề lúc lên lúc không đạp nhẹ là nổ liền ae sở thích lấy về độ lại là đẹp cảm ơn chơttot,0,0,0,0,0,0,1,20787239.856902394,-14787239.856902394
55000000.0,,,Honda,67,12345,Tay côn/Moto,Dưới 50 cc,Nhật Bản,14,823.0,chia tay em honda cl50 hàng hiếm zin 90 sắp xuất cảnh đành chia tay em honda ss50 dáng cl68 toàn bộ phụ tùng zin 90 tuyển chọn từng món tâm huyết trong đó có hàng daytona takegawa xe đẹp hoàn hảo giấy tờ chính chủ đứng tên bán sang tên hợp lệ công chứng ngay khi giao dịch xin liên hệ trực tiếp xem xe ưu tiên cho người có hiểu biết về dòng xe này thanks,0,0,0,0,0,1,1,26804190.859177966,28195809.140822034
15000000.0,14.53 tr,17.05 tr,Yamaha,Exciter,54000,Tay côn/Moto,100 - 175 cc,Không rõ,13,3857.142857142857,ex xuống áo xe zin chưa rớt đầu biển số thành phố máy im không dọng hay hú hí gì hết ex 2013 xuống áo xe đẹp ai cần xin liên hệ xe không chính chủ bao tranh chấp có chứng minh chủ xe,0,0,0,0,0,1,1,15523426.300473433,-523426.300473433
11500000.0,10 tr,11.74 tr,Honda,Wave,254086,Xe số,50 - 100 cc,Nhật Bản,9,25408.6,mình cần bán hoặc giao lưu ab up thái mình cần bán wave a 100 xe bstp ko chính chủ xe mình đi tâm huyết nên ae đừng so sánh xe dọn hay cò lái gì nha mình bán cho ng có nhu cầu sử dụng mình cản ơn nhiều ạ,0,0,0,0,0,0,1,10007241.101315971,1492758.8986840285
12500000.0,12.64 tr,14.84 tr,Honda,Air Blade,100000,Tay ga,100 - 175 cc,Việt Nam,16,5882.35294117647,xe ab tay ga dọn thái xe nhà sử dụng nữ đi ít cần sang nhượng giá cả hợp lý,0,1,0,0,0,0,0,9998531.113657432,2501468.8863425683
23500000.0,26.38 tr,30.97 tr,Suzuki,GSX,35000,Tay côn/Moto,100 - 175 cc,Không rõ,7,4375.0,để lâu không chạy bám bụi bán bớt cuối năm 2019 odo 35k đã lên pô ak còn phụ tùng zin theo máy trừ cây pô đèn trợ sáng cree để lâu ko chạy bám bụi hư bình ace qua xem mang theo bình test các kiểu ae cò lái ép giá xin vui lòng bỏ qua,0,0,0,0,0,1,0,23699571.323061407,-199571.3230614066
11100000.0,3.91 tr,4.59 tr,Hãng khác,Dòng khác,50000,Xe số,100 - 175 cc,Việt Nam,25,1923.076923076923,bán cho ai có nhu cầu xe chính chủ giá còn thương lượng 32 16 nguyễn hữu cầu,0,0,0,0,0,0,1,6998818.732450087,4101181.2675499134
11500000.0,9.54 tr,11.2 tr,Honda,Wave,40000,Xe số,100 - 175 cc,Việt Nam,10,3636.363636363637,bán wave 100 chính chủ xe nhà dư dùng nên bán lại cho người thật sự cần nhất la sinh viên ít chi phí xe chưa rớt đầu bảo dưỡng máy kỹ nên đi rất đầm mua về chỉ việc chạy k tốn chi phí sửa lại vì đã thay mới nhông sên dỉa cặp vỏ sẽ chịu phí bao sang tên chứ không ủy quyền nha mọi người,0,0,0,0,0,1,1,10561929.088678865,938070.9113211352
60000000.0,62.14 tr,72.95 tr,Honda,SH,8900,Tay ga,100 - 175 cc,Việt Nam,7,1112.5,xe ít sử dụng cần bán sh 125 cbs xe chính chủ ít chạy xem xe tại nhà quận gò vấp không phải xe mua bán cửa hàng,0,0,0,0,0,0,1,74457418.92551893,-14457418.92551893
28000000.0,13.94 tr,16.37 tr,Honda,Future,60000,Xe số,100 - 175 cc,Thái Lan,25,2307.692307692308,bán xe future xe zin hết máy còn cứng có rớt đầu cạo khói nay kẹt tiền nên bán đồ theo xe zin hết ai thích sưu tầm liên hệ nhé vui lòng đt để thương lượng k nhắn tin vì mình đi làm k trả lời được cảm ơn chợ tốt đã duyệt bài,0,0,0,0,0,1,0,18693088.240575425,9306911.759424575
22000000.0,24.75 tr,29.06 tr,Honda,Winner X,17000,Tay côn/Moto,100 - 175 cc,Việt Nam,3,4250.0,e muốn bán có cà vạt giấy tờ xe đầy đủ xe em đã đi được 2 năm máy còn tốt chưa qua sữa chữa máy zin hợp thời trang thể thao lh e sđt,0,0,0,0,0,1,0,26534974.30475557,-4534974.3047555685
24500000.0,16.56 tr,19.44 tr,Honda,SH,20000,Tay ga,100 - 175 cc,Không rõ,25,769.2307692307693,sh 150 như hình bán dùm ông chú full sh150i up từ dylan lên full fi máy bao test mua bán tại nhà bao tranh chấp giá bớt chút đỉnh cho ae đam mê xem xe tân tạo bình tân,0,0,0,0,0,0,0,32900000.0,-8400000.0
47000000.0,35.85 tr,42.08 tr,Honda,Vario,7000,Tay ga,100 - 175 cc,Việt Nam,2,2333.333333333333,anh chị xem dt e xe em còn mói ít đi thiện chí dt cho e xe 125 nhé hỏi hoài,0,0,0,0,0,0,0,43965848.44113929,3034151.5588607118
18000000.0,20.65 tr,24.24 tr,Honda,Sonic,270000,Tay côn/Moto,100 - 175 cc,Nhật Bản,7,33750.0,xe đẹp máy êm bao tranh chấp xe đẹp máy êm giàn áo đẹp bao tranh chấp,0,0,0,0,0,0,0,22353345.905295566,-4353345.905295566
9500000.0,9.06 tr,10.64 tr,Honda,Air Blade,300000,Tay ga,100 - 175 cc,Việt Nam,14,20000.0,cần bán airblade 2012 chính chủ bstp sang tên uy cần bán airblade 2012 chính chủ bstp sang tên ủy quyền đều được xe nguyên zin chưa rớt đầu chỉ tiếp nguoi có thiện chí mua,0,0,0,0,0,1,1,11662853.358658653,-2162853.3586586528
17000000.0,7.67 tr,9 tr,Suzuki,Dòng khác,20000,Tay ga,50 - 100 cc,Nhật Bản,11,1666.6666666666667,suzuki magic ii tay ga50cc 67 chaly cafe racer suzuki magic ii 50cc tay ga xe nhập nhật bản ii kính đầu tròn xịn hơn bản i chuyển nhà dư xe hết đam mê giá bán nhanh em này cho ai đồng điệu tâm hồn nghệ sĩ thích độc lạ máy móc chuẩn chỉ miễn hư vặt đề nhẹ là vọt tiếng nổ siêu sướng tai xe rất phổ biến ở nước ngoài rảnh ghé em thử thoải mái thiện chí tới mua nhanh gọn bớt thêm ạ,0,0,0,0,0,0,0,10467117.511941101,6532882.488058899
36000000.0,29.9 tr,35.1 tr,Honda,Vision,6878,Tay ga,100 - 175 cc,Không rõ,2,2292.6666666666665,cần bán xe mới đang đi do nhà dư sài xe nhà dư sài nên bán bớt xe mới keng nữ chạy nên giữ rất kỹ giá bán 36 tr miễn trả giá bớt lộc cho ai thiện trí đến mua mua bán công chứng sang tên ngay xem xe tại phường hiệp thành q12 không tiếp cò lái,0,0,0,0,0,0,0,31792531.20305476,4207468.79694524
3300000.0,6.76 tr,7.94 tr,Honda,Wave,123456,Xe số,100 - 175 cc,Việt Nam,15,7716.0,cần bán xe wave máy êm có giấy tờ đề phát nổ cần bán xe giấy tờ đầy đủ đề phát nổ có đèn kèng ok máy chạy mạnh,0,0,0,0,0,0,0,8664176.994280484,-5364176.994280484
10500000.0,8.8 tr,10.33 tr,Yamaha,Nozza,55000,Tay ga,100 - 175 cc,Việt Nam,12,4230.769230769231,xe tay ga nozza chính chủ có giấy tờ đầy đủ mô tả chi ti t xe chính chủ có gi y tờ đầy đủ xe bảo hành định kỳ hàng năm có thông tin bảo hành tại của hàng yamaha minh quang 5 ở cộng hoà tân bình giao xe trong khu vực nội thành hcm xe mình chạy rất kỹ chỉ dùng đi làm chạy được 55 000km vì mình định cư nước ngoài nên bán xe ạ liên hệ diễm zalo,0,0,0,0,0,0,1,8984383.599104894,1515616.4008951057
2500000.0,2.42 tr,2.84 tr,SYM,Attila,37041,Tay ga,100 - 175 cc,Việt Nam,20,1763.857142857143,xe moi thay binh thay hai vo may em chay toi xe máy xe nữ nhãn hiệu attyla màu đen bình mới thay cặp lốp mới thay xi nhan đèn đầy đủ máy em ngọt có yên và dàn áo là nát thôi ace mua về chở hàng hoặc đi làm là ok nhé về quê luôn không lên nữa,0,0,0,0,0,0,0,4230272.616861494,-1730272.6168614943
16800000.0,18.07 tr,21.22 tr,Yamaha,FZ,40000,Tay côn/Moto,100 - 175 cc,Nhật Bản,9,4000.0,cần bán fz lốc vàng bssg zin chất xe cọp keng bảo dưỡng đầy đủ máy cực êm giá 16 8 có thương lượng cho ae thiện tí tới coi trực tiếp bình thạnh hcm ko chính chủ bao tc giao cv gốc,0,0,0,0,0,1,1,18170882.30344303,-1370882.3034430295
29000000.0,27.41 tr,32.18 tr,Honda,SH Mode,56000,Tay ga,100 - 175 cc,Việt Nam,11,4666.666666666667,shmode 2015 chính chủ biển số đẹp xe chính chủ biến số đẹp giá cả thương lượng,0,0,0,0,1,0,1,31413582.62067028,-2413582.6206702814
8000000.0,8.61 tr,10.1 tr,Honda,Cub,8000,Xe số,Dưới 50 cc,Nhật Bản,37,210.52631578947367,cub 82 89 xe zin 70 đang sử dụng không hao xăng máy êm,0,0,0,0,0,1,0,12235097.141016988,-4235097.141016988
7000000.0,6.87 tr,8.06 tr,Honda,Wave,55000,Xe số,100 - 175 cc,Việt Nam,14,3666.6666666666665,wave xe 9c ace nào cần bớt lộc cho a chị e,0,0,0,0,0,0,0,8577698.086105628,-1577698.086105628
7500000.0,6.42 tr,7.53 tr,Yamaha,Luvias,98,Tay ga,100 - 175 cc,Việt Nam,14,6.533333333333333,cần bán xe luvias giấy tờ đầy đủ 2012 cần bán xe luvias giấy tờ đầy đủ máy móc êm phun chắc năng nói chung xe k có gì phải chê ai cần ll e,0,0,0,0,0,0,0,5889078.694966432,1610921.3050335683
10500000.0,8.65 tr,10.15 tr,Honda,Wave,18000,Xe số,100 - 175 cc,Việt Nam,11,1500.0,nhà dư xe xe còn mới máy êm ru thích hợp đi chơi đi làm,0,0,0,0,0,0,0,8558137.023520043,1941862.9764799569
8300000.0,7.21 tr,8.46 tr,Honda,Wave,30000,Xe số,100 - 175 cc,Nhật Bản,19,1500.0,cần bán wave rs 100 bs tp dư dùng cần bán wave rs 100 xe zin mộc máy cực kỳ êm xe vào cặp mâm fu x cứng cáp mua bán tại nhà riêng ae cần lh,0,0,0,0,0,1,0,10230210.061709065,-1930210.061709065
20000000.0,13.61 tr,15.98 tr,Yamaha,Exciter,1,Tay côn/Moto,100 - 175 cc,Việt Nam,12,0.0769230769230769,65zz máy mới làm bstp chính chủ bao mạnh ok ok,0,0,0,0,0,0,1,16246957.698714297,3753042.3012857027
31500000.0,28.44 tr,33.39 tr,Yamaha,Exciter,20000,Tay côn/Moto,100 - 175 cc,Việt Nam,4,4000.0,exciter 155 cần bán ex155 biển số thành phố chính chủ ký giấy 1p30s uỷ quyền hay mua bán điều được máy đã rớt do xoay má dên đã làm lại êm ái ngọt ngào chán nên bán đổi tay ga,0,1,0,0,0,0,1,27014350.340603843,4485649.659396157
18000000.0,16.31 tr,19.15 tr,Honda,Winner X,54528,Tay côn/Moto,100 - 175 cc,Việt Nam,7,6816.0,muốn đổi xe ga nên để lại con xe côn xe zin chưa rớt gì hết tình trạng xe hao mòn theo năm tháng mới zô cặp vỏ hẵng nay muốn đổi con xe ga chạy nên để lại cho ai cần xe chính chủ đã lên smakay cho ai cần giá đó còn thương lượng,0,0,0,0,0,1,1,19901403.69917584,-1901403.6991758384
9800000.0,15.49 tr,18.18 tr,Honda,Vision,70000,Tay ga,100 - 175 cc,Nhật Bản,11,5833.333333333333,xe vison xe chính chủ do mình đi nước ngoài nên cần nhượng lại cho a e thiện chí xe mình cũng ít đi máy móc nguyên rinh xe rất tốt ae nào thiện chí muốn mua đến nhà xem xe trực tiếp ạ,0,0,0,0,0,0,1,15889228.849645983,-6089228.849645983
4200000.0,4.59 tr,5.38 tr,SYM,Dòng khác,123456,Xe số,100 - 175 cc,Đài Loan,16,7262.117647058823,wave hàn bstp xe liền lạc cứng cáp sạch đẹp máy êm điện đề đầy đủ giấy tờ hợp lệ bao tranh chấp tại nhà thích hợp đi làm đi chơi đều đẹp tiếp ng thiện chí vui vẻ cảm ơn chợ tốt duyệt bài,0,0,0,0,0,0,0,4893214.559199642,-693214.5591996424
16000000.0,20.04 tr,23.53 tr,Honda,Air Blade,11000,Tay ga,100 - 175 cc,Không rõ,10,1000.0,xe dư bán xe đang đi đổi xe cần bán xe máy bao êm xe nử đi có trầy xước nhẹ và theo năm tháng a e nào cần mua giá thương lượng ít để a e xài lh,0,0,0,0,0,0,0,17239489.490532424,-1239489.4905324243
26500000.0,20.16 tr,23.67 tr,Suzuki,Satria,58000,Tay côn/Moto,100 - 175 cc,Không rõ,7,7250.0,cần ra đi đam mê satria bstp 9c ký cần ra đi em satria dk 2019 odo 58k km nhớt 300v nước mát motul mới thay đầu nồi chưa chạm mâm rcb 10 cây phuộc yss mến 56 cảng givi cùm domino công tắc đèn trợ sáng tun 30 liên hệ em hiệp xem xe tại nhà nhé bình thạnh,0,1,0,0,0,0,0,23231666.71775746,3268333.2822425403
17500000.0,15.48 tr,18.17 tr,Honda,Vision,13000,Tay ga,100 - 175 cc,Việt Nam,11,1083.3333333333333,xe nữ ít chạy nhà đi định cư để lại cho người cần xe nữ ít chạy nhà đi định cư để lại cho người cần máy êm bao chạy ko ngon gửi lại chủ,0,0,0,0,0,0,0,15834204.058907699,1665795.9410923012
16000000.0,13.66 tr,16.04 tr,Yamaha,Exciter,100000,Tay côn/Moto,100 - 175 cc,Nhật Bản,14,6666.666666666667,xe đang dùng chạy ngon lành rất lợi xăng xe đang chạy rất lợi xăng 60km lit có cà vẹt xe,0,0,0,0,0,0,0,11700205.618859895,4299794.381140105
19500000.0,17.47 tr,20.51 tr,Honda,Vision,30000,Tay ga,100 - 175 cc,Việt Nam,9,3000.0,bán xe vison 2017 chính chủ còn mới kẹt tiền bán xe e đag chạy xe chính chủ còn zin từ a tới z xe máy nổ êm ru giá 19 5 qua xem xe tại nhà test thoải mái ạ,0,0,0,0,0,1,1,17634168.796041545,1865831.2039584555
31500000.0,30.13 tr,35.37 tr,Honda,Vario,38000,Tay ga,100 - 175 cc,Nhật Bản,7,4750.0,xe đưa rước con đi học xe zin k độ phá bán uỷ quyền hay ký ngay đều được,0,1,0,0,0,1,0,34608875.02442223,-3108875.0244222283
85000000.0,74.21 tr,87.11 tr,Honda,SH,19000,Tay ga,100 - 175 cc,Việt Nam,3,4750.0,nhà dư xe cần bán sh 150i cbs chính chủ cv xám đen chính chủ cần bán sh 150i cbs cavet xám đen 2023 odo 19 000 máy móc nguyên zin chưa qua sửa chữa xe thường xuyên bảo dưỡng thay nhớt định kỳ mua về chỉ đổ xăng đi thôi ạ xe đã dán full xe màu xám xi măng và dàn nhựa nhám khi mới mua về nên ace về chỉ lột keo rồi chạy thôi ạ bs tphcm xem xe kv bình tân tên lửa giá 85 triệu thương lượng nhẹ cho ae ít nói nhiều tiền em không nợ nần nên ae k cần ép giá thuận mua vừa bán nhé ae,0,0,0,0,0,1,1,78955635.35163666,6044364.648363337
16000000.0,14.19 tr,16.66 tr,Honda,Wave,30000,Xe số,100 - 175 cc,Việt Nam,3,7500.0,wave rsx 110 fi kẹt tiền cần ra đi con xe tâm huyết xe zin chất đầu nồi chưa chạm full chức năng đã lên đèn led full xe bán cho người cần nên ae bớt trả giá giùm e fix cf cho ae thiện chí,0,0,0,0,0,1,0,16605349.92298022,-605349.9229802191
5000000.0,6.3 tr,7.4 tr,SYM,Galaxy,55000,Tay côn/Moto,100 - 175 cc,Không rõ,8,6111.111111111111,sym galaxy port thanh lý sym galaxy sport côn tay phuộc sau đã thay xe chính chủ giấu tờ đầy đủ si ai vần inbox,0,1,0,0,0,0,1,17524019.505953647,-12524019.505953647
61000000.0,60.64 tr,71.19 tr,Piaggio,Sprint,6000,Tay ga,100 - 175 cc,Việt Nam,4,1200.0,bán xe chính chủ bán xe vespa sprint 125 full iget đời 2022 xe chính chủ đã chạy gần 6 000 km tình trạng xe còn nguyên zin chính hãng chưa qua sửa chữa do ít chạy vì có thêm xe khác thường xuyên đi làm ở tỉnh để xe ở nhà nên cần bán cho nhà trống chổ giá 61 000 000 đường tỉnh lộ 10 p tân tạo q bình tân tp hcm zalo hải,0,0,0,0,0,1,1,68759278.87071994,-7759278.8707199395
6500000.0,7.57 tr,8.89 tr,Honda,Air Blade,6000,Tay ga,100 - 175 cc,Nhật Bản,18,315.7894736842105,thanh lý air blade 2008 mới đẹp như hình thanh lý air blade 2008 máy khỏe êm ru bao tét máy giấy tờ đầy đủ mới đẹp như hình,0,1,0,0,0,0,0,10008249.146784674,-3508249.1467846744
7300000.0,6.12 tr,7.18 tr,Yamaha,Sirius,40000,Xe số,100 - 175 cc,Việt Nam,16,2352.9411764705883,cần bán xe sirius mình có chiếc xe cũ cần bán xe biển tỉnh 86 xe chính chủ mẹ mình đứng tên ai cần liên hệ nhé giá bán còn bớt lọc,0,0,0,0,0,0,1,7239052.942018471,60947.05798152927
28500000.0,26.16 tr,30.71 tr,Yamaha,Exciter,4000,Xe số,100 - 175 cc,Việt Nam,5,666.6666666666666,xe nhà xe nhà ít đi cần bán ai nhu cầu ib,0,0,0,0,0,0,0,27487827.908110455,1012172.0918895453
23500000.0,20.71 tr,24.32 tr,Honda,Air Blade,35000,Tay ga,100 - 175 cc,Không rõ,9,3500.0,nhà dư dùng cần bán lại xe ab 2017 như tiêu đề nhà dư dùng cần bán lại chiếc ab 2017 xe chạy đi làm máy móc còn êm ngoại hình còn cứng về sơn tút nhẹ là đẹp xe bs tp ký giấy mua bán ae cần liên hệ mình,0,1,0,0,0,0,0,21373562.81614089,2126437.18385911
7900000.0,8.1 tr,9.5 tr,Suzuki,Impulse,34567,Tay ga,100 - 175 cc,Không rõ,12,2659.0,suzuki impulse zin êm chạy ngon dư chiếc xe suzuki impulse còn khá đẹp biển số trà vinh mua lại nên ko chính chủ có cavet đầy đủ bao tranh chấp máy móc im ru chạy ngon lành ga anti thì thần đi xa tốt đề đèn kèn xinhan đầy đủ giá 7tr9 cho ai có nhu cầu sử dụng,0,0,0,0,0,1,1,8592248.719216026,-692248.7192160264
7500000.0,6.12 tr,7.18 tr,Yamaha,Sirius,40500,Xe số,100 - 175 cc,Việt Nam,16,2382.3529411764707,sirius 2010 zin sirius máy zin cực kỳ êm đẹp sach sẽ mâm xe con quá đẹp bs93 k9c ban bao tranh chấp tai nhà ai cần alo nha,0,0,0,0,0,1,0,6241951.870823008,1258048.129176992
8800000.0,11.44 tr,13.43 tr,Honda,Blade,15000,Xe số,100 - 175 cc,Nhật Bản,7,1875.0,xe đang chạy cần tiền bán xe đang chạy hoạt động bình thường i như hình người nào có nhu cầu vui lòng gọi trực tiếp sđt tren,0,0,0,0,0,0,0,11986899.78478742,-3186899.78478742
4500000.0,3.83 tr,4.5 tr,SYM,Joyride,99999,Tay ga,100 - 175 cc,Đài Loan,16,5882.294117647059,bán nhanh kiếm tiền ăn bán nhanh xe ngon êm ái có phun xăng điện tử fi,0,0,0,0,0,0,0,4881346.069808859,-381346.0698088594
4200000.0,4.16 tr,4.89 tr,Yamaha,Nouvo,66000,Tay ga,100 - 175 cc,Việt Nam,15,4125.0,bán xe novo biển 82 đời 2011 giấy tờ đầy đủ bán xe ở gò vấp hcm biển 82 xe chạy còn êm ngon mỗi tội nó hơi nặng,0,0,0,0,0,0,0,5220542.338516193,-1020542.3385161934
38500000.0,30.13 tr,35.37 tr,Honda,Vario,14000,Tay ga,100 - 175 cc,Việt Nam,7,1750.0,varrio cần bán lên sóng cho ae varrio 150 bstp chính chủ máy móc zin chưa rớt lên bi cầu nhét choá phuộc sau rcb bình dầu giàn ngoài còn khoảng 97 như xe mới giá em bán 38tr800 có bão hành máy móc 3 6 tháng cho ae sữ dụng hỗ trợ trả góp qua ngân hàng nhận giữ cọc chờ lương nhận giao xe tận giường lh trung hậu,0,0,0,0,0,1,1,35871654.38748752,2628345.6125124767
17000000.0,3.68 tr,4.32 tr,Hãng khác,Dòng khác,300000,Xe số,100 - 175 cc,Việt Nam,16,17647.058823529413,xe future 2010 còn zin kẹt tiền còn thương lượng xe chính chủ future 2010 còn cứng giá còn thương lượng nha anh em đang kẹt tiền nên bán,0,0,0,0,0,1,1,6878735.270736055,10121264.729263945
22000000.0,43.1 tr,50.59 tr,Yamaha,Dòng khác,20000,Tay ga,100 - 175 cc,Nước khác,3,5000.0,yamaha gear 125 chuẩn bị mua xe mới cần bán lại con yamaha gear 125 mua năm 2023 xem xe trực tiếp tại nhà ở đường hiệp bình thủ đức thanks,0,0,0,0,0,0,0,24623197.05436946,-2623197.054369461
62000000.0,55.9 tr,65.62 tr,Honda,SH,500,Tay ga,100 - 175 cc,Việt Nam,9,50.0,bán xe sh màu trắng một đời chủ xe còn rất đẹp bán xe sh chính chủ trước mua cửa hàng honda phát tiến chính chủ đứng tên từ 2017 đến nay xe còn rất đẹp thường xuyên thay nhớt máy và số,0,0,0,0,0,0,1,57375500.0,4624500.0
5500000.0,6.99 tr,8.21 tr,Honda,Wave,12345,Xe số,100 - 175 cc,Nhật Bản,14,823.0,rsx 2012 bstp xe như hình mới chụp giấy tờ đầy đủ bao tranh chấp máy chạy mạnh bình thường kêu cò nhẹ để vậy đi bình thương muốn êm hơn chỉnh lại tý giá bán rẻ không bớt cam ơn anh chị đã đoc tin kỷ,0,1,0,0,0,0,0,8493515.312328078,-2993515.312328078
50000000.0,41.35 tr,48.54 tr,Honda,Vario,57000,Tay ga,100 - 175 cc,Không rõ,8,6333.333333333333,vario 150 bstp pxl và ít đồ kiểng cần ra đi xe ít đi để chật nhà nên cần ra đi vario lỏ 150 đời 2018 bstp xe máy móc zin chưa rớt nắp có vô ít đồ chơi sơ sơ đồ real hết ko chơi fake nha mấy ní 3 dàn ngoài vừa sơn lại dàn áo dàn chân tĩnh điện bên a 5kỹ màu xám lambor camay ánh tím phuộc ohlins 545 pô 4road 2011 mâm rcb 8 cây vỏ pirelli rosso heo trước frando đĩa tbt cốt bánh trước tbt dây dầy hel tay thắng tbt cùm phải pcx hybrid bao tay tbt xe đi pxl ecu redleo bản stand alone họng xăng swr 28 co gió cao su lớn tps redleo lọc gió dna nồi bên a út 270 pully nhôm redleo đồ zin còn pô zin 150 cặp tay thắng combo heo đĩa dây dầu zin cùm phải zin zui zẻ ít nói còn fix câm luôn fix mạnh ae thiện chí nhanh gọn lẹ lh e,0,0,0,0,0,1,0,33455034.639497865,16544965.360502135
12000000.0,11.43 tr,13.42 tr,Honda,Wave,20000,Xe số,100 - 175 cc,Nhật Bản,6,2857.1428571428573,cần bán xe xe 9 chủ xuất xứ nhật bản tan kỳ tân quý xe 9 chủ,0,1,0,0,0,0,0,12809258.253870688,-809258.2538706884
10000000.0,7.98 tr,9.37 tr,Yamaha,Sirius,60225,Xe số,100 - 175 cc,Việt Nam,10,5475.0,sirius fi 2015 màu đen cần ra đi do dư dùng xe đẹp keng bảo dưỡng định kì đầy đủ bao tranh chấp 1 đời chủ công chứng ủy quyền sang tên thoải mái biển số đẹp đẽ,0,0,0,0,1,0,0,8513562.91368888,1486437.0863111205
10500000.0,12.42 tr,14.58 tr,Honda,Dylan,85000,Tay ga,100 - 175 cc,Nhật Bản,18,4473.684210526316,honda hiệu dylan150 nhập khẩu năm 2008 màu xanh không dùng nên bán cho ai đam mê dòng xe này xe nhâp 2008 xe rin nguyên bản máy móc cực êm chạy rất đầm,0,0,0,0,0,1,0,10929662.58907063,-429662.5890706293
8500000.0,7.87 tr,9.24 tr,Honda,Lead,55000,Tay ga,100 - 175 cc,Việt Nam,14,3666.6666666666665,lead 110 fi 2012 cần bán xe lead 110 fi 1 chủ từ đầu đk 11 2012 xe đi làm hàng ngày gần nhà mới bảo dưỡng hãng mọi chức năng hoạt động tốt xe đang dán keo xem xe đường quang trung gv giờ hành chánh,0,0,0,0,0,0,0,9991017.859282767,-1491017.8592827674
35000000.0,27.84 tr,32.68 tr,Honda,Vision,1900,Tay ga,Đang cập nhật,Không rõ,3,475.0,cần bán xe mới 99 chạy được 1900km bs 64 chính chủ cần đổi xe nên bán xe mới 99 giao dịch tại bình thạnh không qua trung gian bs tỉnh,0,0,0,0,0,0,1,33131541.621260617,1868458.378739383
42000000.0,36.71 tr,43.1 tr,Honda,Air Blade,26000,Tay ga,100 - 175 cc,Việt Nam,3,6500.0,150 abs phiên bản đặc biệt fix nhanh gọn lẹ xe em chính chủ sang tiên trong ngày biển tỉnh gò công tiền giang xe zin gọi em số này,0,0,1,0,0,1,1,41080278.938950576,919721.0610494241
48000000.0,31.43 tr,36.89 tr,Piaggio,Liberty,6000,Tay ga,100 - 175 cc,Nước khác,2,2000.0,lyberty s lget abs 6 2024 6000km chính chủ tp hcm xe chính chủ nữ chạy nhà nhiều xe ít dùng tới xe chạy kỹ mới 98 liên hệ sdt,0,0,1,0,0,0,1,66708412.39358762,-18708412.39358762
12000000.0,14.38 tr,16.88 tr,Piaggio,Liberty,46000,Tay ga,100 - 175 cc,Việt Nam,10,4181.818181818182,xe trùm mền xe về chạy quanh sân giấy tờ đầy đủ máy móc êm ru,0,0,0,0,0,0,0,13193935.978904372,-1193935.978904372
5000000.0,8.66 tr,10.17 tr,Honda,Air Blade,300000,Tay ga,100 - 175 cc,Việt Nam,17,16666.666666666668,cần bán ab 2009 xe chạy còn êm điện đề cavet đầy đủ được thì qua xem xe nhanh lẹ có fixx,0,0,0,0,0,0,0,9975818.591944179,-4975818.591944179
15000000.0,6.74 tr,7.91 tr,Piaggio,Vespa,83366,Tay ga,100 - 175 cc,Việt Nam,15,5210.375,vesspa lx125 xe nhà đi sử dụng còn tốt sửa và bảo hành ở hãng do muốn nên đời nên bán lại giấy tờ đầy đủ và xe còn rất mới ít trầy sước ga êm máy móc bảo dưỡng ở hãng còn rất tốt thiện chí mua có thương lượng thêm về giá,0,0,0,0,0,0,0,7640738.029029781,7359261.970970219
10500000.0,6.69 tr,7.85 tr,Honda,Wave,66666,Xe số,100 - 175 cc,Nhật Bản,17,3703.6666666666665,bán wave s 209 dọn mới leng keng bán xe wave s 209 dọn mới leng keng từ trong ra ngoài bill 4t8 xe ko gì để tả như xe mới e bán tại nhà bao tranh chấp cho a chị xe cực đẹp cực lợi xăng đến xem xe có fix cafe xăng cộ cho a chị cảm ơn a chị xem tin,0,0,0,0,0,0,0,8493894.205893122,2006105.7941068783
15300000.0,14.15 tr,16.61 tr,Honda,Future,12000,Xe số,100 - 175 cc,Việt Nam,26,444.44444444444446,nhà chật bán bớt xe rin đầu lòng chưa mở bộ áo còn rất đẹp sơn rin ký giấy mua bán uỷ quyền bất cứ lúc nào cũng được biển số còn 4 số tp hcm,0,1,0,0,0,0,0,19736766.282177366,-4436766.282177366
65000000.0,57.96 tr,68.03 tr,Honda,SH,14000,Tay ga,100 - 175 cc,Việt Nam,8,1555.5555555555557,sh 150 cbs 2018 xe một chủ từ lúc mua ngoại hình đẹp chính chủ xe bán không phải cửa hàng dư dùng nên cần bán lại có bớt cho ae thiện trí mua cò lái ép giá xin thua xem xe tại chung cư địa chỉ xem xe trùng với cacet công chứng mua bán ngay khi giao dịch,0,0,0,0,0,0,1,73117790.56112969,-8117790.561129689
29000000.0,26.35 tr,30.93 tr,Yamaha,Exciter,60000,Tay côn/Moto,100 - 175 cc,Việt Nam,5,10000.0,mua bán hssv xe bị xước nhẹ ae cần liên hệ vs e còn thương lượng,0,0,0,0,0,0,0,26800541.272020858,2199458.727979142
76000000.0,75.76 tr,88.93 tr,Honda,SH,3500,Tay ga,100 - 175 cc,Việt Nam,2,1166.6666666666667,sh 125 cbs t12 2024 bstp em cần bán sh125 cbs cuối t12 2024 bstp 9c em đứng tên xe trắng đen sporty odo 3500km siêu lướt còn bh hãng 8 tháng không khác gì xe mới đồ zin 2 kính 2 remote sổ sách đầy đủ anh chị em qua xem xe rõ hơn giá mong muốn 76tr em còn bớt em ở hcm tân bình,0,0,0,0,0,1,0,76157011.8018053,-157011.8018053025
49500000.0,49.35 tr,57.93 tr,Honda,SH Mode,8800,Tay ga,100 - 175 cc,Việt Nam,4,1760.0,honda shmode 125 xanh đen 2022 zin nguyên đẹp bán xe honda shmode fi 125 màu xanh đen cuối năm 2022 xe zin nguyên sơn zin bao keo không trầy xe chạy 9000 km bao zin xe còn rất mới ốc tán sáng len ken máy mạnh ngon êm ru biên số thành phố ngay chủ ký công chứng sang tên hoặc uỷ quyền 20 năm giá bán 49 tr 500 xem xe mua bán tại nhà phường 13 quận 11,0,1,0,0,0,1,0,51309221.36523301,-1809221.3652330115
21500000.0,18.56 tr,21.79 tr,Honda,Vision,29000,Tay ga,100 - 175 cc,Không rõ,8,3222.222222222222,can tiền nen ban xe zin chính chủ nha đi nay kẹt tiền cần bán lai,0,0,0,0,0,1,1,19266004.19327636,2233995.8067236394
17000000.0,15.8 tr,18.55 tr,Yamaha,Exciter,20000,Xe số,100 - 175 cc,Việt Nam,15,1250.0,exciter 135 up 2010 bao mạnh máy hơi dọng nồi dàn áo theo năm tháng có gãy pat 2 bên bửng và sau pat yên về thay lại dàn áo là oke cần nhắn tin qua sđt tư vấn,0,0,0,0,0,0,0,17765271.550520107,-765271.5505201072
11000000.0,12.59 tr,14.78 tr,Honda,Air Blade,28800,Tay ga,100 - 175 cc,Nhật Bản,16,1694.1176470588234,bán abfi không dùng đến cần bán xe 1 chủ từ đầu bảo dưỡng định kỳ giấy tờ đầy đủ giá 11tr sdt,0,0,0,0,0,0,0,9985536.625071421,1014463.3749285787
7500000.0,6.69 tr,7.85 tr,Honda,Wave,66666,Xe số,100 - 175 cc,Nhật Bản,17,3703.6666666666665,wave s cần bán wave s máy êm điện đề đầy đủ k9c bao tranh chấp giá 7tr5,0,0,0,0,0,0,0,8493894.205893122,-993894.2058931217
33000000.0,44.59 tr,52.35 tr,Honda,SH,29000,Tay ga,100 - 175 cc,Việt Nam,10,2636.3636363636365,xe sh 2016 nữ chạy do nhà nhiểu xe nên muốn để lại cho ae xe ít chạy máy ok xe chính chủ nên ae yên tâm có bớt tí cho ae nhanh gọn ae vui long đt yru75c tiếp nhé cám ơn ad đã duyệt bài,0,0,0,0,0,0,1,47759111.111111104,-14759111.111111104
145000000.0,95.08 tr,111.62 tr,Honda,SH,40000,Tay ga,100 - 175 cc,Không rõ,16,2352.9411764705883,sh nhà đi kĩ xe nhà đi kĩ còn mới xe zin 103 đầu chính chủ ra công chứng ngay,0,0,0,0,0,1,1,115966683.05333333,29033316.946666673
51000000.0,41.35 tr,48.54 tr,Honda,Vario,49000,Tay ga,100 - 175 cc,Nước khác,8,5444.444444444444,cần bán vario 150 mẫu cũ 2018 ngay chủ đứng tên cần bán vario 150 2018 ngay chủ đứng tên cavet sang tên mua bán uỷ quyền đều được hiện trạng xe nhà sử dụng zin cũ theo năm tháng máy móc nguyên zin chưa đụng chạm xe đi odo đúng 49000 ai cần liên hệ xem xe quận 12,0,0,0,0,0,1,0,35607839.63496531,15392160.365034692
100000000.0,95.08 tr,111.62 tr,Honda,SH,300000,Tay ga,100 - 175 cc,Nước khác,16,17647.058823529413,sh ý 2010 sh nhập khẩu từ ý 125i sm 102 trắng đen bao chưa rớt đầu xe chính chủ máy móc nguyên bản bstp công chứng trong ngày ace lại coi xe địa chỉ quốc lộ 50 cầu ông thình lh,0,1,0,0,0,1,1,118839138.1288889,-18839138.128888905
32000000.0,32.03 tr,37.61 tr,Honda,Vario,300000,Tay ga,100 - 175 cc,Thái Lan,5,50000.0,xe chinh chủ sang tên 1 nót ko tiếp cò lái giấy tờ tphcm xe còn ok im ru ae xem xe thỏa thuận,0,0,0,0,0,0,0,34965244.503434755,-2965244.503434755
25000000.0,17.97 tr,21.09 tr,Honda,Dòng khác,54302,Tay ga,100 - 175 cc,Việt Nam,9,5430.2,xe không sử dụng cần bán tình trạng xe còn mới không tai nạn không trày xước nặng bảo hành 5000 10000km lần tại hãng giấy tờ chính chủ,0,0,0,0,0,0,1,23510784.95816493,1489215.0418350697
23500000.0,20.04 tr,23.53 tr,Honda,Air Blade,33333,Tay ga,100 - 175 cc,Việt Nam,10,3030.2727272727275,ab đèn led air blade bstp 9c mình cần bán ab 2016 máy zin êm xe sạch sẽ đẹp keng giấy tờ bstp chính chủ kí giấy ngay cho ng mua có nhận giao lưu xe bù trừ xem xe tại nhà quận 8,0,0,0,0,0,1,1,17765174.442006424,5734825.557993576
3300000.0,10.4 tr,12.2 tr,Honda,Wave,1,Xe số,50 - 100 cc,Trung Quốc,8,0.1111111111111111,wave trung quốc dàn áo xấu máy móc ngon lành giấy tờ đầy đủ biển số tp xe fixx nhẹ cho ai nhanh gọn,0,0,0,0,0,0,0,10201878.424902875,-6901878.424902875
87000000.0,74.57 tr,87.54 tr,Honda,SH,700,Tay ga,100 - 175 cc,Thái Lan,4,140.0,không dùng cần bán sh150abs biển số q3 đi 631km xe để lâu không đi bán rẻ cho ai cần về dùng,0,0,1,0,0,0,0,97241500.0,-10241500.0
57500000.0,57.07 tr,67 tr,Yamaha,XSR,10000,Tay côn/Moto,100 - 175 cc,Việt Nam,4,2000.0,xsr 155 2022 bản đặc biệt full option tphcm mấy bạn cửa hàng vui lòng không liên hệ tránh mất thời gian đôi bên hết đam mê bán lại xe xsr 155 2022 bản đặc biệt trắng đỏ đen số cavet xe 011111 ngoại hình 95 không đâm đụng ngậm nước xe đã lên abs chính hãng honda xe đã vào nhiều đồ chơi cơ bản như sau chống đổ khung chống đổ sườn chân chống đứng gù nâng ghi đông xi nhan trước sau tay dắt túi treo hông giá đỡ điện thoại xe chính chủ công chứng sang tên không bao gồm heo brembo trước sau không bao gồm tay côn tay thắng rcs đèn loboo,0,0,1,0,0,0,1,65346666.666666664,-7846666.666666664
12400000.0,12.27 tr,14.4 tr,Honda,Vision,16000,Tay ga,100 - 175 cc,Nhật Bản,12,1230.7692307692307,mới mua xe cần bán xe cũ vision đời 2014 mua xe mới nên nhà mình còn dư 1 chiếc xe không dùng tới vision đời 2014 biển số 59 thành phố xe không chính chủ mình ở tạ quang bửu q8 liên hệ zalo cầnmuaxe vision,0,0,0,0,0,0,1,13456508.771328613,-1056508.7713286132
22000000.0,17.35 tr,20.37 tr,Suzuki,Raider,58000,Tay côn/Moto,100 - 175 cc,Việt Nam,8,6444.444444444444,xe raider chính chủ bstp nguyên zin cần bán 1 xe raider nguyên zin máy êm như chó thở vừa thay nhông sên dĩa xe mới vừa lột keo vừa thay nhớt motul 300v vừa thay cặp vỏ maxxis 80 90 100 80 xe như mới ko phải bàn biển số tphcm chính chủ công chứng giá 22m tks anh em xem tin,0,0,0,0,0,1,1,19231410.806952525,2768589.193047475
20000000.0,18.4 tr,21.6 tr,Yamaha,PG-1,27000,Tay ga,100 - 175 cc,Nhật Bản,8,3000.0,xe cao quá vợ không chạy duoc xe cao k di duoc nen e cần bán lại xe ủy quyền lần 2 chính chủ ae co nhu cầu lien he,0,0,0,0,0,0,1,16691796.079705788,3308203.920294212
16500000.0,18.68 tr,21.93 tr,Honda,PS,50000,Tay ga,100 - 175 cc,Việt Nam,18,2631.5789473684213,cần bán xe ps nhà dư dùng cần bán xe ps chạy êm xe nhà đi nên cũng kĩ lắm nhé không hư hỏng gì đâu mua về chỉ việc chạy thôi ko sửa chữa gì thêm nữa,0,0,0,0,0,0,0,10208347.375454294,6291652.624545706
52000000.0,26.52 tr,31.14 tr,Honda,Future,84000,Xe số,100 - 175 cc,Việt Nam,17,4666.666666666667,future neo fi chính chủ nguyên zin biển số đẹp xe còn nguyên zin chưa bung dàn đầu xe chính chủ tại tphcm bao sang tên công chứng có thể ủy quyền để giữ lại biển số xe nữ chạy máy móc êm ru giá còn thương lượng khi xem xe,0,0,0,0,1,1,1,27943195.817129306,24056804.182870694
9800000.0,9.02 tr,10.58 tr,Daelim,Dòng_Khác,300000,Tay côn/Moto,100 - 175 cc,Hàn Quốc,30,9677.41935483871,cafe racer 125cc daelim vc 125cc đã up cafe racer máy zin êm ổn định mọi chức năng hoạt động đầy đủ hỗ trợ cho ae new bike trải nghiệm dòng xe này liên hệ xem xe trực tiếp có ưu đãi tốt giấy tờ đầy đủ cavet zin theo xe bstp,0,0,0,0,0,1,0,12861869.110500848,-3061869.110500848
7500000.0,7.37 tr,8.65 tr,Honda,Wave,60000,Xe số,100 - 175 cc,Nhật Bản,13,4285.714285714285,xe dư cần bán xe mua lâu ít chạy nên cần bán máy móc êm ái mua về chỉ xăng nhớt là chạy giấy tơ bao tranh chấp ai có như cầu thì gọi ạ it onl tin nhắn,0,0,0,0,0,0,0,8490301.891198598,-990301.8911985978
17000000.0,13.34 tr,15.66 tr,Yamaha,Sirius,21000,Xe số,100 - 175 cc,Việt Nam,3,5250.0,sirius 11 2023 xanh chính chủ bstp xe zin chưa động máy móc êm chạy kĩ thay nhớt hãng định kỳ sổ bảo hành đầy đủ đăng ký xe t11 2023 xe chính chủ bstp xem xe tại q12,0,1,0,0,0,1,1,16355477.905982463,644522.0940175373
9000000.0,,,Bazan,Dòng khác,20000,Xe số,Dưới 50 cc,Trung Quốc,4,4000.0,thanh lý xe k dùng đến cần bán xe máy như hình 50cc xe ít đi đang mới leng keng luôn đầy đủ các chức năng sang tên bs tphcm ai cần lh e ạ,0,1,0,0,0,0,0,9783509.704569919,-783509.704569919
4270000.0,6.06 tr,7.11 tr,Honda,Wave,15,Xe số,100 - 175 cc,Nhật Bản,16,0.8823529411764706,wave giấy tờ đầy đủ đề nhẹ nổ cần bán xe wave máy móc bao im hệ thống điện vẫn còn hoạt động bình thường giấy tờ đầy đủ hợp lệ giá sinh viên còn fix cho bạn nào thiện chí muốn mua thu mua trao đổi xe máy các loại,0,0,0,0,0,0,0,8518393.230099987,-4248393.230099987
70000000.0,59.58 tr,69.94 tr,Piaggio,Vespa,733,Tay ga,100 - 175 cc,Việt Nam,3,183.25,chính chủ bán xe vespa sprint 150 iget nguyên bản cần tìm chủ mới cho xe piaggio vespa sprint 150 iget thời trang mới đẹp long lanh mua tháng 10 2023 chủ yếu để dưới hầm chung cư không bị nắng mưa đi rất it có 733km từ khi mua tới giờ xe mới như hình không một vết trầy xước mua tháng 10 2023 chủ yếu để dưới hầm chung cư không bị nắng mưa đi rất it có 733km từ khi mua tới giờ xe mới như hình không một vết trầy xước test xe tại hãng giá mong muốn 70 triệu khách thiện chí còn bớt,0,0,0,0,0,1,1,63361971.389721386,6638028.610278614
42000000.0,36.19 tr,42.49 tr,Honda,Vario,400,Tay ga,100 - 175 cc,Việt Nam,2,133.33333333333334,cần bán vario 125 đki 2024 odo 400km do thua banh nên bán xe mới chạy đc 400km còn mới tinh mua từ hãng bstp dễ thương 19990 như dắt hãng đẩy lẹ 42tr ae ai qtam nhanh lẹ còn bớt chút xăng xe,0,0,0,0,0,0,0,42484514.32151688,-484514.3215168789
8500000.0,7.91 tr,9.28 tr,Yamaha,Jupiter,100000,Xe số,100 - 175 cc,Nhật Bản,13,7142.857142857143,bán xe đi cày xe máy ngon bốc tiết kiệm xăng mua vè chỉ việc đổ xăng chạy luư ý ae đọc ký rồi liên hệ xe màu gốc đỏ đen mua bán giao cà vẹt,0,1,0,0,0,0,0,6374686.701987171,2125313.2980128294
55000000.0,44.64 tr,52.4 tr,Honda,SH,25000,Tay ga,100 - 175 cc,Không rõ,20,1190.4761904761904,bán sh ý 150i đời 2006 xe đẹp mới tinh chính chủ tôi cần bán chiếc xe sh ý 150i đời 2006 fi phun xăng điện tử đã dọn lên shi 2012 xe máy móc êm ru chạy bốc nồi không hú hí đường nước ổn định đèn bình còi nghiêm chỉnh bề ngoài xe đẹp mới tinh lên áo v3 mới liền lạc đã lên 2 đĩa đồng hồ koso khóa smakey xe về chỉ đi không cầm làm gì cả nhớt máy nhớt láp bình acqui mới thay biến số đẹp 15958 dịch ra là nhất sinh cửu lộc sinh phát tám nút vì là xe tâm huyết của tôi tôi là nhạc sĩ nên mọi người yên tâm khuyến khích lên xem xe thực tế sẽ thích ngay chỉ bỏ ra vài chục triệu mà có chiếc xe sh ý máy ngon sang trọng chẳng kém gì chiếc xe sh ý vài trăm triệu còn chờ gì mà suy nghĩ trải nghiệm ngay và liền nay tôi có việc nên mới bán tôi chủ xe 60 tuổi miễn trả giá tùm lum không nhận tin nhắn miễn tiếp anh em cò lái muốn mua đt trực tiếp không linh tinh mất thì giờ đôi bên cảm ơn mọi người đã xem tin cảm ơn chợ tốt đã duyệt tin xe tôi chính chủ ký công chứng ủy quyền hay ký mua bán đều hợp lệ cảm ơn mọi người,0,1,0,0,1,0,1,41626666.666666664,13373333.333333336
70000000.0,62.14 tr,72.95 tr,Honda,SH,190000,Tay ga,100 - 175 cc,Việt Nam,7,23750.0,bán xe sh 2019 cb ít đi bs tp hcm cần bán xe sh 2019 150cc xe mới như hình ít đi xem xe trực tiếp tại nhà có thương lượng cho khách thiện chí,0,0,0,0,0,0,0,60519222.222222224,9480777.777777776
118000000.0,74.3 tr,87.23 tr,Honda,SH,7300,Tay ga,Trên 175 cc,Việt Nam,4,1460.0,sh 350i 2022 máy thái xe đang chạy bán 1 đời chủ k qua cò lái,0,0,0,0,0,0,0,117477333.33333333,522666.66666667163
11500000.0,14.31 tr,16.8 tr,Honda,Wave,50000,Xe số,100 - 175 cc,Việt Nam,4,10000.0,bán xe chính chủ cần bán xe chính chủ zin từ a z bán cho người dùng thiện chí không tiếp cò lái,0,0,0,0,0,1,1,15757051.629440019,-4257051.629440019
10000000.0,8.64 tr,10.15 tr,Honda,Blade,27000,Xe số,100 - 175 cc,Việt Nam,10,2454.5454545454545,xe honda blade 110 cần bán xe honda blade 110 xe như hình chính chủ bs đồng tháp máy móc êm mạnh mua về đỗ xăng là chạy thích hợp cho anh em chạy grap giá 10tr ai cần inbox để biết thêm thông tin chi tiết xin cảm ơn,0,0,0,0,0,0,1,10647479.016080193,-647479.0160801932
3250000.0,4.18 tr,4.91 tr,Hãng khác,Dòng khác,255585,Xe số,50 - 100 cc,Hàn Quốc,22,11112.391304347826,cần bán gấp cần bán gấp xe giấy tờ đầy đủ bình đề kèn nhan tất cả đều tốt,0,0,0,0,0,0,0,5096866.263422075,-1846866.2634220747
16800000.0,8.01 tr,9.41 tr,Honda,Dylan,30000,Tay ga,100 - 175 cc,Việt Nam,21,1363.6363636363635,dylan lên sh 150i smartkey bstp máy cực êm không có nhu cầu sử dụng nên cần bán dylan bstp đã lên full dàn áo sh lên sẵn smartkey xe máy móc êm ru khộnh lỗi lầm dàn ngoài trầy xước nhẹ theo năm tháng mua bán tại nhà bao tranh chấp toàn quốc giá 16 800 000 mong gặp người thiện chí xem xe trực tiếp tại bình thạnh hcm cảm ơn mọi người đã đọc tin,0,0,0,1,0,0,0,10160420.809469732,6639579.1905302685
7200000.0,3.92 tr,4.6 tr,Hãng khác,Dòng khác,300000,Xe số,50 - 100 cc,Hàn Quốc,20,14285.714285714286,xe thợ cần bán máy êm thay dàn áo mới xe còn cứng bao ngon bán rẻ anh em cần,0,0,0,0,0,0,0,5026401.792484675,2173598.2075153254
79000000.0,65.71 tr,77.13 tr,Honda,SH,42000,Tay ga,100 - 175 cc,Việt Nam,6,6000.0,sh150i abs 2020 trắng xe đang sử dụng mà hơi cao nên chở 2 cháu nhỏ hơi cực nên cần bán đổi xe sh150 abs đk 01 2020 trắng odo 42k đã thay 2 lốp bugi iridium xe có nhiều vết trầy xước và màu hơi ngã theo thời gian giá 79tr thương lượng để anh em về spa xem xe tân bình hoặc q12,0,0,1,0,0,0,0,75146960.29591323,3853039.7040867656
14500000.0,14.57 tr,17.1 tr,Honda,Winner,50000,Tay côn/Moto,100 - 175 cc,Không rõ,8,5555.555555555556,winner v1 dọn kiểng bs95 gtdd winner v1 bs95 giấy tờ đầy đủ không chính chủ mua bán tại nhà bao tranh chấp máy móc zin êm dọn kiểng nhẹ xem xe quận 4 sg giá 14 5 còn thương lượng,0,0,0,0,0,1,1,15851527.623004554,-1351527.6230045538
47000000.0,15.04 tr,17.65 tr,Honda,Dream,38000,Xe số,50 - 100 cc,Thái Lan,33,1117.6470588235295,bán xe dream thái tem hồng trùm mền chính chủ lớn tuổi không sử dụng nên cần bán chiếc dream thái tem hồng đời 93 cho ai cần xe mua mới trong hãng rất ít chạy xe zin nguyên bản chưa hề dặm tút xe máy móc nguyên bản chưa đụng chạm gì hết xe nhà sử dụng rất kỹ xe biển số thành phố chính chủ bán ai thích dòng xe này gọi cho mình,0,0,0,0,0,1,1,18443042.541178312,28556957.458821688
25000000.0,20.65 tr,24.24 tr,Honda,Sonic,70000,Tay côn/Moto,100 - 175 cc,Nước khác,7,8750.0,sonic 2019 muốn đổi tay ga nên cần bán sonic 2019 chính chủ một đời chủ bs tân an long an bạn nào có nhu cầu thì alo mình hoặc nt trên chợ tốt cũng được nhé cảm ơn chợ tốt duyệt tin,0,0,0,0,0,0,1,22507171.76093143,2492828.2390685715
16500000.0,16.55 tr,19.43 tr,Honda,Lead,999,Tay ga,100 - 175 cc,Nhật Bản,10,90.8181818181818,honda lead 2016 biển sài gòn chính chủ nhà cần bán chiếc xe honda đi đăng ký năm 2016 sài gòn chính chủ xe đi kỹ còn khá mới có trầy xước chút ít theo thời gian,0,1,0,0,0,0,1,17044064.40639391,-544064.4063939117
18500000.0,21.96 tr,25.78 tr,Honda,Air Blade,29000,Tay ga,100 - 175 cc,Việt Nam,8,3222.222222222222,airblade 125 fi đèn led đời 218 bản đặc biệt gđ có con ab đèn led đời 2018 muốn bán máy móc zin êm ru chưa đụng chạm sửa chữa đi bao vọt xe bs sài gòn k9c mua bán viết giấy mua bán bao tranh chấp nước sơn zin cả xe còn mới tinh ở ngoài đẹp như trong hình không khác gì anh chị thiện chí mua bớt chút đỉnh,0,0,0,0,0,1,0,21856339.228005707,-3356339.2280057073
45000000.0,51.03 tr,59.9 tr,Kawasaki,Dòng_Khác,67000,Tay côn/Moto,Trên 175 cc,Không rõ,10,6090.909090909091,cần thanh lý kawasaki z300 cần thanh lý z300 máy êm bô bóc ngoại hình ok bao tranh chấp,0,1,0,0,0,0,0,64327346.75777536,-19327346.75777536
7300000.0,7.12 tr,8.36 tr,Suzuki,Impulse,36688,Tay ga,100 - 175 cc,Nhật Bản,10,3335.2727272727275,suzuki impulse fi nhật bản sx bstg êm siêu bền suzuki impulse fi nhật bản sx sơn zin đỏ đen bóng đẹp có trầy nhẹ theo tg máy cực êm phun xăng điện tử đi xa rất tốt rất lợi xăng full đầy đủ các chức năng về đi ngay không cần phải chỉnh sửa gì cả có giấy tờ cavert cccd chủ đầy đủ bstg 9 nút lộc phát mang lại nhiều may mắn nhé nhà bán bao tranh chấp toàn quốc kiểu dáng đẹp phù hợp với mọi giới thích hợp hs sv ace về chạy grap bi cốp rộng yên đại dài chở thêm được cháu nhỏ mời lh 56 a1 nguyễn đình chiểu q1 a hưng vl gọi lh trực tiếp tk s all,0,0,0,0,0,1,0,12729182.001688024,-5429182.001688024
14000000.0,13.6 tr,15.96 tr,Honda,Air Blade,250000,Tay ga,100 - 175 cc,Việt Nam,13,17857.14285714286,lh tân phú bình tân còn thương lượng xe mới keng ít chạy khu vực tân phú bình tân,0,0,0,0,0,0,0,10287563.399471812,3712436.600528188
23000000.0,21.96 tr,25.78 tr,Honda,Air Blade,65000,Tay ga,100 - 175 cc,Không rõ,8,7222.222222222223,cần bán xe ab 2018 bstp chính chủ xe nhà sử dụng nay bán theo hình thức công chứng mua bán thu hồi biển số ko công chứng ủy quyên xe đăng ký 4 2018 khóa thường ngoại hình như ảnh xe chưa qua sửa chữa máy móc nguyên zin giá đăng là giá bán mua bán tại nhà bao công chứng anh em nào mua xe sang tên đổi chủ liên hệ nhé cám ơn chợ tốt gọi để biết thêm chi tiết,0,1,0,0,0,1,1,19265910.554191682,3734089.4458083175
22500000.0,16.76 tr,19.67 tr,Yamaha,Exciter,90000,Tay côn/Moto,100 - 175 cc,Không rõ,8,10000.0,exciter 65zz full kiểng nhượng lại đam mê cần ra đi exciter 65zz up đầu led bst cmc full ốc salaya phuộc nitron niềng cnc thái giá bay 22 5tr,0,0,0,0,0,0,0,18178391.61616854,4321608.38383146
9200000.0,10.39 tr,12.2 tr,Honda,Wave,25,Xe số,100 - 175 cc,Không rõ,8,2.7777777777777777,wave a em đi học ít đi giữ kĩ chính chủ bs hcm em lên đời xe tay ga dư bán nhé ba mua cho em dei học giờ em đi làm em đổi xe tay ga dư em bán nhé xe đời 2008 xe nhật đúng hãng honda máy móc còn zin nguyên chưa sửa gì ạ xe chính chủ ra công chứng sang tên được nhé có đầy đủ chức năng máy êm thì thầm ai có nhu cầu mua lại thì gọi cho em nha,0,0,0,0,0,1,1,11254860.74381988,-2054860.7438198794
30000000.0,21.86 tr,25.66 tr,Honda,Future,123568,Xe số,100 - 175 cc,Việt Nam,19,6178.4,future 1 đời chủ xe 1 đời chủ không còn nhu cầu sử dụng,0,0,0,0,0,0,0,17675692.896972768,12324307.103027232
35500000.0,18.73 tr,21.99 tr,Honda,SH,30000,Tay ga,100 - 175 cc,Không rõ,23,1250.0,bán xe sh đời đầu 150 xe sh đời đầu lên áo v3 2 đĩa uỷ quyền lần 2 giá 32 củ máy êm điện nước đầy đủ bảo hành 3 tháng cho ae chạy,0,0,0,0,0,0,0,32766666.666666668,2733333.333333332
13000000.0,15.9 tr,18.67 tr,Honda,Air Blade,100000,Tay ga,100 - 175 cc,Việt Nam,11,8333.333333333334,cần bán xe xe nguyên zin dàn áo cứng cáp máy mạnh không chính chủ xe đang ở tiệm cần bán gấp do em kẹt tiền cảm ơn,0,0,0,0,0,1,1,16248278.21905145,-3248278.2190514505
5600000.0,4.37 tr,5.13 tr,Hãng khác,Dòng khác,1234,Xe số,100 - 175 cc,Hàn Quốc,19,61.7,xe wave s hàn quốc 125 mới 95 mình cần bán chiếc wave s màu đen nữ chạy còn rất mới xe nguyên zin xe chạy không hao xăng đề nhẹ là chạy giấy tờ đầy đủ xe bao tranh chấp phù hợp cho các bạn vừa đi làm đi học có gì liên hệ mình xem xe gần đầm sen tphcm xe liên doanh,0,0,0,0,0,1,0,5518224.469418027,81775.53058197256
25000000.0,47.37 tr,55.61 tr,Honda,Dòng khác,200000,Tay côn/Moto,100 - 175 cc,Việt Nam,5,33333.333333333336,sonic giao lưu tay ga xe bao mêm biển số thành phố cần giao lưu tay ga,0,0,0,0,0,0,0,23965184.862189393,1034815.1378106065
4000000.0,4.37 tr,5.13 tr,Hãng khác,Dòng khác,50000,Tay côn/Moto,50 - 100 cc,Việt Nam,19,2500.0,xe win cần ra di em nó giá 4tr minh o sai gon,0,0,0,0,0,0,0,10584624.453459175,-6584624.453459175
6800000.0,6.02 tr,7.06 tr,Yamaha,Sirius,66666,Xe số,100 - 175 cc,Thái Lan,19,3333.3,si thái máy zin êm như xe điện bstp cần bán sirius 2007 máy thái cực kì êm đầu lòng ống hơi bstp giấy tờ hợp lệ xe liền lạc cứng cáp sạch sẽ nghiêm chỉnh mua về sử dụng ngay,0,0,0,0,0,1,0,6781674.700605313,18325.299394686706
20000000.0,14.11 tr,16.56 tr,Honda,Dream,39000,Xe số,100 - 175 cc,Thái Lan,31,1218.75,dream thailand 1995 xe chính chủ bán xe nhà sử dụng máy êm ái sườn ko mục bstp full chức năng mua về sử dụng ngay ko tốn phí sửa chữa đồ zin theo xe còn đầy đủ ae có nhu cầu mua gọi điện thoại trực tiếp nhắn tin tự đọc nhé tiếp người thiện chí ko tiếp anh đàn bà trả giá như đi chợ nhé thank you mọi người đã xem tin,0,0,0,0,0,1,1,17528506.06316106,2471493.93683894
7000000.0,6.89 tr,8.08 tr,SYM,Shark,20000,Tay ga,100 - 175 cc,Việt Nam,16,1176.470588235294,em cần bán xe sym shark 125cc xe lợi xăng chạy êm máy khoẻ bình mới thay yên mới bọc lốp mới kẹt tiền nên cần bán fix nhẹ cho ai mua nhanh xem xe q12 ngã tư ga alo k chín hai tám k k năm k chín k,0,0,0,0,0,0,0,5377865.195657212,1622134.8043427877
9000000.0,6.13 tr,7.2 tr,Yamaha,Nouvo,89000,Tay ga,100 - 175 cc,Việt Nam,13,6357.142857142857,bán xe novou 5 2013 vỏ sau mới 100 mới thay bộ chén cổ hảng làm phuộc trước 730k thay nhớt máy số thay nước mát 100 bố thắng trước sau mới 100 thay bạc đạn trước còi nhại kính bao tay thắng mới giấy tờ đầy đủ không 9 chủ nói chung xe mình ít đi sạch sẽ dễ nhìn giá 9 củ ae thích thì alo mua về là đi khỏi làm j thêm ae nhìn xe là biết xe cứng cáp rồi hợp alo mình,0,0,0,0,0,0,0,5984894.5542189935,3015105.4457810065
8700000.0,5.94 tr,6.97 tr,Honda,Wave,55555,Xe số,100 - 175 cc,Việt Nam,16,3267.9411764705883,xe honda wave s110 chính chủ nguyên zin biển tphcm nhà dư xe nên thanh lý chính chủ ký giấy mua bán liền xe thích hợp ace mua đi làm đi học vì rất lợi xăng máy êm ru xe cũ theo năm tháng mọi chức năng dùng tốt ạ chỉ bớt xăng cộ không bớt được nhiều,0,1,0,0,0,1,1,10986478.312414847,-2286478.3124148473
15500000.0,14.65 tr,17.2 tr,Yamaha,Sirius,9000,Xe số,100 - 175 cc,Không rõ,2,3000.0,sirius 2024 chính chủ xe sirius 2024 zin máy êm công chứng ngay sau khi giao dịch xong,0,0,0,0,0,1,1,16570706.416659607,-1070706.4166596066
4000000.0,6.77 tr,7.94 tr,Honda,Wave,1,Xe số,50 - 100 cc,Trung Quốc,18,0.0526315789473684,kẹt tiền r cần ra đi e noaa wave tq xe full mọi chức năng xe tiết kiệm xăng máy móc ok đi pô wave thái móc nhẹ giấy tờ dd cave đaq cầm 500k còn hạn ai ok ib e ạ giá còn fixx xem trực tiếp q6,0,0,0,0,0,0,0,4523926.147144702,-523926.14714470226
7268688.0,8.21 tr,9.64 tr,Yamaha,Nozza,17000,Tay ga,100 - 175 cc,Việt Nam,14,1133.3333333333333,xe bán tình trạng xe như hình giấy tờ đẩy đủ không chứng giấy duoc khu vực sg,0,0,0,0,0,0,0,5925538.69578161,1343149.30421839
14500000.0,14.57 tr,17.1 tr,Honda,Winner,300000,Tay côn/Moto,100 - 175 cc,Việt Nam,8,33333.333333333336,bán xe nguyên zin nguyên zin vỏ hơi trầy nên bán giá đó liên hệ,0,0,0,0,0,1,0,16731046.472751923,-2231046.472751923
37800000.0,33.02 tr,38.76 tr,Honda,Lead,12000,Tay ga,100 - 175 cc,Việt Nam,4,2400.0,chính chủ bán xe lead 4val dán keo full xe chính chủ bán xe lead 4 val màu bạc nhám dán keo full xe đời 2022 giá 37tr800k bớt lộc odo chuẩn theo xe chính chủ công chứng mua bán hoặc uq ngay khi mua xem xe ở bình chánh hcm,0,0,0,0,0,0,1,37428033.310923725,371966.68907627463
65000000.0,74.21 tr,87.11 tr,Honda,SH,55625,Tay ga,100 - 175 cc,Việt Nam,3,13906.25,cần bán xe sh đỏ đen xe sh màu đỏ đen xuấn xứ việt nam số km 5562 5,0,0,0,0,0,0,0,82795266.72216672,-17795266.722166717
20500000.0,13.75 tr,16.14 tr,Honda,Winner,20000,Tay côn/Moto,Trên 175 cc,Việt Nam,9,2000.0,winner v1 biển số 60 máy làm 60 3 bao êm dàn ngoài leng keng sạch sẽ mâm redleo racing phuộc sau yss g serri smartkey gắp nối vd mạch tăng sáng trợ sáng full ốc salaya giá e bán 20tr500k hổ trợ góp qua ngân hàng có bảo hành máy móc cho ae chơi hổ trợ góp tay đôi với cửa hàng trả trước 80 bao ship xe cho ae bán kính 50km nhận giao lưu trao đổi xe khác bao quay đầu cho ae chơi xem xe 119 7 đường tam bình thủ đức,0,0,0,1,0,0,0,36895829.24336876,-16395829.24336876
16800000.0,20.04 tr,23.53 tr,Honda,Air Blade,15000,Tay ga,100 - 175 cc,Việt Nam,10,1363.6363636363635,airblade 2016 đen xám xe mình đã vệ sinh bảo dưỡng nhớt máy láp nước mát nồi bố thắng trước sau nhẹ tưn phuộc trước sau đã hạ thấp nữ đi cũng ok máy zin mạnh vặn là có đừng so sánh xe này với cửa hàng đang bán nhé bán viết giấy bao tranh chấp cavec xem xe tại nhà tin còn xe còn,0,0,0,0,0,1,0,17742261.511918817,-942261.5119188167
11200000.0,8.38 tr,9.83 tr,Honda,Cub,38000,Xe số,Dưới 50 cc,Nhật Bản,24,1520.0,bán xe cup nhật 50cc có đề xe cub honda nhật 50 cc nhà dư dùng cần bán lại cho anh chị em nào mua cho con em đi học không phải lo sợ bị công an bắt xe đẹp máy chạy êm ru tiết kiệm xăng xe mua bán tại nhà giấy tờ đầy đủ hộp lệ lh số đt xin cảm ơn chợ tốt đăng tin giúp đỡ ạ,0,0,0,0,0,0,0,9421943.97914005,1778056.0208599493
19000000.0,19.98 tr,23.46 tr,Honda,Air Blade,29000,Tay ga,100 - 175 cc,Không rõ,10,2636.3636363636365,kẹt tiền cần bán gấp xe ab2016 kẹt tiền nên minh cần bán gấp xe ab2016 xe khôg chính chủ xe mới lencen k vết sướt đã gắn sẵn chống trộm,0,0,0,0,0,0,1,17473946.434100963,1526053.5658990368
7000000.0,6.09 tr,7.15 tr,Yamaha,Luvias,20000,Tay ga,100 - 175 cc,Nhật Bản,15,1250.0,cần bán chiếc lu xăng cơ như hình cần bán chiếc lu xăng cơ như hình máy móc mới làm êm ái gtdd 09c bs72 xem xe có fix khu vực củ chi hóc môn bình dương,0,0,0,0,0,0,0,5825950.14908825,1174049.8509117505
15000000.0,7.25 tr,8.51 tr,Honda,Lead,40000,Tay ga,100 - 175 cc,Việt Nam,15,2500.0,xe lead biển số vip xe bà xã đi chợ nay cần thanh lý giá 15 00 000 mới thay cặp vỏ xe xe chạy bao ngon xe chính chủ công chứng liền 30giây xe biển số cực kỳ đẹp nguyên cặp thần tài 39 79 anh em cần liên hệ xem xe tại quận phú nhuận vũ,0,1,0,0,0,0,1,10518068.871871416,4481931.1281285845
45000000.0,37.85 tr,44.43 tr,Honda,Air Blade,50000,Tay ga,100 - 175 cc,Việt Nam,2,16666.666666666668,xe honda ab 125cc chính chủ cần bán xe ab 125cc chính chủ mới mua 10 2024 xe còn mới 99 xe chính chủ biển số tphcm,0,0,0,0,0,0,1,42033913.85820749,2966086.1417925134
13500000.0,7.75 tr,9.1 tr,Honda,Dylan,100000,Tay ga,100 - 175 cc,Việt Nam,16,5882.35294117647,dư xe nhà chính chủ zin all xe không sử dụng cần ra đi gấp fix xăng cộ vv,0,0,0,0,0,1,1,11718118.051477486,1781881.9485225137
7000000.0,6.78 tr,7.96 tr,Honda,Wave,77000,Xe số,100 - 175 cc,Việt Nam,17,4277.777777777777,xe wave rs chính chủ bstp đổi xe nên cần bán chiếc wave rs xe nhà đi chính chủ giấy tờ đầy đủ nhé xe vẫn đang chạy bình thường không vấn đề gì,0,0,0,0,0,0,1,9364206.290147264,-2364206.2901472636
3800000.0,3.25 tr,3.81 tr,Suzuki,Hayate,300000,Tay ga,100 - 175 cc,Việt Nam,18,15789.473684210529,cần bán xe hayate 2008 cần bán hayate 2008 mọi chức năng đầy đủ mấy êm về chỉ việc đổ xăng mà đi xe gtdd bao tranh chấp bs sg cảm ơn chợ tốt duyệt tin a,0,0,0,0,0,0,0,5085117.254246625,-1285117.2542466251
17500000.0,17.58 tr,20.64 tr,Suzuki,Raider,30000,Tay côn/Moto,100 - 175 cc,Việt Nam,8,3333.333333333333,thanh lý raider 2018 xe đẹp máy rin êm cần thanh lý raider 2018 xe đẹp máy rin êm đủ đồ,0,1,0,0,0,0,0,19953800.257998712,-2453800.2579987124
15000000.0,10.56 tr,12.4 tr,Honda,Vision,42213,Tay ga,100 - 175 cc,Việt Nam,14,2814.2,bán nhanh xe vision trắng đã sử dụng phù hợp cho tất cả mọi người,0,0,0,0,0,0,0,10023035.676723117,4976964.323276883
19000000.0,58.28 tr,68.41 tr,Suzuki,Sport / Xipo,20000,Xe số,100 - 175 cc,Việt Nam,27,714.2857142857143,suzuki sport 120cc f124 bstp suzuki sport 120cc f124 bstp máy 6 số êm ru bx zin đã chế đề nhẹ nhàng nhích 1 cái là nổ máy dàn ngoài full dàn áo mới bửng mở gà dàn chân bánh căm goshi heo brembo logo lớn hiện trạng như hình mọi chức năng hoàn chỉnh mua về sử dụng liền zalo hotline,0,0,0,0,0,1,0,18055005.105007876,944994.8949921243
35000000.0,,,KTM,Duke 200,23000,Tay côn/Moto,Trên 175 cc,Nước khác,4,4600.0,ktm duke 200 đăng ký lần đầu t1 2022 odo 2v3 cần bán ktm duke 200 đăng ký lần đầu t1 2022 chính chủ biển số sg lên một số đồ chơi cơ bản vừa bảo dưỡng lớn mua về chỉ cần đổ xăng chạy odo 2v3 còn giảm giá cho anh em có thiện chí,0,1,0,0,0,0,1,42653729.83277591,-7653729.832775913
45000000.0,,,Piaggio,Primavera,16000,Tay ga,100 - 175 cc,Việt Nam,5,2666.6666666666665,chính chủ cần bán vespa primavera 2021 trắng nhà mình dư xe nên cần bán vespa primavera trắng 2021 odo chỉ mới 16k nữ chạy xe 1 chủ mua mới từ đầu biển số đồng tháp còn fix cho ai thiện chí nhé,0,0,0,0,0,0,1,57584728.5388148,-12584728.538814798
16500000.0,13.07 tr,15.34 tr,Yamaha,Janus,57000,Tay ga,100 - 175 cc,Không rõ,9,5700.0,xe janus 2017 xám nữ chạy không đi nữa cần bán xe nữ chạy không đi nữa cần bán chính chủ k trung gian lh,0,0,0,0,0,0,1,16206823.140698167,293176.85930183344
4900000.0,4.21 tr,4.94 tr,Suzuki,Hayate,0,Tay ga,100 - 175 cc,Nhật Bản,14,0.0,hayate fi máy zin êm ru biển thành phố xe để nhà ko đi dư sài cần bán xe máy móc zin êm chạy mạnh bao bền giấy tờ đầu đủ bao tranh chấp có bớt,0,0,0,0,0,1,0,5853107.464965344,-953107.4649653444
8500000.0,7.25 tr,8.51 tr,Suzuki,Axelo,90000,Tay côn/Moto,100 - 175 cc,Nhật Bản,9,9000.0,xe suzuki axelo cần tiền bán gấp axelo sản xuất năm 2017 một niềng trước mới thay cặp vỏ ruột trước sau mới thay luôn xe mới thay nhớt cảm ơn chotot duyet tin,0,0,0,0,0,0,0,17428122.240469225,-8928122.240469225
17500000.0,14.49 tr,17.01 tr,Honda,Winner,27000,Tay côn/Moto,100 - 175 cc,Nhật Bản,8,3000.0,honda winner v1 2018 chính chủ sang tên bstp xe cũ cần bán lại có thương lượng thêm bstp dễ sang tên,0,0,0,0,0,0,1,17845746.910283025,-345746.91028302535
76000000.0,62.14 tr,72.95 tr,Honda,SH,26000,Tay ga,100 - 175 cc,Việt Nam,7,3250.0,sh150abs 0km biển tphcm chính chủ bán xe sh150abs 07 2019 màu trắng biển tphcm tình trạng xe odo chuẩn 26000km cặp bánh theo xe máy móc nguyên zin êm ái xe không đâm đụng ngập nước bao kiểm tra tại hãng xe chính chủ bao công chứng giá 76 000 000 đồng giá trên chỉ bớt lộc không bớt nhiều ace thông cảm liên hệ 187 14 hoàng hoa thám phường 5 quận bình thạnh để xem xe tại nhà cảm ơn ace đã xem tin,0,0,1,0,0,1,1,74054298.74939875,1945701.250601247
12800000.0,9.05 tr,10.62 tr,SYM,Galaxy,11,Xe số,100 - 175 cc,Đài Loan,5,1.8333333333333333,swm galaxy 50 bstp chính chủ bao công chứng gia đình tôi như dùng nên cần bán một chiếc xe galaxy 50cc xe còn rất đẹp như mới chỉ chạy từ nhà đến trường gần nên xe km rất ít cháu vào đại học nên mua xe phân khối cao hơn nên dư để lại cho ai cần dùng không cần bằng lái xe chạy rất êm tiết kiệm xăng còn sổ bảo hành xem xe và mua bán tại nhà báo công chứng về sang tên dễ dàng xin cảm ơn,0,0,0,0,0,0,1,13734164.1715624,-934164.1715623997
15000000.0,13.96 tr,16.39 tr,Honda,Winner,92181,Xe số,100 - 175 cc,Việt Nam,10,8380.09090909091,winner v1 bstp chính chủ đăng bán xe cá nhân winner v1 đăng ký tháng 09 2016 đã lên sạc ex mạch tăng sáng tại bác sĩ đèn passing sh nên không cần phải lo phần điện của xe một chủ mua từ mới biển số tphcm giá bán trên đã bao gồm chi phí rút hồ sơ chủ mới mua về chỉ cần làm thủ tục bấm biển mới,0,1,0,0,0,0,1,16849757.817203,-1849757.8172030002
7500000.0,6.91 tr,8.11 tr,Honda,Air Blade,60000,Tay ga,100 - 175 cc,Việt Nam,19,3000.0,xe air blade 2007 ko còn nhu cầu sử dụng nên cần bán xe vẫn đang chạy bình thường,0,0,0,0,0,0,0,9974666.19507751,-2474666.1950775106
63000000.0,46.52 tr,54.61 tr,Honda,CBR,4000,Tay côn/Moto,100 - 175 cc,Không rõ,2,1333.3333333333333,mình cần bán xe cbr150r mua từ tháng 10 2024 xe mình ít đi chính chủ mới mua từ tháng 10 2024 có lên 1 số đồ chơi bán xe tặng kèm đồ zin theo xe cho ae nào nhanh gọn thiện chí alo cho mình xem xe,0,0,0,0,0,1,1,39465579.0877765,23534420.912223503
5700000.0,4.16 tr,4.89 tr,Yamaha,Nouvo,50000,Tay ga,100 - 175 cc,Việt Nam,15,3125.0,novo 4 zin nguyên bản 1 đời chủ bản đặc biệt 135cc cần bán cho ae thiện chí xe zin nguyên bản 1 đời chủ nhé zin toàn bộ chưa thay thế gì hết cả máy móc bao im cực kỳ bốc đi đường xa,0,0,0,0,0,1,0,5423106.8494175235,276893.1505824765
35000000.0,70.52 tr,82.79 tr,Yamaha,Dòng khác,4800,Xe số,100 - 175 cc,Không rõ,2,1600.0,yamaha pg1 màu cam odo 4 800 km đăng ký 2024 bán yamaha pg1 chia sẽ đam mê màu cam odo 4 800 km đăng ký 2024 xe chính chủ bảo hành chính hãng điểm nổi bật của xe màu sắc cá tính màu cam nổi bật thu hút mọi ánh nhìn tình trạng hoàn hảo xe chính chủ bảo dưỡng định kỳ cam kết đúng như mô tả phục kiện đẳng cấp hơn 30 phụ kiện được lắp thêm nâng tầm trải nghiệm lái xe của bạn kính chắn gió astront giúp giảm lực cản gió tăng tốc mượt mà cảm biến áp suất lốp tpms kiểm soát tốt tình trạng lốp đèn led 7 inch soyavison đèn trợ sáng kenzo tối ưu tầm nhìn rõ ràng an toàn hơn trong đêm ốp pô e lọc gió trong suốt màu cam giúp xe nổi bật và thể hiện cá tính bugi iridium tăng công suất động cơ và tiết kiệm xăng hiệu quả yên xe nệm bọc da thời trang tối ưu sự thoải mái cảm giác êm ái hành trình dài baga đầu đèn trước baga giữa baga thùng hông khung chống đổ bảo vệ gầm máy q tech chuẩn xe phượt thùng nhôm gs adventure thùng nhiên liệu 3l tối ưu hành trình dài nhông sên dĩa recto 42 15 sên vàng rk tối ưu tỷ số truyền động khỏi động mạnh mẽ giúp xe vận hành êm ái bền bỉ và còn rất nhiều phụ kiện khác như gù nâng ghi đông motowolf bao tay nắm ghi đông protaper cặp kính jhc2 giá đỡ điện thoại acrunu ốp hông cacbon ốp chống nóng pô cacbon đũa cần số bảo vệ phuộc heo dầu cacte tặng kèm toàn bộ phụ kiện zin theo xe cam kết xe đẹp như mô tả giá bán 35 000 000 vnd xem xe tại nhà sau giờ hành chính,0,1,0,0,0,1,1,16416456.660127042,18583543.339872956
32000000.0,28.32 tr,33.25 tr,Honda,Winner X,6159,Tay côn/Moto,100 - 175 cc,Việt Nam,2,2053.0,winner x v3 xe còn mới ít sử dụng máy bốc dàn áo còn mới đẹp pass lại cho ai cần ạ,0,0,0,0,0,0,0,32681298.676910788,-681298.6769107878
13500000.0,9.61 tr,11.28 tr,Honda,Dream,12000,Xe số,50 - 100 cc,Nhật Bản,26,444.44444444444446,future 1 đời 2000 xe cọp nhà dư dùng e giao lưu con tâm huyết xe future 1 đời 2000 nhập thái nguyên con xe giấy tờ đầy đủ xe đầu nồi chưa hề đụng chạm zin nguyên bản cả áo theo xe từ trc đến giờ máy cực chất im hơn xe hơi đời mới êm hơn tủ lạnh xe biển víp víp lưu ý giá tốt nên ko bớt ae mua dc hả gọi khỏi mất thời gian,0,1,0,0,0,1,0,13074036.670113929,425963.3298860714
12000000.0,16.71 tr,19.62 tr,Honda,Dream,80000,Xe số,50 - 100 cc,Nhật Bản,28,2758.620689655173,bán xe super dream đời đầu cần bán xe super dream đời đầu như hình biển số tphcm xe minh đang sử dụng đề đèn kèn xi nhan hđ đủ máy êm mạnh thích họp ae mua đi làm hoặc dọn kiểng bán tại nhà giao cavet gốc bao tranh chấp có bớt cafe cho ae vui vẻ,0,0,0,0,0,0,0,11952848.734279973,47151.26572002657
29000000.0,23.78 tr,27.91 tr,Honda,Air Blade,16500,Tay ga,100 - 175 cc,Việt Nam,7,2062.5,honda air blade 125 2019 xe nha một đời chủ xe sử dụng khóa smarkey nước sơn zin kg dậm tút máy zin nổ êm thì thầm ace mua về chỉ sử dụng giấy tờ công chứng nhanh gọn lẹ ace cần dt nhé,0,0,0,0,0,1,0,24821495.65200561,4178504.347994391
6000000.0,5.28 tr,6.2 tr,Piaggio,Vespa,29113,Tay ga,100 - 175 cc,Việt Nam,16,1712.529411764706,vespa lx 125i date 2010 trắng đen vespa lx 125i date 2010 trắng đen đăng kí 2010 biển số 70s2 0491,0,0,0,0,0,0,0,8006559.964305841,-2006559.9643058414
25000000.0,20.16 tr,23.67 tr,Suzuki,Satria,31334,Tay côn/Moto,100 - 175 cc,Việt Nam,7,3916.75,satria f150 xe đời 2019 chính chủ audo 31k km mình cần bán xe chính chủ nhé ae satria f150 mâm x1r vỏ michelin pô zin móc họng zin mở cổ titan heo trước adlin mod frando kim phum rsx lộc gió kn các phụ kiện lặc vặc còn lại như ảnh giá thương lượng ae nhé xem xe báo trước vì xe đang để dưới quê cảm ơn ae,0,0,0,0,0,1,1,23662025.911772456,1337974.088227544
8500000.0,7.87 tr,9.24 tr,Honda,Lead,32000,Tay ga,100 - 175 cc,Nhật Bản,14,2133.333333333333,xe nhà chính chủ bán cho ac cần lh xe chính chủ ít đi bán cho ac cần lh,0,0,0,0,0,0,1,10541540.653864278,-2041540.6538642775
25000000.0,10.08 tr,11.83 tr,Honda,Dream,19000,Xe số,100 - 175 cc,Thái Lan,10,1727.2727272727273,cần nhường lại xe supe dream 110cc xe nhà đi còn rất mới bảo dưỡng hàng tháng đi nhẹ tiết kiệm xăng xe bản kỷ niệm mới thay vỏ michelin xe đủ phụ kiện 2 kiến 2 chìa sang tên 1 nốt nhạc bs saigon,0,0,0,0,0,0,0,18120589.78082436,6879410.2191756405
26999999.0,15.19 tr,17.83 tr,Honda,Air Blade,65000,Tay ga,100 - 175 cc,Nhật Bản,12,5000.0,airblade 125 full brt salaya chia tay đam mê ab 125 đã dọn full trong ngoài brt malaysia full salaya mâm crom smk và nhiều thứ khác do muốn đổi sang fu led để dọn nên ra đi tâm huyết xe đang ở sg ai thực sự đam mê thì ib nhé giá có thương lượng,0,0,0,1,0,0,0,13454355.93913702,13545643.06086298
8800000.0,7.25 tr,8.51 tr,Yamaha,Sirius,60000,Xe số,100 - 175 cc,Nhật Bản,14,4000.0,thanh lý xe sirius xe nhà dùng để chật cần bán con sirut đời 2012 máy móc êm nguyên zin bánh đúc nguyên cặp kèm cặp vỏ mới thay đèn còi xi nhan đầy đủ giấy tờ cà vẹt đầy đủ anh em nào thích chốt lẹ,0,1,0,0,0,1,0,6231142.768500347,2568857.2314996533
4500000.0,4.21 tr,4.94 tr,Suzuki,Hayate,30000,Tay ga,100 - 175 cc,Nhật Bản,14,2000.0,hayate 125fi mình cần đổi xe nên để lại ae cần dùng máy móc điện đèn đề ok gtdd,0,0,0,0,0,0,0,5058548.143733562,-558548.143733562
139000000.0,109.65 tr,128.72 tr,Honda,SH,20000,Tay ga,100 - 175 cc,Nước khác,14,1333.3333333333333,sh 150i cuối 2012 chính chủ nữ đứng tên xe cọp mình cần bán xe sh mẫu ý biển số dễ thương 59f1 253 99 việt kiều sm 5069 xe đăng ký cuối năm 2012 xe máy móc bao zin 100 bán để lấy tiền đổi xe ô tô xe mới đi 20 000km dàn ốc còn bảy màu xe đẹp long lanh xe nữ đi chính chủ bà xã mình đứng tên công chứng ngay trong ngày cho người mua vì xe giá trị cao nên nhà mình giữ rất kỹ lâu lâu cuối tuần bà xã mới ra đi xe mới bóc keo rất đẹp ace mua về chỉ việc đổ xăng đi không phải làm gì nữa anh chị em đi xem xe dẫn theo thợ để kiểm tra và thử xe nhé mua bán tại nhà mình ở đường thống nhất quận gò gần siêu thị lotte mart xe đăng ký cuối 2012 xe 2 thắng đĩa phụ tùng theo xe kính chắn gió zin theo xe kính chiếu hậu zin theo xe chưa lắp còn trong hộp xốp 02 chìa khóa zin theo xe của italy 02 vỏ dunlop còn gai gió theo xe của italy bớt cho anh chị em chút lộc lấy hên xem xe tại nhà mình ở quận gò vấp mình làm việc văn phòng nếu anh chị em nhắn tin trong giờ hành chính thì tối về mình sẽ trả lời cám ơn anh chị em đã xem tin,0,1,0,0,0,1,1,193073333.33333334,-54073333.33333334
13800000.0,10.03 tr,11.77 tr,Honda,Wave,200000,Xe số,50 - 100 cc,Nhật Bản,23,8333.333333333334,wave alpha 2003 zin full xe máy zin chưa rớt ace cần mua lh e cầm đồ thanh lí btc ạ,0,0,0,0,0,1,0,10608172.686940566,3191827.3130594343
45000000.0,41.4 tr,48.6 tr,Kawasaki,W175,14000,Tay côn/Moto,100 - 175 cc,Thái Lan,6,2000.0,kawasaki w175 năm 2020 màu đen 90 chính chủ kawasaki 175 màu đen 2020 xe còn mới chính chủ biển số tphcm,0,0,0,0,0,0,1,31827155.27480705,13172844.72519295
8500000.0,6.48 tr,7.61 tr,Yamaha,Sirius,100000,Xe số,100 - 175 cc,Việt Nam,16,5882.35294117647,bán xe sirius xe không chính chủ bao tranh chap xe toàn bộ còn zin theo xe,0,0,0,0,0,1,1,7265042.967399675,1234957.0326003246
16500000.0,17.25 tr,20.25 tr,Honda,Dream,87000,Xe số,50 - 100 cc,Thái Lan,32,2636.3636363636365,ba n xe chi nh chu xe chi nh chu câ n ba n honda deam lu n xe sưu tâ m chu m mê n xe đô zin 99 ca c chư c năng co n sư du ng tô t ma y êm sơn bo ng ba n la i cho ae đi cafe bao công chư ng sang tên hoă c u y quyê n,0,0,0,0,0,1,0,17379631.062358174,-879631.0623581745
48800000.0,36.61 tr,42.98 tr,Piaggio,Vespa,2222,Tay ga,100 - 175 cc,Nước khác,8,246.88888888888889,vespa sprtin loại xe vespa sprtin ae trả trước 60 xe lấy xe về chạy date 2018 màu sắc hồng pink odo 22k bs 59x3 30703 gánh cam kết máy móc nguyên zin bao chưa đụng chạm bất cứ thứ gì bảo hành máy móc 6th điện lửa sạc 3th bình acquy 2th hỗ trợ sang tên rút hồ sơ nếu quý khách có yêu cầu hỗ trợ trực tiếp cửa hàng hoặc qua ngân hàng địa chỉ sdt 45a2 nguyễn thượng hiền p5 quận bình thạnh hỗ trợ vận chuyển cho ae các tỉnh,0,1,0,0,0,1,0,29411094.482427813,19388905.517572187
28000000.0,,,Honda,CD,28000,Tay côn/Moto,100 - 175 cc,Nhật Bản,20,1333.3333333333333,cd độ bmw cần bán xe cd độ bmw xe nhạy nổ máy êm a e cần alo mình,0,0,0,0,0,0,0,12050183.94283263,15949816.05716737
11800000.0,8.59 tr,10.08 tr,Piaggio,Vespa,36000,Tay ga,100 - 175 cc,Không rõ,14,2400.0,bán vespa lx ie 125 2012 trùm mền mới 98 bstp xe rất cứng cáp sơn zin 100 đủ chìa khoá 2 kính zin theo xe máy xe mạnh cực êm nguyên zin 100 cặp vỏ xe rất mới xe mới lột keo đẹp như mới chính chủ mua bán làm giấy tờ phòng công chứng,0,0,0,0,0,1,1,13011834.173262367,-1211834.173262367
41000000.0,33.65 tr,39.5 tr,Honda,Air Blade,18000,Tay ga,100 - 175 cc,Việt Nam,4,3600.0,bán xe airblade 150 đăng ký 2022 bán xe air blade 150 đăng ký năm 2022 chính chủ uỷ quyền mua bán đều được xe sử dụng kỹ odo 18000 máy móc nguyên bản chạy êm bảo dưỡng mỗi tháng,0,1,0,0,0,1,1,38959794.44937328,2040205.5506267175
21000000.0,23.57 tr,27.68 tr,Honda,Dream,2000,Xe số,100 - 175 cc,Nhật Bản,4,400.0,cần bán xe bstp 9c cần bán xe mới dọn từ trong ra ngoài bstp 9c,0,0,0,0,0,0,0,16518221.346386023,4481778.653613977
7900000.0,6.77 tr,7.94 tr,Honda,Wave,3000,Xe số,100 - 175 cc,Việt Nam,18,157.89473684210526,wave honda 2008 gtdd bs 60 cần bán honda wave 100 đời 2008 giấy tờ đầy đủ e viết giấy bán bao tranh chấp tại nhà bs 60 xe đẹp máy mạnh êm máy ko độ dàn áo mới tinh căm đùm niềng e mới thay sáng ngời giá 7tr900 xem xe tại phà cát lái,0,0,0,0,0,0,0,8683933.765620213,-783933.765620213
15000000.0,16.04 tr,18.83 tr,Honda,Winner,26000,Tay côn/Moto,100 - 175 cc,Không rõ,7,3250.0,cần bán winner v1 pxl nhẹ bstp 2 2019 mình cần bán lại chiếc winner v1 bstp đăng ký lần đầu 2 2019 bán giao cavet và bộ hồ sơ ủy quyền cũ của cửa hàng và giấy mua bán xe có vô ít đồ chơi thông tin cụ thể tấm thứ 3 nha mng giá còn thương lượng nha,0,1,0,0,0,0,0,17454644.301678363,-2454644.3016783632
6700000.0,6.33 tr,7.43 tr,Yamaha,Sirius,50000,Xe số,50 - 100 cc,Thái Lan,18,2631.5789473684213,sirius thái 2008 bs93 kiểng chế độ cũ xe điện đề còi đầy đủ xe kiểng chế độ cũ máy móc êm ru giá 6tr700k xem xe q7,0,0,0,0,0,0,0,6199784.146235041,500215.8537649587
12000000.0,13.84 tr,16.25 tr,Yamaha,Janus,300000,Tay ga,100 - 175 cc,Việt Nam,8,33333.333333333336,cần bán janus 125fi 2018 bảng smartkey xe màu xám ánh tím ngọc trai nam nữ đi đều đc biển số tỉnh,0,0,0,1,0,0,0,14112565.990497239,-2112565.990497239
10500000.0,10.02 tr,11.76 tr,Honda,Air Blade,50000,Tay ga,100 - 175 cc,Nhật Bản,15,3125.0,air balde 2011 bstp mới đổi xe mới cần bán xe air balde bstp chạy đã lâu xe còn đẹp như hình mày móc zin êm về ko tốn đồng nào xe bán tại nhà bao tranh chấp chọn đời,0,0,0,0,0,1,0,10914018.254533034,-414018.2545330338
3700000.0,4.18 tr,4.9 tr,Suzuki,Hayate,6789,Tay ga,100 - 175 cc,Nhật Bản,14,452.6,bán gấp suzuki hayate 125 bstp cần bán gấp xe hayate bstp gtdd năm 2012 xe hoạt động bình thường xe hao xăng ae mua về canh xăng lại là chạy ok alo mình không được thì để lại tin nhắn mình trả lời lại liền,0,0,0,0,0,0,0,5058548.143733562,-1358548.143733562
30000000.0,17.23 tr,20.23 tr,Piaggio,Vespa,48000,Tay ga,100 - 175 cc,Không rõ,12,3692.307692307693,xe vespa piaggio lxv125 chính chủ ít đi thanh lý chính chủ ít đi thanh lý xe vespa piaggio lxv 125 3vi e chỉ 30triệu chưa tới phân nửa giá lúc mua 88triệu xe còn mới 80 máy móc siêu mạnh chạy rất êm khỏe mượt xe dáng phong cách thanh lịch quý phái cổ điển giá siêu mềm rẻ giá rẻ hơn cả vision nhưng mang tầng lớp đẳng cấp sang trọng thượng lưu liên hệ mua tại 178 nguyễn oanh p17 gò vấp,0,1,0,0,0,0,1,17414634.742560495,12585365.257439505
57000000.0,59.97 tr,70.4 tr,Honda,SH Mode,0,Tay ga,100 - 175 cc,Nước khác,1,0.0,sh mode125i date 2025 trả trước 5 triệu sh mode 125i bản cbs hiện trạng xe mới 100 chưa qua sử dụng hỗ trợ gói góp lãi suất ưu đãi của 5 tổ chức tín dụng ngân hàng nhà nước lãi suất giao động từ 0 9 tháng hỗ trợ trả trước chỉ từ 10 20 giá trị xe chỉ từ 5triệu nhận xe hỗ trợ lặp đặt phụ kiện giảm giá 50 hỗ trợ ship xe trong bán kính 5km ngoài ra còn nhiều quà tặng ưu đãi hấp dẫn khác như mũ nón áo mưa bhxm phiếu nhớt hỗ trợ giá góp ưu đãi cho hssv công nhân viên chức forwork z l cửa hàng xe máy nhập khẩu hóc môn địa chỉ 597 nguyễn ảnh thủ hiệp thành quận 12 hcm gần ngã 3 đông quang đối diện cây xăng phương minh luân,0,0,0,0,0,0,0,65057015.87301587,-8057015.873015873
11500000.0,15.61 tr,18.32 tr,Honda,Dream,18000,Xe số,50 - 100 cc,Nhật Bản,27,642.8571428571429,xe đrem thái chính hiệu hàng nhập nguyên chiếc gia đình dư sài cần bán cho anh chị chiếc xe đrem thái đời đầu nhập nguyên chiếc từ nhật không phải hàng 3 cục xe máy số cực êm dàn áo anh chị về phải giọn sơ lại hoặc đễ vậy đi làm ok em bán giá rẻ cho anh chị nào có nhu cầu liên hệ ngay cho em đễ xem xe em bớt xíu lộc lá cho anh chị lấy về giọn đi ạ cảm ơn anh chị xem tin,0,1,0,0,0,0,0,10598161.055390568,901838.9446094315
100000000.0,21.52 tr,25.27 tr,Honda,Spacy,30000,Tay ga,100 - 175 cc,Nhật Bản,19,1500.0,xe spacy nhật 2007 chính chủ xe đẹp mình xuất ngoại cần bán có thể qua tận nhà xem xe chính chủ,0,0,0,0,0,0,1,52112912.26517213,47887087.73482787
11000000.0,16.88 tr,19.82 tr,Honda,Dòng khác,12345,Xe số,100 - 175 cc,Nhật Bản,11,1028.75,wave rsx fi wave rsx fi máy êm mạnh ốc áo salaya tiết kiệm xăng bán hoặc giao lưu xe khác 09 chủ ạ có giấy công chứng của chủ cũ,0,0,0,0,0,0,0,10532636.137611587,467363.8623884134
8500000.0,9.06 tr,10.64 tr,Honda,Air Blade,500,Tay ga,100 - 175 cc,Nhật Bản,14,33.333333333333336,ab 2012 ab không chính chủ vỏ hơi xấu máy êm 2012,0,0,0,0,0,0,1,10556191.545534821,-2056191.5455348212
45000000.0,32.75 tr,38.45 tr,Honda,Lead,13000,Tay ga,100 - 175 cc,Việt Nam,4,2600.0,lead 125 4val 2022 có đồ chơi lead 125 4val 2022 có đồ chơi odo 13000km bstp chính chủ 59m2 758 89 đủ 2 khoá 2 gương máy móc nguyên zin áo new bản black edition đã up 1 số món mâm sau 12in zoomerx chế 1tr9 vỏ michelin city grip 2 1tr8 phuộc profender series flash 2tr6 pha zhipat 1tr1 cùm tăng active type 2 2tr2 bao tay active gù spirit beast 250k cặp tay dầu tay côn rcb 800k heo dầu nissin thái 1tr3 dây dầu allegri chính hãng italy 800k đĩa tq6 220mm 900k lọc gió hurricane 850k canh bánh trước gtr 580k gác chân revolution 900k lót chông nghiêng gtr 550k móc treo spirit beast 290k lẫy cốp spirit beast 180k cổ titan lớn form trơn 1tr2 lót sàn h2c 400k full ốc titan 1tr2,0,1,0,0,0,1,1,37142609.3727558,7857390.627244197
4500000.0,18.09 tr,21.23 tr,Honda,Wave,100000,Xe số,100 - 175 cc,Trung Quốc,26,3703.703703703704,wave tq gtdd bs tp nhà dư cần bán wave tq máy hơi kêu nhưng chạy còn ngon bs tp gtdd,0,0,0,0,0,0,0,4519342.898484608,-19342.89848460816
59000000.0,44.64 tr,52.4 tr,Honda,SH,48000,Tay ga,100 - 175 cc,Mỹ,20,2285.714285714286,honda shi 150 2006 đỏ đen cần bán shi 150 đời 2006 úp áo 2010 1 đĩa tình trạng xe đẹp ko trầy máy móc zin êm chính chủ công chứng sang tên giá 59 triệu xem xe quận gò vấp,0,0,0,0,0,1,1,44740500.0,14259500.0
4200000.0,4.21 tr,4.94 tr,Suzuki,Hayate,75000,Tay ga,100 - 175 cc,Nhật Bản,14,5000.0,xe mạnh chạy bền mình cần đổi xe số mới nên bán con xe này dung tich 125cm3 mình vẫn đang sử dụng hằng ngày đầu năm đã bảo trì thay 2 bộ vỏ xe mới thay nhớt máy motul loại tốt motul scooter power le 5w40 0 8l máy móc còn nguyên zin chưa tháo không xì nhớt mọi thứ đều hoạt động bình thường giấy tờ đầy đủ xe này trước mình mua lại nên ko chính chủ ace nào muốn mua thì liên hệ zalo giúp mình trong giờ hành chính nha xem xe ban ngày 7h30 18h xem xe tại thủ đức đoạn lê văn chí sau 18h30 thì xem xe tại bình thạnh gần cầu bình triệu ace có xe số dòng đời 2018 trở lại máy móc zin xe còn 90 trở lên muốn bán trao đổi thì nhắn mình thiếu mình bù thêm nha cảm ơn tất cả mn đã xem tin thanks all,0,0,0,0,0,1,1,6794349.910665345,-2594349.9106653454
8000000.0,6.97 tr,8.19 tr,Yamaha,Sirius,300000,Xe số,Trên 175 cc,Việt Nam,11,25000.0,cần bán xe như hình máy móc im ru xe máy móc êm ru xe đang đi bản số tỉnh,0,0,0,0,0,0,0,26403527.975017745,-18403527.975017745
29500000.0,27.45 tr,32.22 tr,Honda,Lead,35500,Tay ga,100 - 175 cc,Việt Nam,6,5071.428571428572,cần ra đi xe lead xe chính chủ nữ chạy bao test bao sang tên xe zin chưa chạm odo 35 500km,0,0,0,0,0,1,1,30138825.986027185,-638825.9860271849
62000000.0,55.2 tr,64.8 tr,Honda,SH,8888,Tay ga,100 - 175 cc,Nhật Bản,9,888.8,bán sh 125 2017 9 chủ công chứng bán sh 125 2017 9 chủ mua bán công chứng xe vô đồ hơ nhiều đồ zin con anh em mua mình cho luôn thích nhắc máy lên aloo em,0,0,0,0,0,1,0,72667903.05250303,-10667903.052503034
2200000.0,,,SYM,Dòng_Khác,54276,Tay ga,50 - 100 cc,Nước khác,14,3618.4,cần bán xe bị hu cố tháng trước e mới mua xe con e đi học vì kẹt đi làm ko đưa rước được ít có thời gian nghĩ nếu đủa rước hoài nó hôm nay té xe hư đầu xe e cần bán mua chiếc xe đạp điện cho nó đi ace có nhu cầu mua về sửa cổ xe công chan ba bể dè xe xe có cavet đầy đủ nhé,0,0,0,0,0,0,0,5470123.095793768,-3270123.095793768
3200000.0,7.27 tr,8.54 tr,Honda,Wave,42307,Xe số,50 - 100 cc,Trung Quốc,19,2115.35,bán xe wave giá rẻ bán xe wave như hình bình đề đầy đủ máy êm giấy tờ đầy đủ ai cần liên hệ tuấn sdt 0chin0 chin 4 hai 0 sau nam 8 q gò vấp,0,0,0,0,0,0,0,4259062.860085757,-1059062.8600857574
15000000.0,13.6 tr,15.96 tr,Honda,Air Blade,68977,Tay ga,100 - 175 cc,Không rõ,13,4926.928571428572,cần bán airblade 2013 nhà dư nên cần bán ab mua 2013 xe 125cc màu đỏ trắng đen máy còn nguyên chỉ sửa vặt chứ chưa rã máy xe chính chủ có cavet đầy đủ biển số thành phố xem xe gdtt tại q8 lh a trường,0,0,0,0,0,0,1,10884711.366280494,4115288.6337195057
16500000.0,11.44 tr,13.43 tr,Honda,Blade,1803,Xe số,100 - 175 cc,Việt Nam,7,225.375,pass xe máy số pass xe do k còn nhu cầu sử dụng mới đi còn mới,0,0,0,0,0,0,0,11911649.422546925,4588350.577453075
89000000.0,,,Kawasaki,Z1000,123456,Tay côn/Moto,Trên 175 cc,Nhật Bản,14,8230.4,z1000 nhượng lại đam mê cho ae chơi tiếp z1000 2012 máy móc zin xe đẹp mới full vệ sinh bảo dưỡng kim phun họng nạp bơm xăng lọc xăng thay mới xe trong tình trạng hoàn hảo cực ngon,0,0,0,0,0,1,0,114419046.60323063,-25419046.603230625
2900000.0,7.47 tr,8.77 tr,Yamaha,Nouvo,1000,Tay ga,100 - 175 cc,Không rõ,11,83.33333333333333,xe dư cần bán xe dư e cần thanh lý giấy tờ đầy đủ,0,1,0,0,0,0,0,9140767.08665558,-6240767.0866555795
1750000.0,3.06 tr,3.59 tr,SYM,Attila,10,Tay ga,100 - 175 cc,Việt Nam,17,0.5555555555555556,xe attila xe giấy tờ đầy đủ biển số tp hcm quận q7 ra khói,0,0,0,0,0,0,0,4679409.8201642735,-2929409.8201642735
10300000.0,7.21 tr,8.46 tr,Honda,Wave,35000,Xe số,100 - 175 cc,Nhật Bản,19,1750.0,xe nha di đổi xe cần bán xe wave s tinh trang con mới xe dang keo chưa lột xe thay nhớt dinh ky may êm biển số tp giay tờ day đủ btc mua bán tại nhà ace yên tâm,0,0,0,0,0,0,0,8670669.391445216,1629330.6085547842
31500000.0,27.65 tr,32.46 tr,Honda,SH Mode,60000,Tay ga,100 - 175 cc,Việt Nam,11,5000.0,sh mode chính chủ cần bán xe nhà sử dụng chính chủ ký giấy máy êm chưa qua sửa chửa mua bán chính chủ ký giấy,0,1,0,0,0,0,1,30989884.737072393,510115.2629276067
18500000.0,9.07 tr,10.65 tr,Honda,PS,35000,Tay ga,100 - 175 cc,Việt Nam,19,1750.0,tay ga ps lớn tuổi ko còn sử dụng nữa nhượng lại cho ace nào có nhu cầu xe máy móc êm bstp chính chủ công chứng fix cafe cho ace nào mau le,0,0,0,0,0,0,1,10756870.110450381,7743129.889549619
49550000.0,,,Yamaha,Dòng_Khác,11000,Tay ga,100 - 175 cc,Nước khác,9,1100.0,xe tay ga 155 nmx indo nhập đu 11000km mới 95 cần bán xe tay ga indo nhập 155 phân khối đi được 11 000 km xe mới 95 giá thương lượng,0,0,0,0,0,0,0,16830221.327696893,32719778.672303107
13000000.0,11.74 tr,13.78 tr,Honda,Wave,1234,Xe số,100 - 175 cc,Việt Nam,22,53.65217391304348,wave anpha biển tp nhà dư dùng nhà ít đi tới nên cần bán 1 xe wave anpha honda biển tp như hình xe 09c dàn áo sáng đẹp ko bể vỡ dàn chân cứng nói chung xe còn đẹp lắm xe vẫn còn cặp kiếng zin xổ bảo hành đồ xửa xe theo xe còn đủ máy móc êm ru dòng wave anpha này bền lắm cảm ơn,0,0,0,0,0,1,0,11683124.16189034,1316875.838109661
17999999.0,13.97 tr,16.4 tr,Honda,Dream,8888,Xe số,50 - 100 cc,Thái Lan,30,286.7096774193548,cần bán xe dream còn đẹp 1 chủ từ đầu cần bán con honda dream chín chủ mua mới từ đầu đời 1996 xe của bà chị để để chật nhà xe của hai vợ chồng mua từ thuở ấy hôm nay lớn tuổi không đi nữa nên chia sẽ lại đam mê cho những người cần xe liền lạc đồ zin củng còn nhiều a e coi hình thấy hộp nhản hay đam mê mua về sửa sang lại theo ý mình ký ủy quyền hay sang tên điều được ạ coi xe tại nhà cám ơn a e coi tin,0,1,0,0,0,1,0,23250120.54169885,-5250121.541698851
22000000.0,19.2 tr,22.55 tr,Yamaha,Freego,14900,Tay ga,100 - 175 cc,Nhật Bản,5,2483.333333333333,xe feego s smartkey đời 2021đã lên đồ 4tr5 mới 98 dư dùng ít đi cần bán em feego s bản smartkey abs số kmđã đi 14900km xe còn rất mới khoảng 98 xe đã lên full đồ chơi cho vừa ý khoảng 4tr550k anh em mua về chỉ có chạy thôi chứ không làm thêm gì nữa đồ lên cho xe bao gồm thay phuột sau zin quá cứng bằng phuột shmod giá 1tr gắn thêm dè chắn bùn giá 200k thay đèn demi dây tóc bằng đèn led gắn thêm móc treo đồ tổng 150k gắn thêm cặp đèn trợ sáng led bi cầu giá 1tr500k lên niệm yên xe và thay da yên xịn 700k làm thêm 1 chìa khóa smartkey giá 1tr anh em mua về chỉ dùng thôi lưu ý chỉ bán cho người mua về sử dụng miễn tiếp cò lái nhé xe chính chủ biển số tphcm lh anh khánh,0,1,1,1,0,1,1,24788697.21172007,-2788697.2117200717
12000000.0,9.06 tr,10.64 tr,Honda,Air Blade,40987,Tay ga,100 - 175 cc,Việt Nam,14,2732.4666666666667,honda chính chủ xe tư nhân chính chủ đăng tin dư dùng bán lại cho a e có nhu cầu sử dụng xe đẹp máy êm như chó thở lh hệ nhanh để có giá,0,0,0,0,0,0,1,10545321.115540912,1454678.8844590876
10200000.0,6.78 tr,7.96 tr,Honda,Wave,68236,Xe số,50 - 100 cc,Nhật Bản,17,3790.8888888888887,bán wave rsx100 chính chủ bstp xe nhà còn đẹp không có nhu cầu nữa nên bán lại xe nhập thái đời đầu đầu et máy rất êm chạy nhẹ như xe điện bánh mâm thắng đĩa theo xe dàn áo tem zin theo xe không gãy bể cặp vỏ maxxis mới thay bstp chính chủ công chứng ủy quyền sang tên điều được cả ai có nhu cầu gọi sđt nha cảm ơn a e chợt tốt đã duyệt tin,0,0,0,0,0,1,1,11101877.610723445,-901877.6107234452
101000000.0,75.95 tr,89.16 tr,Honda,SH,21800,Tay ga,Trên 175 cc,Việt Nam,2,7266.666666666667,sh 350i máy thái đăng ký lần đầu 2024 mua mới đã trải nghiệm đủ e bán xe chính chủ tay em bấm số đầu tiên 2024 350 máy thái date 2022 đầu số 601 chót nhưng bấm biển lần đầu 1 2024 lận là xe e ms đi 1 năm hơn tí xe e đi miêu tả kĩ như sau chưa một lần đâm đụng té ngã hay thậm chí là đổ xe cốt bánh trc chưa mở gai còn khá dày lốp sau mới thay pireli 1tr8 cứ 2k500 cây thay nhớt máy 1 lần hai lần nhớt máy là 1 lần lọc gió nhớt lap nồi đã canh chỉnh đi nhẹ nhàng êm ái nhất ga đầu êm ru sau khi đổi niềng sau new từ honda đã vào cục canh inox hết hẳn tình trạng cọt kẹt bệnh chung nước mát đã thay new liqui vệ sinh két nước lọc gió cứ dơ là thay mới xe dán keo từ lúc chưa bấm biển số xin anh em cho cái giá hợp lí để e gả e nó ạ zalo xe hiện đang ở sgon gò vấp,0,1,0,0,0,0,1,110785333.21333334,-9785333.213333338
65000000.0,55.2 tr,64.8 tr,Honda,SH,35000,Tay ga,100 - 175 cc,Việt Nam,9,3500.0,sh150 cbs 2017 bssg chính chủ bao sang tên dư dùng mình cần bán sh150 cbs bản bỏ mẫu biển sg tình trạng máy móc nguyên zin không độ đẽo chân full sporty hiện xe đang quận 7 ae thiện chí liên hệ mình,0,0,0,0,0,1,1,65414555.294544436,-414555.29454443604
80000000.0,40.54 tr,47.59 tr,Honda,Vario,45000,Tay ga,100 - 175 cc,Không rõ,8,5000.0,bán xe vario 150 biển số vip 111999 phuộc ohlins 811 đại hoàng gia tháng 5 2022 dĩa breaking heo dầu brembo dây dầu pas gắn chính chủ bao uỷ quyền trọn đời cho ae đi biển số đẹp ko lấy biển xe giá 45tr lh,0,0,0,0,1,0,1,34614809.36841431,45385190.63158569
18600000.0,15.75 tr,18.49 tr,Yamaha,Exciter,60,Tay côn/Moto,100 - 175 cc,Không rõ,9,6.0,xe vừa dọn sơ quan tâm ib cần_bán_exciter_150_xanh đen xe biển số thành phố chính chủ ngoại hình rất mới đẹp xuống bánh nhỏ tặng mâm zin dàn áo không trầy êm ái nhẹ nhàn xe chạy nhẹ vọt cứng cáp mọi chức năng hoạt động tốt xe mua về chỉ sử dụng thôi nhé giá bán 18triệu600,0,0,0,0,0,1,1,18825443.516133226,-225443.51613322645
42000000.0,29.84 tr,35.04 tr,Piaggio,Liberty,1500,Tay ga,100 - 175 cc,Việt Nam,2,500.0,bán xe liberty 125 xe mới chạy 1500km bán xe liberty mới chạy 1500km chính chủ mua tháng 7 2024 còn bảo hành xe tại hóc môn hcm,0,0,0,0,0,0,1,53325079.06025429,-11325079.06025429
20000000.0,20.65 tr,24.24 tr,Honda,Sonic,2400,Tay côn/Moto,100 - 175 cc,Việt Nam,7,300.0,xe mới sửa lại đang tiệm cầm đồ ae can bán cho ae xe mới sửa lại còn ngon bao chạy cho ae,0,0,0,0,0,0,0,27934283.13250227,-7934283.132502269
20500000.0,21 tr,24.66 tr,Honda,Air Blade,81000,Tay ga,100 - 175 cc,Việt Nam,9,8100.0,bán xe airblade 2017 xe zin chính chủ nồi hơi lì bán cho mn về dọn máy zin,0,0,0,0,0,1,1,20384775.36288559,115224.63711440936
8800000.0,9.73 tr,11.42 tr,Honda,Wave,45000,Xe số,100 - 175 cc,Nhật Bản,10,4090.909090909091,xe blade 110 máy móc zin chưa đụng chạm máy móc êm zin 100 chưa đụng chạm mua về sử dụng ngay giấy tờ uỷ quyền xem xe tại nhà bè tphcm,0,0,0,0,0,1,0,8422828.492813235,377171.50718676485
28000000.0,22.84 tr,26.81 tr,Yamaha,Grande,15000,Tay ga,100 - 175 cc,Việt Nam,7,1875.0,grande abs smakey t10 2019 nhà mua xe mới hog có nhu cầu sử dụng cần bán lại chiếc grande 2019 thăng abs khoá smakey đèn led động cơ hybrid xăng lai điện 3 giây tắt máy xe máy móc zin ngoại hình còn mới giấy tờ đầy đủ biển số bình tân xe đã công chứng lần 2 nên bán chỉ ký được mua bán xe bán giá 28tr chỉ công chứng mua bán tự thu hồi bs bán giá 29tr bao thu hôi biển số bán đúng giá hog fix thanks ac đã xem tin,0,1,1,0,0,1,0,27798770.04030211,201229.95969789103
13500000.0,13.85 tr,16.26 tr,Yamaha,Janus,43000,Tay ga,100 - 175 cc,Nhật Bản,8,4777.777777777777,janus đk 2018 khoá chìa lướt xem xe tại nhà q4 xe phụ nữ chạy bảo dưỡng hãng xem trực tiếp để đánh giá chân thật thuong lượng một ít cho người thiện chí chính chủ công chứng ngay lien lạc zalo hoặc nt app mình rep sau,0,0,0,0,0,0,1,16449974.57096434,-2949974.57096434
27000000.0,43.1 tr,50.6 tr,Piaggio,Vespa,12000,Tay ga,100 - 175 cc,Nước khác,7,1500.0,vespa 125 ie năm 2018 màu đỏ vợ cần đổi sang xe điện cho nhẹ nên cần bán vespa 125cc ie sx 2018 đk 2019 màu đỏ,0,0,0,0,0,0,0,50740960.52497824,-23740960.524978243
4000000.0,2.33 tr,2.74 tr,Kymco,Dòng_Khác,36500,Tay ga,100 - 175 cc,Không rõ,13,2607.1428571428573,xe kymco cũ cần bán xe kymco cũ như hình cần bán bks và giấy tờ chính chủ giá bán 4tr thương lượng nhẹ vui lòng liên hệ để biết thêm thông tin nếu cần cám ơn mn,0,0,0,0,0,0,1,8179822.253680693,-4179822.253680693
64800000.0,55.9 tr,65.62 tr,Honda,SH,150000,Tay ga,100 - 175 cc,Việt Nam,9,15000.0,cần bán sh 150c cbs cần bán sh 150c cbs 2017 xe cực kì ít đi ao sơn zin từ luc mua tơi giờ máy bao ae zin im ru láp không hú xe co vô it ôc kiểu con đủ 2 remot xe em bao ae thây thọ nhea con bớt,0,0,0,0,0,1,0,47330000.0,17470000.0
8500000.0,13.6 tr,15.96 tr,Honda,Air Blade,110000,Tay ga,100 - 175 cc,Việt Nam,13,7857.142857142857,xe ab đky lần đầu 2013 ko chính chủ bao cc dư xe nên bán ab 2013 xe ko chính chủ bao tranh chấp xe hình thức như hình ae ai cần liên hệ,0,0,0,0,0,0,1,10884711.366280494,-2384711.3662804943
63000000.0,47.12 tr,55.32 tr,Honda,ADV 150,40000,Tay ga,100 - 175 cc,Nước khác,4,8000.0,honda adv 150 2022 hcm em cần bán adv 150 như hình chạy đi làm là chính ít phượt odo 40 000km 2022 bs hcm nồi koso zin vẫn giữ 2 bánh mới camel phuộc thái yss giao dịch q6 ace vui lòng ib trả giá,0,0,0,0,0,1,0,40710084.45850619,22289915.54149381
21500000.0,17.63 tr,20.69 tr,Honda,Winner X,20000,Tay côn/Moto,Trên 175 cc,Việt Nam,5,3333.333333333333,bán xe winner x xe trong tình trạng hoàn hảo bảo dưỡng định kỳ do nhà chật nên bán xe zin máy zin êm bao ae test thoải mái chính chủ công chứng hay ủy quyền đều dc cò lái né dùm em mua bán tại nhà ae ien tâm ai cần thì alo em,0,0,0,0,0,1,1,43577260.17744307,-22077260.177443072
26500000.0,24.45 tr,28.7 tr,Honda,Vision,31000,Tay ga,100 - 175 cc,Việt Nam,5,5166.666666666667,xe honda vision 2021 special edition xe cũ đang sử dụng nhà đang đi biển số vũng tàu nhà ở sài gòn,0,0,0,0,0,0,0,25392218.868957125,1107781.1310428753
17500000.0,12.59 tr,14.78 tr,Honda,Air Blade,38101,Tay ga,100 - 175 cc,Việt Nam,16,2241.235294117647,xe ab 2010 bán mình cần bán xe ab 2010 fi phun xăng xe mình bảo dưỡng kỉ nhớt thay định kì nói chung xe nhìn hình sẽ rỏ bớt ít cafe công chúng ủy quyền đoàng hoàn cavet theo xe 1 chủ xem xe giờ hành chánh,0,0,0,0,0,0,0,9974666.19507751,7525333.804922489
21000000.0,19.64 tr,23.05 tr,Yamaha,Nvx,15000,Tay ga,100 - 175 cc,Không rõ,8,1666.6666666666667,yamaha nvx 2018 155cc chính chủ cần bán xe yamaha nvx 155cc máy zin chạy khoẻ vỏ hơi xước vài chỗ chính chủ sang tên công chứng xem xe tại q4,0,0,0,0,0,1,1,20704953.838578716,295046.1614212841
19000000.0,15.39 tr,18.06 tr,Honda,Lead,50000,Tay ga,100 - 175 cc,Không rõ,11,4166.666666666667,xe chính chủ bstp do dư xe nên cần bán xe chính chủ bao sang tên xe zin chưa rớt đầu ko đâm đụng dàn áo sơn mới,0,0,0,0,0,1,1,16353283.609151503,2646716.390848497
16500000.0,14.62 tr,17.16 tr,Yamaha,Exciter,200000,Tay côn/Moto,100 - 175 cc,Việt Nam,10,18181.81818181818,cần bán cần bán ex 150 up lead bs tp hcm khong chính chủ,0,0,0,0,0,0,1,16123224.870490296,376775.1295097042
14600000.0,12.15 tr,14.27 tr,Honda,Cub,53885,Xe số,Dưới 50 cc,Nhật Bản,23,2245.208333333333,bán xe honda custom 50cc bán xe honda custom 50cc biển số tp màu đồng sườn rất chắn chắn chưa hoen rĩ sơn cũ theo năm tháng máy êm và mạnh ace xem thêm hình ảnh giá 14 6tr ace có nhu cầu alo cho mình cám ơn chợ tốt đang tin,0,0,0,0,0,0,0,9425056.311202955,5174943.6887970455
7000000.0,4.6 tr,5.4 tr,Yamaha,Mio,25000,Tay ga,100 - 175 cc,Việt Nam,8,2777.777777777778,bán xe mio un timo đi làm máy êm bán xe mio 7tr máy êm bảo đảm ngon máy êm xe đi rất kĩ có thương lượng,0,0,0,0,0,0,0,14736247.706310874,-7736247.706310874
10250000.0,6.09 tr,7.15 tr,Yamaha,Luvias,45000,Tay ga,100 - 175 cc,Việt Nam,15,2812.5,bán luvias biển số dễ nhìn đổi xe khác nên cần bán xe dư dùng luvias 2011 xăng cơ biển số dễ nhìn xe rớt đầu xoáy xuppap thay bộ bạc cho k khói xe làm full nồi vô ic xanh banjing mobin uma bình ex 135 theo xe xe làm chạy nhẹ k hao xăng chứ k đua bơi xe tâm huyết làm để chạy bao test máy xe ngay mình đứng tên công chứng mua bán hay ủy quyền đều dc xem xe 183 hoàng hoa thám quận bình thạnh chợ cây quéo,0,0,0,0,0,0,0,5860854.035783754,4389145.964216246
5000000.0,7.36 tr,8.64 tr,Kymco,Dòng khác,95000,Tay ga,Dưới 50 cc,Đài Loan,9,9500.0,xe tay ga kymco cần pass gấp chiếc kymco 50cc màu trắng tại quận bình thạnh tphcm,0,0,0,0,0,0,0,13922044.452817949,-8922044.452817949
7500000.0,3.55 tr,4.17 tr,SYM,Dòng khác,45000,Tay ga,100 - 175 cc,Việt Nam,18,2368.4210526315787,xe excel 150 tu dưỡng chăm sóc nên rất êm xe chính chủ sang tên công chứng ngay ạ đang chạy rất là êm do nhà chật nên bán bớt thôi ạ,0,0,0,0,0,0,1,6267825.966408283,1232174.0335917166
26500000.0,21.96 tr,25.78 tr,Honda,Air Blade,25000,Tay ga,100 - 175 cc,Việt Nam,8,2777.777777777778,xe tay ga honda air blade 125 đk 2018 biển số tp không sủ dụng tới bán xe honda tay ga air blade 125 màu xám hoa văn đăng ký 2018 biển số tp ngay chủ đứng tên công chứng sang tên liền xe đẹp máy êm đồ zĩne nhà mua mới sử dụng bảo dưỡng thường xuyên nên còn rất tốt giá 26 5triệu xin liên hệ 23 80 42 nguyễn hữu tiến phường tây thạnh quận tân phú gặp chú hùng 59 tuổi,0,1,0,0,0,0,0,21685043.827335652,4814956.172664348
15600000.0,15.19 tr,17.83 tr,Honda,Air Blade,30000,Tay ga,100 - 175 cc,Nhật Bản,12,2307.692307692308,air blade 125 đen nhám cần bán air blade 125 đk 2014 xe đẹp êm ko gì bàn cải bstp ko chính chủ mua bán viết giấy tay bao tranh chấp tại nhà có fix,0,0,0,0,0,0,1,13552995.264342051,2047004.735657949
6000000.0,5.57 tr,6.53 tr,Sanda,Dòng khác,90000,Xe số,100 - 175 cc,Không rõ,16,5294.117647058823,xe boss sanda dành cho ae yêu thích biển 60 xe zin chạy êm dành cho ae đi cày bừa,0,0,0,0,0,1,0,5502188.87959982,497811.1204001801
9000000.0,7.61 tr,8.93 tr,Yamaha,Sirius,99000,Xe số,Đang cập nhật,Không rõ,12,7615.384615384615,mua xe mới nên bán lại xe cũ do mua xe mới nên cần san lại xe cũ hiệu sirius fi,0,0,0,0,0,0,0,6973432.373357056,2026567.6266429443
16000000.0,15.97 tr,18.75 tr,Honda,Air Blade,300000,Tay ga,100 - 175 cc,Việt Nam,11,25000.0,xe airblade trắng xám chia tay e chiếc xe hái ra biết bao nhiu tiền để c nuôi con ăn học gả e về chủ mới hi vọng e vẫn giữ tốt vai trò đắc lực đó nhé e cần bán honda airblade ck e chăm con này còn hơn chăm e lun đó chời e bán giá công khai ko tiếp lái kh qua nhà e check xe trực tiếp nha dui dẻ trao đổi rứic ẻm về e tặng ổ bltm đặc sản nhà iem ahh,0,0,0,0,0,0,0,15781373.250569686,218626.7494303137
26800000.0,14.53 tr,17.05 tr,Yamaha,Exciter,1,Xe số,50 - 100 cc,Việt Nam,13,0.0714285714285714,xe exciter 2013 xuống áo full 2010 option cơ bản xe biển số thành phố chính chủ kí giấy 1p30s biển số 59p3 467 17 máy zin êm đi pxl nhẹ xe áo vàng đen leng keng tem in máy tính choá đèn 2 tầng demi api cùm nvx mâm yaz zin nsd new bao ta tpt gù inox dàn chân leng keng sạch sẽ vv xe đang trong tình trạng êm leng keng nha ae có nhận giao lưu tất cả loại xe gắn máy hỗ trợ góp hộ khẩu sài gòn tỉnh bao nợ xấu bao ae quay đầu trải nghiệm giá 26tr800 fix ae mau lẹ xăng cộ,0,0,0,0,0,1,1,23478275.473777432,3321724.526222568
7000000.0,69 tr,81 tr,Yamaha,Dòng khác,9100,Tay ga,50 - 100 cc,Nhật Bản,31,284.375,yamaha 2 thì 2 thì yamaha có đề máy êm cực êm nhẹ tưng xe bãi nên đừng hỏi thêm,0,0,0,0,0,0,0,6145083.681588238,854916.3184117619
5500000.0,4.01 tr,4.71 tr,Yamaha,Nouvo,100000,Tay ga,100 - 175 cc,Nhật Bản,16,5882.35294117647,novou 4 sản xuất 2010 xe chính chủ đang sử dụng vẫn chạy tốt do dư xe mới bán ủy quyền công chứng rút giấy tờ sang tên được hết ai có nhu cầu xin liên hệ giao dịch tại nhà,0,0,0,0,0,0,1,6442367.678318142,-942367.678318142
13000000.0,11.95 tr,14.03 tr,Yamaha,Jupiter,69000,Xe số,100 - 175 cc,Việt Nam,10,6272.727272727273,yamaha jupiter 2016 mình đăng bán giùm ông anh xe jupiter đời 2016 bstp chính chủ xe còn đẹp máy nguyên zin nồi ra hãng thay mới êm ít hao xăng công chứng cho người mua giá 13tr,0,0,0,0,0,1,1,9957384.027404903,3042615.9725950975
16500000.0,13.6 tr,15.96 tr,Honda,Air Blade,300000,Tay ga,100 - 175 cc,Không rõ,13,21428.571428571428,xe air blade chính chủ xe chính chủ máy êm bán do nhà nhiều xe không sử dụng đến,0,0,0,0,0,0,1,10884711.366280494,5615288.633719506
12000000.0,8.43 tr,9.89 tr,Honda,@,71000,Tay ga,100 - 175 cc,Nước khác,24,2840.0,honda dư dùng xe em đã dọn sẵn rồi ae về chỉ chạy thôi nay em k dùng nên pas lại ae thiện chí xe chính chủ bs tp liên hệ em 917833955 số kia thì zlo,0,0,0,0,0,0,1,10692865.035784133,1307134.9642158672
12000000.0,9.45 tr,11.1 tr,Yamaha,Luvias,60000,Tay ga,100 - 175 cc,Việt Nam,10,5454.545454545455,bán xe máy yamaha luvias màu xanh duong nữ đi kỹ cần bán lại xe máy yamaha luvias 125cc chính chủ giấy tờ đây đủ nữ đi kỹ còn dán keo trầy nhẹ chạy rất êm,0,0,0,0,0,0,1,13284499.636841552,-1284499.6368415523
19000000.0,17.48 tr,20.52 tr,GPX,Dòng_Khác,15900,Xe số,100 - 175 cc,Thái Lan,6,2271.428571428572,ban xe demon x125 bán xe demonx 125 xe số tư động ít đi máy êm chưa mở xe chính chủ ủy quyền sang tên ok,0,0,0,0,0,0,1,17077221.343991205,1922778.656008795
40000000.0,28.89 tr,33.91 tr,GPX,Dòng_Khác,26000,Tay côn/Moto,Trên 175 cc,Thái Lan,6,3714.285714285714,xe moto 2022 xanh dương mới 98 e cần bán xe mô tô phân khối 220 mới 98 phun xăng fi điện tử hai thắng đĩa trước sau xe rất đẹp em thường đi làm ít sử dụng nên em bán cho anh em cần mình còn thương lượng nhau xem xe tại nhà 137 12 nguyễn chí thanh phường16 quận 11,0,0,0,0,0,0,0,41752008.57974553,-1752008.579745531
16000000.0,16.43 tr,19.29 tr,Honda,Winner,50000,Tay côn/Moto,100 - 175 cc,Việt Nam,6,7142.857142857143,xe winner chính chủ bstp xe winner cá nhân chính chủ giấy tờ đầy đủ muốn đổi xe nên cần bán xe còn đi bình thường không có vấn đề gì hết ae nhé máy móc vẫn cứ êm ru bao khoẻ chạy đã thanks,0,0,0,0,0,0,1,18904619.95043303,-2904619.9504330307
2000000.0,3.35 tr,3.93 tr,Hãng khác,Dòng khác,99999,Xe số,50 - 100 cc,Trung Quốc,17,5555.5,thanh lý xe như hình thanh lý xe như hình như hình như hình như hình gtdd,0,1,0,0,0,0,0,5043344.636622202,-3043344.6366222017
11000000.0,9.51 tr,11.16 tr,Honda,Blade,40000,Xe số,100 - 175 cc,Không rõ,9,4000.0,tôi chính chủ tôi chính chủ xe chưa qua thay thế sửa chữa gì chỉ mới thay nhớt và thay lốp đi từ đó đến h xe có lắp thêm khoá chống trộm k biết gì về xe nên chỉ mô tả ngắn ngọn vậy ai quan tâm thì gọi điện trả lời thêm tôi ở quận 9 khu đông tăng long,0,0,0,0,0,0,1,10260737.05556727,739262.9444327299
10700000.0,9.64 tr,11.32 tr,Honda,67,58000,Xe số,Dưới 50 cc,Không rõ,29,1933.3333333333333,honda 67 cần bán chiếc honda 67 ss 50 bstp máy hơi 100 êm ru bình xăng con ex số khung số máy zin rỏ ràng,0,0,0,0,0,1,0,11729199.337034207,-1029199.3370342068
15000000.0,10.05 tr,11.8 tr,Detech,Dòng khác,15000,Tay ga,50 - 100 cc,Việt Nam,4,3000.0,cần bán xe xe mới keng ai cần mua liên hệ mình nha xe đẹp ít đi xe dư nên bán ai mua cho con đi học là hợp luôn,0,0,0,0,0,0,0,19152290.35876115,-4152290.3587611504
7000000.0,7.37 tr,8.65 tr,Honda,Wave,100000,Xe số,100 - 175 cc,Việt Nam,13,7142.857142857143,bán xe wave xe đã qua sử dụng máy còn nguyên chưa hỏng hóc gì,0,0,0,0,0,0,0,8716686.620237902,-1716686.6202379018
19500000.0,21.1 tr,24.77 tr,Honda,Vision,20000,Tay ga,100 - 175 cc,Nhật Bản,7,2500.0,vision 2019 xe vision 2019 chính chủ ký uỷ quyền ok xem xe tphcm q10,0,1,0,0,0,0,1,22801221.77007128,-3301221.7700712793
18000000.0,13.66 tr,16.04 tr,Yamaha,Exciter,5678,Tay côn/Moto,100 - 175 cc,Việt Nam,14,378.53333333333336,bán hoặc giao lưu xe 135 2012 62zz xe đi bền k thích tay côn nên bán hoặc đổi xe số không côn cho dễ đi xem xe ở hóc môn sang tên về bảo lộc vì nhà ở bl,0,0,0,0,0,0,0,15673613.790826302,2326386.209173698
1800000.0,3.11 tr,3.66 tr,SYM,Attila,30000,Tay ga,100 - 175 cc,Việt Nam,17,1666.6666666666667,atila vitoria màu đen máy êm zin nhà có xe atila 2009 zin nguyen thuy viết giấy bao tranh chấp mua ban tai nha ai có nhu cau gọi cam on đã duyệt tin,0,0,0,0,0,1,0,4876496.625710332,-3076496.625710332
15000000.0,19.98 tr,23.46 tr,Honda,Air Blade,123123,Tay ga,100 - 175 cc,Nhật Bản,10,11193.0,dư dùng bao tranh chấp bs tp xe đag đi dư dùng để lại cho anh em về thay lớp là chạy,0,0,0,0,0,0,0,17068348.205226675,-2068348.2052266747
195000000.0,179.4 tr,210.6 tr,Triumph,Dòng_Khác,22000,Tay côn/Moto,Trên 175 cc,Không rõ,9,2200.0,triumph street triple 765 rs cần bán triumph street triple 765 rs bản cao cấp nhất xe đẹp oddo 22k km 3 mode chạy phục olin heo brembo bô zar chính hãng po zin còn đã lên chống đổ ốp lốc máy gầm máy đèn trợ sáng giá ban 19x triệu lh,0,0,0,0,0,1,0,70028910.51379572,124971089.48620428
19000000.0,15.73 tr,18.46 tr,Yamaha,Exciter,43000,Tay côn/Moto,100 - 175 cc,Việt Nam,9,4300.0,exiter 150 chính chủ nguyên zin mới 90 do mổ cột sống ko đi tay côn nữa nên mình cần bán lại chiếc ex 150 đăng ký lần đầu 2017 xe mới 90 odo khoảng 45 000km bao ko tua đồng hồ xe chính chủ mình đứng tên giá bán 19 triệu xe đi kỹ bảo dưỡng thường xuyên thay phuột sau rcb đã khắc phục lỗi lụp cụp phuộc trước còn đủ 2 chìa khoá có từ chống trộm cặp vỏ maxiss mới thay,0,1,0,0,0,1,1,17557077.717119496,1442922.2828805037
60000000.0,45.34 tr,53.22 tr,Piaggio,Vespa,20000,Tay ga,100 - 175 cc,Nước khác,4,4000.0,bán xe vepa sprint xanh 125cc vespa sprint 125 2022 abs iget odo 20k bstp_59d3 19422 chính chú công chứng cấu hình máy nguyên zin chuẩn odo 20k nhẹ nhàng êm ái xe dán ppf chống trầy full phụ kiện kèm theo 2 kính chia đ chỉ 206 đường số 8 f bhh q bt tp hcm lh,0,0,1,0,0,1,0,58578995.4529675,1421004.5470324978
22000000.0,,,Honda,ADV 150,34000,Tay côn/Moto,100 - 175 cc,Nhật Bản,30,1096.774193548387,hết đam mê nên để cho ae xe bao chất toàn bộ đầy đủ máy chạy bao phê lướt nhẹ thoải mái ko chính chủ,0,0,0,0,0,0,1,15173342.683168532,6826657.316831468
78000000.0,36.49 tr,42.84 tr,Piaggio,Vespa,0,Tay ga,100 - 175 cc,Việt Nam,1,0.0,bán xe trúng thưởng mới 100 chưa xuất hoá đơn bán vespa sprint 125 thắng abs mình mới nhận thưởng nhưng không đi muốn bán lại lấy tiền xe mới 100 chưa xuất hoá đơn chưa bấm biển số chưa ra cà vẹt chưa lăn bánh km nào cả mua về chỉ việc bấm biển số là chạy bảo hành hãng 3 năm đầy đủ ai mua về dùng rẻ hơn 5tr so với mua tại hãng,0,0,1,0,0,0,0,64836666.666666664,13163333.333333336
12500000.0,22.91 tr,26.89 tr,Honda,PS,300000,Xe số,50 - 100 cc,Nhật Bản,20,14285.714285714286,cần bán gặp con xe wave rs 100cc xe đẹp em cần bán gặp con xe máy rs 100cc em mới dọn lên để đi cho đẹp xe những giờ em kết tiền quá nên ban lỗ luôn xe này em mới dọn hết 10 mấy triệu luôn giờ xe này chạy như xe mới luôn rồi giá con bớt tiền xăng cho ae nào cần dùng đến em ae nào cần hãy gọi cho em biết thêm về xe nhà ae em cảm ơn cho tốt nhiều,0,0,0,0,0,0,0,9593803.440724391,2906196.5592756085
8500000.0,11.95 tr,14.03 tr,Yamaha,Jupiter,55000,Xe số,100 - 175 cc,Nhật Bản,10,5000.0,jubiter fi bs tp hcm chính chủ bán cần bán xe máy chạy bền chắc khoẻ chỉ có dàn áo hơi trày với bể bửng 1 bên giá thay mới bửng chưa tới 300k ở head yamaha giá này rẻ hơn thị trường 4 5tr rồi nên mình đăng giá này bán nhanh cho anh em nào mua về đi làm đi học xe ít hao xăng tiếp người thiện chí,0,0,0,0,0,0,1,9239066.046497101,-739066.046497101
22000000.0,18.91 tr,22.2 tr,Honda,PS,40800,Tay ga,100 - 175 cc,Nước khác,18,2147.368421052632,bán xe tay ga ps 150i đời 2008 màu trắng bán xe ps 150i đời 2008 màu trắng như hình chính chủ sang tên 1 not nhạc ae ai có nhu cầu alo mình,0,0,0,0,0,0,1,10779333.061132824,11220666.938867176
3500000.0,3.41 tr,4 tr,Hãng khác,Dòng khác,40000,Xe số,50 - 100 cc,Đài Loan,17,2222.222222222222,dư xe cần thanh lý xe tình trạng xe bền bỉ máy mạnh đề nhẹ mọi chức năng ok giá bán 3 5 trieu a c cần mua xe đi cày thì lh e lưu ý e đăng bán dùm a c không trả giá và muốn xem xe nhắn tin ở hẹn trước dùm ạ cam ơn,0,1,0,0,0,0,0,5030023.904519837,-1530023.9045198373
26000000.0,28.32 tr,33.25 tr,Honda,Winner X,50,Tay côn/Moto,100 - 175 cc,Việt Nam,2,16.666666666666668,bán xe winner x còn mới xe chính chủ chưa đi nhiều a em có nhu cầu fix nhẹ có thiện chú,0,0,0,0,0,0,1,31317449.817837313,-5317449.817837313
35600000.0,36.71 tr,43.1 tr,Honda,Air Blade,23,Tay ga,100 - 175 cc,Không rõ,3,5.75,airblade 4oval đi làm văn phòng giữ kĩ như xe mới xe không có gì để tả mọi cái như xe mới con zin nguyên bản lên đời xe sh dư bán làm gần nhà ít đi giữ kĩ có giấy tờ cà vẹt xe đầy đủ thắng abs khoá smarkey máy êm ru thì thầm như xe trong hãng dắt ra kong lanh sang trọng quý phái xe nhà em đi giữ kĩ ai cần mua lại gọi em,0,1,1,0,0,1,0,44211578.092239365,-8611578.092239365
16800000.0,14.27 tr,16.76 tr,Honda,Wave,8700,Xe số,100 - 175 cc,Không rõ,3,2175.0,wave 11 2023 bstp 9chủ nguyên zin như mới đi kĩ cần bán wave alpha 11 2023 bstp chính chủ đăng bán công chứng liền trong ngày xe nguyên zin toàn bộ máy móc chưa qua sửa chữa mọi thứ như mới chạy ít gần 9000km mua bán trực tiếp tại nhà đồng ý mua ra công chứng đoàng hoàng hình ảnh thật 100 vừa chụp cần người mua xài thiện chí cảm ơn,0,1,0,0,0,1,1,16616439.674649742,183560.3253502585
54000000.0,43.18 tr,50.69 tr,Yamaha,MT,41000,Tay côn/Moto,Trên 175 cc,Nhật Bản,8,4555.555555555556,mt03 lên đầu 2024 và mâm 5in muốn lên đời nên bán em xe độ tâm huyết đồ độ và đồ zin còn đủ nên muôn độ hay về zin rất đơn giản xe em đi máy móc bao zin êm nổ máy thầm mạnh bóc nay cần bán hoặc gl vs xe tay ga hoặc moto cao hơn phân khúc anh em xem xe q12 nhé cf xem xe thoải mái em bán 54tr cho anh em nhanh gọn hoặc xe zin ko lấy đồ chơi thì 50 rẻ hơn thị trường 10tr nha náy êm anh em qua xem sẻ ưng ý em người dùng mong muốn bán ng dùng anh em lái cò trả giá thấp quá em ko bán đâu xe mọi thứ hoàn chỉnh chỉ bị lổi abs ko anh huong gi phuộc rỉ dầu ạ có sao nói vậy,0,1,1,0,0,1,0,62045131.7442027,-8045131.744202703
6200000.0,5.7 tr,6.7 tr,SYM,Husky,848,Tay côn/Moto,100 - 175 cc,Không rõ,31,26.5,bán xe husky 150 máy êm xe husky 150 bị dư củ đề không đề được mua về sửa bình chánh phong phú,0,0,0,0,0,0,0,13952563.284474336,-7752563.284474336
6800000.0,7.55 tr,8.86 tr,SYM,Attila,30000,Tay ga,100 - 175 cc,Hàn Quốc,10,2727.2727272727275,cần bán trong hôm này bán ati biển số tỉnh bạc liêu giấy tờ đầy đủ xe máy 125 máy cực kỳ êm ru không có tiếng động lạ ai mua lh e bớt nhanh cho người thiện chí mua bán viết giấy tại nhà,0,0,0,0,0,0,0,11383032.898132365,-4583032.898132365
3500000.0,,,Suzuki,Dòng khác,40000,Tay ga,100 - 175 cc,Nhật Bản,19,2000.0,bán xe 125cc bán xe bella 125cc máy êm dàn ngoài như trên có giấy tờ đầy đủ không có 9 chủ giá 3tr5 khỏi trả giá ko bớt gì hết nha bán 1 giá,0,0,0,0,0,0,0,5055318.116644976,-1555318.1166449757
26800000.0,22.62 tr,26.56 tr,Yamaha,Exciter,9999,Tay côn/Moto,100 - 175 cc,Không rõ,6,1428.428571428571,xe bán ex led 150 07 2020 bstp dễ thương chính chủ ký giấy máy zin êm chưa rớt dàn ngoài keng ốc tán sáng,0,1,0,0,0,1,1,30529676.33435271,-3729676.3343527094
19800000.0,16.51 tr,19.38 tr,Honda,Winner X,58000,Tay côn/Moto,100 - 175 cc,Việt Nam,7,7250.0,dư xe cần ra đi winer x219 xe đi chợ bảo dưỡng kĩ đã fix các lỗi cơ bản chén cổ vỏ sau thay mới bô redleo sonic nhớt định kì 1k5 km hình sao xe vậy có trày theo năm tháng xem xe q11,0,0,0,0,0,0,0,19929941.79861561,-129941.79861560836
39900000.0,34.82 tr,40.88 tr,Kawasaki,W175,25000,Tay côn/Moto,Trên 175 cc,Nước khác,7,3125.0,xe ít đi nên bán cần ra đi w175 se như hình đời 2019 xe máy móc nguyên zin chưa rớt đầu mọi thứ đều zin mua xe tặng cặp lốp mới thay đi tour bao mượt đã làm tubeless k sợ trượt thay nhớt thường xuyên mỗi 2 3000km odo 25000km mới thay nhớt 7100 10 40 lấy xe chỉ việc chạy biển thành phố chính chủ ký uỷ quyền hoặc sang tên trong 1 nốt nhạc xem xe tại thủ đức cũ giá ra đi 39 9tr sđt gặp thịnh,0,1,0,0,0,1,1,53635603.27266271,-13735603.272662707
77000000.0,66.3 tr,77.83 tr,Honda,SH,30000,Tay ga,100 - 175 cc,Việt Nam,6,4285.714285714285,sh 150i cbs trắng do nhà chật nên cần bán bớt con xe cưng bs vip thông tin như sau _ xe trùm mền kỹ không vết trày _ thay nhớt xịn liquy moly đúng chu kỳ 2000km _ nồi xe làm cực xịn chạy bao mượt bao rung lắc _ mới lên cặp vỏ xịn pirelli còn nguyên gai _ còn 2 chìa 2 kính đầy đủ _ máy móc bao test bao đâm đụng ngập nước,0,0,0,0,0,0,0,68429654.73823562,8570345.261764377
10300000.0,6.99 tr,8.21 tr,Honda,Wave,300000,Xe số,50 - 100 cc,Việt Nam,14,20000.0,wave rsx110 sang tên dc em cần bán xe nhà đang sử dụng giấy tờ sang tên hợp lệ biển số gò vấp máy móc êm ít sữa chữa ốc táng nước sơn còn mới theo xe năm tháng coi xe trực tiếp ngay nhà 2 bên yên tâm,0,0,0,0,0,0,0,8648830.466965266,1651169.5330347344
20500000.0,14.32 tr,16.81 tr,Honda,Future,22500,Xe số,100 - 175 cc,Việt Nam,25,865.3846153846154,honda future màu xanh xe chính chủ bán số tphcm honda future đời 2001 màu xanh sơn zin mới đẹp máy êm zin nguyên thủy đầu nồi chưa mở nhà xài kỹ nên còn mới đẹp mua về sử dụng liền bình kèn đề sindan đang hoạt động tốt số xe tphcm ngay chủ bán giá 20 5 triệu,0,0,0,0,0,1,1,20794523.046146795,-294523.04614679515
46000000.0,36.06 tr,42.33 tr,Honda,Vario,17000,Tay ga,100 - 175 cc,Việt Nam,3,4250.0,vairio 125 đen nhám đk đầu 2023 bstp up bicầu audi xe còn khá mới sơn gần như không bị trầy xướt lên đèn bi cầu kenzo s700pro đèn audi trước sau 5d chỉnh app trên ddt còn bảo hành 2 năm full bộ đèn cùm gần 10tr cùm tay cbr 650,0,0,0,0,0,0,0,41826120.35014816,4173879.6498518437
2500000.0,5.68 tr,6.67 tr,Honda,Dream,50000,Xe số,100 - 175 cc,Trung Quốc,16,2941.176470588235,cân bán xe máy im re đang đi làm bình thường nay khong đi nữa nhường lại cho ai cần giá t thích hợp lý mn hiểu dum lưu ý chỉ nghe đt trực tiếp ko tiếp tin nhắn,0,1,0,0,0,0,0,6661131.790413679,-4161131.7904136786
2500000.0,2.91 tr,3.42 tr,SYM,Attila,41000,Tay ga,100 - 175 cc,Đài Loan,18,2157.894736842105,bán xe elizabeth giá rẻ bán xe elizabeth 2008 giấy tờ đầy đủ màu trắng như hình dàn áo hơi trầy nha xe máy êm ko kêu ko hú mới thay nhớt thay bình xăng 38km lít đèn đề hoạt động bình thường,0,0,0,0,0,0,0,4295180.221144121,-1795180.2211441211
21000000.0,11.74 tr,13.78 tr,Honda,Wave,56789,Xe số,100 - 175 cc,Nhật Bản,22,2469.086956521739,wave anpha 2004 wave anpha 2004 chính chủ máy 12 54 full redleo dyno 21hp đầu redleo lòng redleo dên ipon trái redleo máy khỏi phải bàn êm như xe zin vặn là có dọn từ trong ra ngoài xe như hình có bửng đầy đủ full salaya phuộc redleo v v ae nhanh lẹ qua xem xe có bớt,0,0,0,0,0,1,1,11971203.311046705,9028796.688953295
10000000.0,13.66 tr,16.04 tr,Yamaha,Exciter,34000,Tay côn/Moto,100 - 175 cc,Không rõ,14,2266.6666666666665,exciter 135 2012 cần ra đi gấp cần bán chiếc yamaha exciter 2012 ít chạy biển thành phố odo 34k giấy tờ hợp pháp giá 10tr có fix cf xăng xe ngã 4 thủ đức xem xe trực tiếp để ép giá lh zl hoạc sdt để xem xe trực tiếp,0,0,0,0,0,0,0,11421285.178055022,-1421285.178055022
9500000.0,8.66 tr,10.17 tr,Piaggio,LX,1000,Tay ga,100 - 175 cc,Việt Nam,14,66.66666666666667,xe vesspa cần bán xe vesspa chính chủ năm 2012 xe ít chạy nên vẫn chạy tốt thường xuyên bảo trì,0,0,0,0,0,0,1,10441847.035359561,-941847.0353595614
27000000.0,24.84 tr,29.16 tr,Yamaha,Jupiter,420,Xe số,100 - 175 cc,Nhật Bản,1,210.0,xe jupiter yamha 2025 xe jupiter yamaha e moi mua hôi tháng 3 chạy dc 420km thoi xe chay êm tiet kiệm xăng anh chị em nao co thien chí muốn mua ib hoac goi cho e nha giấy to đầy đủ,0,0,0,0,0,0,0,18643661.360971626,8356338.639028374
3500000.0,4.16 tr,4.89 tr,Yamaha,Nouvo,300000,Tay ga,100 - 175 cc,Nhật Bản,15,18750.0,xe nhà dư bán máy móc êm ru ngoại hình còn ok xe đầy đủ chức năng vỏ sau mới thay nhớt láp mới thay máy cực kì ngon sạch sẽ,0,0,0,0,0,0,0,5233265.634791601,-1733265.6347916014
35000000.0,28.2 tr,33.1 tr,Yamaha,Exciter,22000,Xe số,100 - 175 cc,Việt Nam,3,5500.0,exciter 2023 máy zin bao test chưa rớt đầu lên một số đồ chơi,0,0,0,0,0,1,0,28348876.646981344,6651123.353018656
18000000.0,15.92 tr,18.68 tr,SYM,Dòng_Khác,860,Tay ga,Dưới 50 cc,Việt Nam,3,215.0,bán xe elite 50cc quận 5 hcm bán xe elite 50cc năm 2023 liên hệ tiến,0,0,0,0,0,0,0,18665790.47643082,-665790.4764308184
5500000.0,5.27 tr,6.19 tr,Piaggio,Zip,19658,Tay ga,100 - 175 cc,Nước khác,16,1156.3529411764705,xe zip 100 5tr5 khong chạy nữa bán xe zip 100 96 phân khối gia ra đi 5tr500,0,0,0,0,0,0,0,7562091.92573335,-2062091.9257333502
26000000.0,12.7 tr,14.9 tr,Piaggio,GTS,50000,Tay ga,100 - 175 cc,Nước khác,17,2777.777777777778,bán vespa nhập nguyên chiếc ý cần bán vespa 4 van nhập khẩu ý biển số phong thuỷ 8838 là phát phát mãi phát xe đẹp máy êm giấy tờ đầy đủ bao công chứng xe chạy rất vọt máy im ru xem xe quận 1 tại nhà,0,1,0,0,0,0,0,14418163.226390047,11581836.773609953
5000000.0,4.6 tr,5.4 tr,SYM,Dòng khác,49000,Tay ga,Dưới 50 cc,Nước khác,22,2130.4347826086955,loại xe excel150 xe đời 2004 xe chạy rất ít mới có 49 nghìn klmcòn zin máy cứng ngắt ưu tiên bớt tiền ca phê cho ai lh sớm,0,0,0,0,0,1,0,5577299.439351898,-577299.4393518977
13500000.0,6.82 tr,8.01 tr,Honda,Wave,123456,Xe số,100 - 175 cc,Nhật Bản,18,6497.684210526316,wave repsol wave repsol 2008 bstp k9c mua bán tại nhà mình máy móc zin bao êm giá 13tr500 fix lộc xem xe quận 11,0,0,0,0,0,1,0,10209747.78289118,3290252.2171088196
5900000.0,8.66 tr,10.17 tr,Honda,Air Blade,12356,Tay ga,100 - 175 cc,Việt Nam,17,686.4444444444445,cần bán ab không chạy máy rất ngon biển thành phố cần bán xe ab máy ngon không dùng nữa nên bán giấy tờ đầy đủ em bán tại nhà dư không dùng nên bán,0,0,0,0,0,0,0,9974666.19507751,-4074666.1950775106
35000000.0,17.23 tr,20.23 tr,Piaggio,Vespa,16000,Tay ga,100 - 175 cc,Việt Nam,12,1230.7692307692307,vespa gts 2014 full màu đen nhám xe như mới xe đã kiểm tra bảo dưỡng full ace mình về sử dụng có bh 1 năm máy móc cho ace mình yên tâm dùng,0,0,0,0,0,0,0,22526184.40217144,12473815.59782856
22000000.0,,18.49 tr,Yamaha,Exciter,48000,Tay côn/Moto,100 - 175 cc,Nước khác,9,4800.0,bán xe máy exente 150 nhà chật ít di cần bán xe máy a chị em cần liên hệ xe nhà di rất kỹ,0,0,0,0,0,0,0,18152077.218598973,3847922.781401027
80000000.0,74.3 tr,87.23 tr,Honda,SH,30000,Tay ga,100 - 175 cc,Việt Nam,4,6000.0,xe sh xe sh vn 125 màu đỏ còn khá mới xe giấy tờ chính chủ biển số hcm xem xe hoặc giao dịch tại q gò vấp gần chợ gv,0,0,0,0,0,0,1,75964607.41602834,4035392.5839716643
4500000.0,6.23 tr,7.31 tr,Yamaha,Sirius,20000,Xe số,50 - 100 cc,Việt Nam,15,1250.0,sirius điện đề đầy đủ đủ ngoại hình xấu sirius tq gtdd bst ae chỉ cần về đổ xăng vô là chạy có bán xe dream trên hình bstp gtdđ bán 4tr5 mấy thánh hứa hẹn né em ra,0,0,0,0,0,0,0,6095338.592822013,-1595338.5928220134
26000000.0,18.31 tr,21.49 tr,Honda,Winner,32000,Tay côn/Moto,100 - 175 cc,Nhật Bản,5,5333.333333333333,winer v2 xe zin i máy êm xe ít đi nên cần bán lại winer v2 zin từ trong ra ngoài xe nhu mới trày vài chỗ máy móc êm ru bao test hãng anh em thiện chí alo,0,0,0,0,0,1,0,18314126.308352288,7685873.691647712
21000000.0,14.51 tr,17.04 tr,Yamaha,Exciter,40000,Xe số,100 - 175 cc,Không rõ,13,2857.1428571428573,exciter 2013 bstp 4 số hàng hiếm cần bán chiếc exciter không chính chủ đăng kí lần đầu 2013 xe số 4 số không có côn tay xe đã dọn lại đi kiểng rất đẹp ốc kiểu mâm kiểng dàn áo chỉ dọn kiểng chứ không có độ chế máy móc gì cả hiện xe đang chạy khá ok đi tỉnh rất khoẻ do có con cần cốp rộng nên muốn đổi sang xe tay ga đi bán cũng rất tiếc trước mua của người quen nên chưa sang tên đã mất liên lạc với người chủ đứng tên bán xe tại nhà viết giấy tay bao tranh chấp ae tự về làm thủ tục sang tên hay để vậy chạy không ảnh hưởng gì xe mình đã chạy 5 6 năm nay nên vấn đề pháp lý yên tâm không phải xe bậy bạ dòng xe 4 số này giờ tìm rất khó nên ai thấy phù hợp thì cứ qua xem xe địa chỉ xem ở nguyễn đình chiểu p4 quận 3 có thương lượng cho người đam mê tin còn là xe còn,0,1,0,0,0,0,1,23153025.95224633,-2153025.9522463307
55000000.0,36.71 tr,43.09 tr,Honda,SH,63000,Tay ga,100 - 175 cc,Việt Nam,12,4846.153846153846,lên đời sh350 cần tiễn em sh150 bs vip 919 91 như tiêu đề cần tiễn em sh150 màu đỏ đô bstp vip 59 p1 919 91 số này đang đấu giá 31tr500k uỷ quyền nếu anh em muốn giữa lại số còn bấm số mới thì mình thu hồi về giao dịch nhanh gọn mình bán cá nhân ko có trả góp nhé nhiều anh em hỏi trả góp thông cảm xe mình mới sơn lại màu đỏ đô cà vẹt trước mình có làm thêm 2 màu là tổng 3 màu đỏ đen trắng anh em muốn sơn màu nào cũng được không cần phải đổi cà vẹt máy móc mình đi bảo dưỡng rất kỹ xài nhớt liqui moly cứ 1 200km là thay yên mới bọc lại da xịn xe lên đèn led m10 75w siêu sáng,0,0,0,0,0,0,0,52912648.14814815,2087351.8518518507
19000000.0,9.23 tr,10.84 tr,Honda,Dream,90000,Xe số,100 - 175 cc,Thái Lan,24,3600.0,dream thái 09 chủ dream xe đã dọn sạch sẽ chán muốn đổi dòng xe khác nên chia lại,0,0,0,0,0,0,0,16496225.035450693,2503774.964549307
13000000.0,9.06 tr,10.64 tr,Honda,Air Blade,40662,Tay ga,100 - 175 cc,Không rõ,14,2710.8,cần bán airblade 2012 màu trắng qua nhà kiểm tra cần thông tin liên hệ trực tiếp chứ em không rành về miêu tả,0,0,0,0,0,0,0,10023035.676723117,2976964.323276883
3500000.0,6.06 tr,7.11 tr,Honda,Wave,99999,Xe số,100 - 175 cc,Nhật Bản,16,5882.294117647059,cần bán đầu kéo xe lôi ko còn buôn bán cần thanh lý 1 xe wave rxs làm xe lôi xe bao mạnh mới làm nồi ae nào cần thì alo lh xe ở q6 ạ cảm ơn chợ tốt duyệt tin ạ,0,1,0,0,0,0,0,8527529.459590971,-5027529.4595909715
6700000.0,8.6 tr,10.1 tr,Honda,Air Blade,35000,Tay ga,100 - 175 cc,Không rõ,17,1944.4444444444443,do nhu cầu về quê còn dư 1 chiếc nhượng lại cho ae xe tình trạng bình thường vẫn di làm thường ngày do nhu cầu quê quê nên dư ra 1 chiếc máy móc chưa làm biển tây ninh anh em có thiện chí đến xem xe có bớt nhẹ cho ae đi làm giấy tờ đầy đủ,0,0,0,0,0,0,0,9974666.19507751,-3274666.1950775106
16800000.0,14.57 tr,17.1 tr,Honda,Winner,48000,Xe số,100 - 175 cc,Việt Nam,8,5333.333333333333,winner 2018 winner v1 đăng ký cuối 2018 giấy tờ đầy đủ bstp 9 chủ hết ký giao cmc bộ hồ sơ công chứng máy 62zz lòng ycs tuoring lực bền ecu brt dàn áo đẹp tem sơn bấm đề là nổ điện đèn đầy đủ giá 1x xxx bớt lộc,0,1,0,0,0,0,0,13777689.318659658,3022310.6813403424
6200000.0,14.53 tr,17.05 tr,Yamaha,Exciter,35000,Tay côn/Moto,100 - 175 cc,Nhật Bản,13,2500.0,yamaha ex135 cần bán do nhu cầu đổi xe nên mình cần bán lại ex 135 máy zin rất là êm xe truoc mua lại cửa hàng rất lâu nay đổi xe tay ga nên bán lại cho ace ai cần sử dụng mua bán tại nhà btc giá này ae tự hiểu nhé có bản chest gốc hợp pháp cảm on cho tot đã duyệt,0,0,0,0,0,1,0,17158215.59215248,-10958215.59215248
8000000.0,7.62 tr,8.94 tr,Honda,Air Blade,50000,Tay ga,100 - 175 cc,Việt Nam,18,2631.5789473684213,cần bán xe chính chủ cần bán xe chính chủ ở quận 4 xe nhà đang sử dụng xe chưa bung máy tiếp khách thiện chí mua liên hệ xem xe tại nhà,0,0,0,0,0,0,1,10532719.76354196,-2532719.763541959
18000000.0,16.43 tr,19.29 tr,Honda,Winner,46000,Tay côn/Moto,100 - 175 cc,Việt Nam,6,6571.428571428572,winner v1 dky 2020 xe mới dọn lại đi chưa dc 2000km phuộc sau rcb bình đầu đèn trợ sáng tun vs kenzo chính hãng dàn ngoài đẹp bóng loáng xe biển số tỉnh uỷ quyền đc,0,0,0,0,0,0,0,16995668.947867036,1004331.0521329641
22500000.0,19.6 tr,23 tr,Yamaha,Nvx,40000,Tay ga,100 - 175 cc,Việt Nam,9,4000.0,nvx 155 bstp chính chủ khoá smk abs nvx 155 khoá smk phanh abs bstp chính chủ máy êm ru vặn là có 155 bao nhẹ xe dư dùng ko cong dùng tới nên chia lại cho ae nào cần xe đang hoạt động bình thường về đổ xăng là chạy ae thiện chí alo cho nó lẹ,0,0,1,1,0,0,1,18751718.384152725,3748281.6158472747
65500000.0,53.71 tr,63.05 tr,Honda,SH Mode,1525,Tay ga,100 - 175 cc,Việt Nam,2,508.3333333333333,sh mode abs 10 2024 odo 1k5 pass chiếc shmode bạc đen bản đặc biệt phanh abs mới như hãng dẫn ra xe đăng kí lần đầu 2 10 2024 date 2024 xe nhà đi kĩ chủ yếu trùm mền odo 1500km bstp q12 keo dán nguyên chiếc xe 1 đời chủ mình đứng tên cavet đứng bán ủy quyền hoặc kí mua bán đều được giá bán 65tr500 xem xe tại bình mỹ củ chi,0,1,1,0,0,0,0,63901626.98412698,1598373.0158730224
14500000.0,15.31 tr,17.98 tr,Honda,Lead,12368,Tay ga,100 - 175 cc,Việt Nam,12,951.3846153846154,lead 2014 chính chủ cần bán nhanh xe lead đk 2014 chính chủ xe máy móc zin êm dàn ngoài liền lạc ko bể mọi chức năng hoạt động tốt xe chính chủ khó ký bán giao cccd chủ xe viết giấy bao tranh chấp xem xe trực tiếp tại quang trung gò vấp có fixx xăng cộ cho ac nhanh lẹ cảm ơn chợ tốt duyệt tin,0,1,0,0,0,1,1,13839322.349800088,660677.6501999125
5600000.0,,,Honda,Spacy,34706,Tay ga,100 - 175 cc,Nhật Bản,10,3155.090909090909,thanh lý xe spacy bán xe spacy 110 nữ chạy kĩ mua từ lúc xe mới trong thùng giờ muốn thanh lý giá cả còn thương lượng,0,1,0,0,0,0,0,35979258.51371594,-30379258.513715938
190000000.0,163.3 tr,191.7 tr,Yamaha,YAZ,9999,Tay côn/Moto,100 - 175 cc,Nước khác,3,2499.75,yaz tltq kẹt tiền cần ra đi e xe tâm huyết xe như hình sk sm theo biển số tình trạng ổn định đổ xăng là chạy giay tờ đầy đủ công chứng uỷ quyền 10 20 năm sang ten toan quoc giá 1xx lớn fix cho ae gọn lẹ xe mình mua trải nghiệm ko phải cò lái nhá biết thêm thông tin tình trạng xe liên hệ e thân xem xe trực tiếp,0,0,0,0,0,0,0,27004281.5625172,162995718.4374828
46000000.0,13.94 tr,16.37 tr,Honda,Future,18000,Xe số,100 - 175 cc,Nhật Bản,25,692.3076923076923,xe cop zin nguyên bản xe cop zin nguyên bản mình trùm mềm lâu lắm rồi nay cần tiền nên chia lại ae nào đam mê dòng này thi alo mình nhé,0,0,0,0,0,1,0,23781450.730650987,22218549.269349013
58000000.0,79.12 tr,92.88 tr,Honda,Click,3600,Tay ga,100 - 175 cc,Không rõ,2,1200.0,xe như trong hình cần bán gấp tình trạng như xe mới chưa vết trầy xước lh,0,0,0,0,0,0,0,66739684.187852785,-8739684.187852785
13000000.0,7.24 tr,8.49 tr,Yamaha,Sirius,30000,Xe số,100 - 175 cc,Nhật Bản,13,2142.8571428571427,giá còn thương lượng ai có nhu cầu ib mình ạ máy bóc chỉ việc đổ xăng chạy giấy tờ bao tranh chấp do mình có 2 chiếc nên cần ván 1 chiếc do ở trọ nên không để xe nhìu được ạ,0,0,0,0,0,0,0,6512167.632120286,6487832.367879714
4500000.0,19.24 tr,22.59 tr,Honda,Spacy,0,Tay ga,50 - 100 cc,Nhật Bản,23,0.0,xe spacy xe đang chạy bình thường do mua xe mới nên bán,0,0,0,0,0,0,0,16459526.13674854,-11959526.13674854
35000000.0,33.02 tr,38.76 tr,Honda,Lead,25000,Tay ga,100 - 175 cc,Việt Nam,4,5000.0,muốn đổi dòng xe khác cần bán lại xe nữ đi lên đời xe cần bán lại xe lead 2022 nữ đi rất cẩn thận chưa sửa chữa bất cứ gì bao tess,0,0,0,0,0,0,0,36616552.340509884,-1616552.340509884
10500000.0,10.02 tr,11.76 tr,Honda,Air Blade,300000,Tay ga,100 - 175 cc,Nhật Bản,15,18750.0,dư dùng cần bán ab 2011 bstp chính chủ kí lần đầu máy zin êm ru chắc nịch áo dán full keo có trầy vài chổ giá 10t500,0,0,0,0,0,1,1,11673723.78865256,-1173723.7886525597
25000000.0,14.72 tr,17.28 tr,Piaggio,Dòng khác,2,Tay ga,100 - 175 cc,Nước khác,24,0.08,piaggio x9 dòng xe touring bán xe máy piaggio x9 125cc chính hãng phụ tùng chính hãng,0,0,0,0,0,0,0,10410871.696552437,14589128.303447563
82500000.0,66.3 tr,77.83 tr,Honda,SH,21000,Tay ga,100 - 175 cc,Việt Nam,6,3000.0,sh 150 abs sh150i abs silver gray gcnđk 2025 bs 59sa 24 402 2 remote full giá 82 500 000 vnđ quẹt thẻ credit chuyển đổi thanh toán linh hoạt 12 24 36 tháng kí mua bán bao uỷ quyền 20 năm hỗ trợ khách thu quay đầu đổi xe sh150i,0,0,1,0,0,0,0,73899884.013571,8600115.986429006
190000000.0,98.4 tr,115.51 tr,Honda,SH,3100,Tay ga,100 - 175 cc,Đức,16,182.35294117647055,bán xe sh 150i ý trước mua xe mới nguyên thùng ý bán chiếc xe sh ý 150i đời năm2010 số máy 105 xe một đời chủ tôi đứng tên đến nay bsố tphcm trước tôi mua xe mới nguyên thùng nhập ý xe ít chạy trùm mền còn mới đẹp xe đầu zin chao zin chưa mở xe màu sơn đỏ đô nguyên zin chưa gặm tút máy móc xe zin 100 100 xe này tôi mua đi rất kỷ thường xuyên bảo dưởng đúng nên xe chạy rất nhẹ êm mạnh xe màu đỏ đô rất sang chảnh đẹp cao cấp giấy tờ hợp lệ xem xe ứng ý xem xe tại nhà 81 đg 702 hồng bàng p1 q11 điện thoại khi đến giá 190 triệu một trăm chín mươi triệu đồng,0,1,0,0,0,1,0,130186666.66666667,59813333.33333333
10300000.0,10.55 tr,12.38 tr,Hãng khác,Dòng khác,23567,Tay ga,50 - 100 cc,Đài Loan,4,4713.4,tay ga 50 bstp 2022 k9c siêu lướt giá tốt xin phép admin duyệt bài hộ ạ bay nhanh espero 50cc 2022 bstp k9c caver gốc theo xe viết giấy mua bán bao tranh chấp tại nhà xe zin 100 được trùm keo nguyên con k 1 vết trầy xước máy zin siêu chất êm như xe điện đảm bảo xem xe thi ch ngay ạ xem xe ngã 3 đồn hóc môn tphcm đẹp như hãng dắt ra mà giá chưa bằng phân nữa xe mới ạ giá bay nhanh 10tr300,0,0,0,0,0,1,0,18136382.637977485,-7836382.637977485
2500000.0,3.55 tr,4.17 tr,Hãng khác,Dòng khác,100000,Xe số,100 - 175 cc,Việt Nam,16,5882.35294117647,xe máy wave xe wave như hình xe trung quốc đời đầu cavet đầy đủ xe còn chạy tốt mua về là đi ko cần sửa chữa ace quan tâm liên hệ chú mão gọi điện chứ nhắn tin chú không trả lời được,0,0,0,0,0,0,0,5106079.477556784,-2606079.4775567837
15500000.0,16.22 tr,19.05 tr,Yamaha,FZ,300000,Tay côn/Moto,100 - 175 cc,Không rõ,12,23076.92307692308,yamaha fzs 150 kiểng yamaha fzs 150 độ kiểng body kit cb1000 mâm gấp r3 đèn hậu z800 k chạy nữa cần bán,0,0,0,0,0,0,0,14213014.859629938,1286985.1403700616
33500000.0,14.53 tr,17.05 tr,Yamaha,Exciter,33333,Tay côn/Moto,100 - 175 cc,Không rõ,13,2380.928571428572,135 up 2010 135 xún áo 2010 dô vài món đồ chơi bao kí hs,0,0,0,0,0,0,0,14520469.552621607,18979530.447378393
13500000.0,10.79 tr,12.67 tr,Honda,Dream,300000,Xe số,100 - 175 cc,Việt Nam,11,25000.0,nhà k đi thanh lý nhanh xe mới tinh xài kĩ ông bà lớn tuổi nên ít đi xe chính chủ bán nhanh,0,1,0,0,0,0,1,12673266.51649091,826733.4835090898
111000000.0,39.18 tr,45.99 tr,Honda,SH,22000,Tay ga,Trên 175 cc,Không rõ,11,1833.3333333333333,sh 300i cuối 2015 đầu 2016 xe đã dọn sạch sẽ máy móc zin vọt mạnh khuyến khích ae dắt thầy thợ theo bstp 9 chủ ae lái đừng ép giá em,0,0,0,0,0,1,0,76945333.32666667,34054666.67333333
28000000.0,15.88 tr,18.65 tr,Yamaha,Janus,4500,Tay ga,100 - 175 cc,Việt Nam,5,750.0,bán xe janus 2021 bản limited trắng zin 97 9chủ bán xe chính chủ ký uỷ quyền janus bản giới hạn màu trắng 2021 biển số tp còn mới 97 4500 km khoá smartkey do bận đi công tác thường xuyên nên muốn để lại cho anh em nào thiện chí ib để lại với giá 28 triệu xem xe ở vĩnh lộc a,0,1,0,1,0,1,1,25545333.691539217,2454666.308460783
9000000.0,8.83 tr,10.36 tr,Piaggio,LX,20000,Tay ga,100 - 175 cc,Không rõ,14,1333.3333333333333,bán xe piaggio lx ie 125 bán xe piaggio lx ie 125 sx 2012 biển số tp hcm xe nhà đang đi máy êm không hú tiết kiệm xăng đăng ký lần đầu 2012,0,1,0,0,0,0,0,9023379.767350407,-23379.767350407317
9500000.0,9.35 tr,10.98 tr,Yamaha,Luvias,57138,Tay ga,Đang cập nhật,Việt Nam,7,7142.25,cần ra xe như hình xe như hình máy móc êm ru xem xe ở q7,0,0,0,0,0,0,0,18106184.43888752,-8606184.438887522
14000000.0,8.65 tr,10.15 tr,Honda,Wave,43,Xe số,100 - 175 cc,Việt Nam,11,3.583333333333333,xe wave mới keng 2015 honda wave cọp 2015 nguyên zin giá bán 14 000 000 bs_76 e1 296 24 ođô chuẩn 43km ngay chủ bán mua bán sang tên ok xe đẹp sạch sẽ liền lạc máy móc nguyên zin êm ái nhẹ nhàng tiết kiệm xăng full mọi chức năng nói chung xe rất ok mua về là sử dụng ngay hỗ trợ trả góp bao nợ xấu trả trước 7 000 000 nhận xe ngay xem xe tại tp thủ đức,0,0,0,0,0,1,0,9959438.332318442,4040561.667681558
24800000.0,24.85 tr,29.17 tr,Honda,Winner X,80000,Tay côn/Moto,100 - 175 cc,Nhật Bản,3,20000.0,winner x 2023 bstp 9c ký bán kẹt tiền ra đi cứu chủ winner x v3 như hình bstp 9c ký bán xe zin máy móc chưa đụng chạm có trầy xước như hình đã thay mâm 3đ heo adelin đĩa tq6 tay đồ chơi fixxxx mạnh cho ai lấy nhanh gọn ký bán trong ngày,0,1,0,0,0,1,0,22022634.992175806,2777365.0078241937
9800000.0,10.91 tr,12.81 tr,Honda,Dòng khác,2000,Tay ga,Dưới 50 cc,Nhật Bản,16,117.6470588235294,dio 2 thì 50cc không cần bằng lái xe êm đạp là nổ có đề xe vừa làm lại đèn đóm thay bình căng chỉnh còn tin là con xe,0,0,0,0,0,0,0,10020817.537339937,-220817.53733993694
25000000.0,26.35 tr,30.93 tr,Yamaha,Exciter,100000,Tay côn/Moto,100 - 175 cc,Nhật Bản,5,16666.666666666668,chuyển xe côn qua xe số xe đi hơn 100 km dàn áo củ trầy bể vài chỗ xe zin chính chủ,0,0,0,0,0,1,1,24973042.472360943,26957.527639057487
5800000.0,6.63 tr,7.78 tr,Honda,Dream,1,Xe số,100 - 175 cc,Trung Quốc,17,0.0555555555555555,bán xe drame yiyang dô full nhựa super xe ngoại hình sạch sẽ máy êm mạnh chân cứng cáp xem xe tại thủ đức q9 cũ,0,0,0,0,0,0,0,6930929.893875035,-1130929.8938750355
3500000.0,11.35 tr,13.32 tr,Honda,Dream,50000,Xe số,50 - 100 cc,Trung Quốc,10,4545.454545454545,dream tq chở hàng gtdd đang sử dụng bst mình cần bán xe dream chở hàng như hình gtdd máy móc còn ok nhớt mình mới thay ae cần thì liên hệ nha thiện chí thì alo nha,0,0,0,0,0,0,0,8054931.815184429,-4554931.815184429
4500000.0,23.46 tr,27.54 tr,Suzuki,GZ,9999,Tay côn/Moto,100 - 175 cc,Nhật Bản,17,555.5,cần ra đi em như hình cần ra đi em như hình như hình như hình như hình,0,0,0,0,0,0,0,31117656.346877325,-26617656.346877325
2250000.0,172.31 tr,202.28 tr,Kawasaki,Z1000,7000,Tay côn/Moto,Trên 175 cc,Nhật Bản,10,636.3636363636364,z1000 candy 2016 siêu lướt z1000 candy model 2016 biển hcm odo 7000km giá bán 22x triệu liên hệ quang,0,0,0,0,0,0,0,146848949.9090962,-144598949.9090962
3000000.0,4.65 tr,5.45 tr,Hãng khác,Dòng khác,20000,Tay ga,50 - 100 cc,Nhật Bản,12,1538.4615384615386,đang cần tiền gấp nên bán đang cần tiền đóng trọ nên bán rẻ cho anh xe chạy còn rất tốt nên ae cứ yên tâm,0,0,0,0,0,0,0,7546098.494089473,-4546098.494089473
22500000.0,18.73 tr,21.98 tr,Yamaha,Freego,11000,Tay ga,100 - 175 cc,Việt Nam,6,1571.428571428571,cần bán xe free go xe chính chủ đã dán keo từ lúc mua mới xe ita đi xe rin chưa té ngã,0,0,0,0,0,0,1,22797533.050199326,-297533.0501993261
35000000.0,29.53 tr,34.66 tr,Honda,Vision,4000,Tay ga,50 - 100 cc,Việt Nam,2,1333.3333333333333,bán cần bán vison 2024 odo 5k biển tp 9c xe đi nồi gió full ốc salaya cỗ titan cặp auddi led trước sau 35tr fulll đồ còn về zin 33 xem xe bình chánh,0,0,0,0,0,1,0,32933729.796141464,2066270.2038585357
6000000.0,6.3 tr,7.39 tr,Yamaha,Sirius,50000,Xe số,50 - 100 cc,Nhật Bản,17,2777.777777777778,đổi xe khác nên bán rẻ cho ae về đi làm giấy tờ đầy đủ dàn áo bị bể nhẹ về đổ xăng chạy bt xem xe sg,0,0,0,0,0,0,0,6096838.112000687,-96838.11200068705
32000000.0,29.9 tr,35.1 tr,Honda,Air Blade,13000,Tay ga,100 - 175 cc,Việt Nam,6,1857.142857142857,ab 2020 bstp 9c xe zin đẹp bọc keo nguyên con ace nào thích lh e,0,0,0,0,0,1,0,33166239.541376133,-1166239.5413761325
18800000.0,16.92 tr,19.86 tr,Honda,Vision,70000,Tay ga,100 - 175 cc,Việt Nam,9,7000.0,honda vision 2017 biển bstp ký uỷ quyền honda vision 2017 biển bstp ký uỷ quyền biển số thành phố odo 70k ngoại hình liền lạc dán keo nguyên con bể chóa đèn phải nhỏ máy móc nổ êm rủ mạnh điện đề đèn còi đầy đủ iding stop xe lấy về đổ xăng và chạy bao công chứng ký mua bán hoặc uỷ quyền xem xe cầm đồ thạnh lộc 04 tl19 phường thạnh lộc quận 12,0,1,0,0,0,0,0,17975004.48508342,824995.5149165802
18000000.0,20.4 tr,23.95 tr,Honda,Dòng khác,4900,Xe số,50 - 100 cc,Nhật Bản,8,544.4444444444445,xe honda morning 50cc 2018 đen xe nhập nhật liên hệ xem xe truc tiep q9,0,0,0,0,0,0,0,10203460.562479513,7796539.437520487
7200000.0,6.13 tr,7.2 tr,Yamaha,Nouvo,300000,Tay ga,100 - 175 cc,Nhật Bản,13,21428.571428571428,xe ký quỷ quyền 2 lần máy êm đã ký ủy quyền 2 lần chỉ ký mua bán được thôi xe đã qua sử dung máy manh bao êm k hú hí kết nươc bao sôi đã vệ sinh kết phun xăng thay mới pet phun luôn về chỉ viêc đổ xăng chạy có ace nào thiện chí mua có bớt tí caphe,0,1,0,0,0,0,0,6099096.766149557,1100903.2338504428
10800000.0,10.56 tr,12.4 tr,Honda,Vision,15000,Tay ga,100 - 175 cc,Việt Nam,14,1000.0,honda vision fi phun xăng điện tử tôi muốn bán 1 chiếc xe honda vision fi phun xăng điện tử xe tôi mua năm 2012 đến giờ xe zin từ a đến z xe chính chủ bs tphcm tôi có chụp hình ai muốn mua tới nhà tôi mua,0,0,0,0,0,1,1,11797032.9820795,-997032.9820795003
6000000.0,6.26 tr,7.34 tr,Piaggio,Dòng_Khác,18000,Tay ga,100 - 175 cc,Nước khác,14,1200.0,xe liberty nhà dư dùng nên muốn để lại cho anh chị em nào cần máy mạnh mẽ chạy là thích xe nhà nên chăm sóc định kỳ mọi người yên tâm đem về chạy thôi cảm ơn chợ tốt,0,0,0,0,0,0,0,19162047.645598486,-13162047.645598486
14000000.0,15.75 tr,18.49 tr,Yamaha,Exciter,78000,Tay côn/Moto,100 - 175 cc,Không rõ,9,7800.0,bán exciter 150 biển số tỉnh bến tre bán xe exciter150 chạy còn êm dè trước hơi bể chưa qua thay thế đồ chưa va chạm xem xe ở tphcm,0,0,0,0,0,0,0,17308490.09298055,-3308490.0929805487
2000000.0,3.28 tr,3.85 tr,Suzuki,Hayate,40000,Tay ga,100 - 175 cc,Không rõ,18,2105.2631578947367,cần bán xe hayate 2008 gtdd bs tp ạ xe đang chạy do đổi xe mới nên bán ạ giấy tờ đầy đủ k9c đc 844 25 18 tktq,0,0,0,0,0,0,0,5048214.806519371,-3048214.8065193715
9000000.0,6.83 tr,8.02 tr,Yamaha,Luvias,200000,Tay ga,100 - 175 cc,Không rõ,13,14285.714285714286,bán xe tay ga như hình cần bán chiếc xe như hình giấy tờ đầy đủ máy bao êm chưa bung giá 9tr xe nhỏ gọn thích hợp cho nữ chạy,0,0,0,0,0,0,0,6401312.949443418,2598687.0505565824
29900000.0,28.85 tr,33.87 tr,Yamaha,TFX,30000,Tay côn/Moto,100 - 175 cc,Ấn Độ,9,3000.0,bán cafe racer yamaha 150cc y hình mình cần bán xe cafe racer chính chủ y hình hoặc đổi xe máy điện vìn feliz s neo hoặc datbike quantum s1 2 3,0,0,0,0,0,0,1,23477518.997422542,6422481.002577458
7500000.0,7.57 tr,8.89 tr,Honda,Air Blade,100000,Tay ga,100 - 175 cc,Nước khác,18,5263.1578947368425,ab 2008 giá sinh viên xe có lên smartkey lên đời cần đổi xe khác xe không chính chủ viết giấy đảm bảo ko tranh chấp bạn nào cần liên hệ trực tiếp,0,0,0,1,0,0,1,10599849.380891066,-3099849.380891066
13000000.0,11.43 tr,13.42 tr,Honda,Wave,70000,Xe số,100 - 175 cc,Việt Nam,6,10000.0,wave a 2020 bao sang tên tại cửa hàng q11 wave a mới tinh 2020 giấy tờ đủ sang tên ngay kv hcm,0,0,0,0,0,0,0,12755072.544446887,244927.45555311255
10300000.0,10.29 tr,12.08 tr,Yamaha,Sirius,21000,Xe số,100 - 175 cc,Không rõ,5,3500.0,sirius 2021 xe sirius 2021 còn mới máy nguyen thủy bán nhanh 10 300 000đ,0,0,0,0,0,0,0,13430822.919848556,-3130822.9198485557
13200000.0,19.42 tr,22.8 tr,Yamaha,Nvx,35000,Tay ga,100 - 175 cc,Không rõ,9,3500.0,yamaha nvx 125 chạy mạnh mượt như 155 bán chiếc yamaha nvx 125 bs tinh giấy tờ đầy đủ máy móc êm ru thinh thích chạy rất mạnh và mượt không thua gì 155,0,0,0,0,0,0,0,18464575.247212574,-5264575.247212574
13200000.0,10.9 tr,12.8 tr,Honda,Vision,15000,Tay ga,100 - 175 cc,Việt Nam,13,1071.428571428571,vision nữ đi trùm mền nhà bán chiếc xe vision màu đỏ giống như trong hình xe trước mua cho con gái đi nhưng nay bé đã đi du học rồi không sử dụng tới nên muốn bán lại cho ai có nhu cầu xe còn đẹp như mới zin chưa sửa chữa gì lchưa mở máy xe bán tại nhà không tiếp cò lái nha,0,0,0,0,0,1,0,11220640.56993352,1979359.4300664794
30000000.0,28.22 tr,33.12 tr,Honda,Lead,37000,Tay ga,100 - 175 cc,Nhật Bản,5,6166.666666666667,bán xe lead 2021 xe còn nguyên trạng thay bộ nồi thắng sau tháng 8 2024 thay đầu xe tháng 7 2024 sữa chữa tại head chính hãng mới thay bugi thắng đĩa tháng 4 2025 tại head xe đã dán có tróc nhẹ phần dán keo mui trước đầu xe tróc ít sơn bạc tại phần đuôi yên xe xe chính chủ biển số hcm mua về chạy bình thường ko cần sửa chữa giá có thương lượng nhẹ cho các bạn hữu duyên phù hợp các bạn có nhu cầu sử dụng cám ơn các bạn đã xem tin liên hệ sdt,0,0,0,0,0,0,1,31381374.93614731,-1381374.9361473098
19500000.0,17.08 tr,20.05 tr,Honda,Winner X,12345,Tay côn/Moto,100 - 175 cc,Việt Nam,6,1763.571428571429,bán xe winner x abs 2020 màu đen nhám đã bán honda winner x abs 2020 bs tphcm winner siêu đẹp xe 9 chủ ký mua bán xe máy móc nguyên bản áo sơn còn đẹp keng trầy nhẹ máy zin êm đã lên khóa khoá smart key anh em thiện chí alo mình xem xe tại nhà 422 đường dương bá trạc p1 q8 tphcm,0,1,1,1,0,1,0,25259008.11913916,-5759008.119139161
2500000.0,3.35 tr,3.93 tr,Hãng khác,Dòng khác,45028,Xe số,100 - 175 cc,Hàn Quốc,17,2501.555555555556,xe máy hả quốc cần bán xe máy ở hàn quốc như hình cần bán xe máy hàn quốc như hình ai mua liên hệ xe đang sử dụng tốt,0,0,0,0,0,0,0,5043344.636622202,-2543344.6366222017
15000000.0,17.09 tr,20.06 tr,Yamaha,Exciter,26000,Tay côn/Moto,100 - 175 cc,Việt Nam,8,2888.8888888888887,ex150 ít đi q7 nhà bè fix nhẹ xe ít đi nên bán máy móc zin êm bốc uỷ quyền vì giá trị xe nhỏ fix anh em thiện chí tặng phụ kiện free thêm cho ae,0,0,0,0,0,1,0,19081964.365007248,-4081964.365007248
17000000.0,19.6 tr,23 tr,Yamaha,Nvx,30000,Tay ga,100 - 175 cc,Việt Nam,9,3000.0,yamaha nvx 125 bản khóa smartkey bsptp 51 hcm xe biển số 51 tp hcm xe không chính chủ biển số 9 nút đẹp quận 4 xe máy móc khỏe không bị dính ngập em mua lại 1 5 năm đi bao ngon nay vào chùa ít đi nên bán lại bác nào mua alo em xe về thay phuộc sau nữa là đi bao êm giá còn thương lượng nay e đi vũng tàu hẹn ae thứ 2 xem xe giao dịch xin cảm ơn chợ tốt,0,0,0,1,0,0,1,18391237.67579477,-1391237.675794769
65000000.0,40.54 tr,47.59 tr,Honda,Vario,7000,Tay ga,100 - 175 cc,Việt Nam,8,777.7777777777778,vario 2018 lướt xe vario năm 2018 lướt mới keng ko lỗi lầm bao thầy thợ chéck,0,0,0,0,0,0,0,41525375.85350605,23474624.14649395
3300000.0,6.93 tr,8.14 tr,Honda,Wave,30000,Xe số,50 - 100 cc,Trung Quốc,20,1428.571428571429,wave tp cần ra đi tq xe đang đi không lỗi lầm đi cày tốt có thể thương lượng,0,0,0,0,0,0,0,4082026.0122114094,-782026.0122114094
29000000.0,20.83 tr,24.45 tr,Honda,Winner,6000,Tay côn/Moto,100 - 175 cc,Nhật Bản,4,1200.0,bán winer v3 2022 đi đúng 6 000km bán winer v3 2022 đi đúng 6 000km tặng thùng givi phượt giá 29tr xem xe quận 7 tp hcm,0,0,0,0,0,0,0,22960724.16958115,6039275.830418851
16300000.0,9.61 tr,11.28 tr,Honda,Dream,20000,Xe số,100 - 175 cc,Hàn Quốc,26,740.7407407407408,dream 8989 dream trung hoa up suppe bs cặp 8989 giấy tờ đầy đủ bán bao tranh chấp dọn full super leng keng sạch sẽ còn mỗi cái sườn tq dàn áo zin máy 110 lòng thái êm bao nhẹ niềng anchor căm yacuso dây dầu ngắt 1tr mấy phuộc redleo new bx 125 zin đồng hồ uma zin cặp heo nisssin trước sau zin gác chân đùi gà pô neo 125 zin áo sơn màu xám trùng cavet tem ex5 ổ khóa 6 cạnh xác xe cực kì đầm xe full chức năng giá 16tr3 fix xăng cộ sdt,0,0,0,0,0,1,0,11426176.321439339,4873823.678560661
210000000.0,119.51 tr,140.29 tr,Suzuki,Sport / Xipo,300000,Tay côn/Moto,100 - 175 cc,Không rõ,28,10344.827586206897,xipo hqcn 110 kiểng up full 2006 máy 120 xe mình xipo 110 cuối đời 98 hqcn xe đã lên full 120 máy mới dọn gần 30tr chưa đi hết rodai lên full dàn 2006 dàn chân mới 99 heo brembo vvv nói chung xe mình dọn để đi nên mọi người xem xe trực tiếp sẽ rõ về phần giấy tờ xe mình hqcn mình bao giám định bao sang tên tất cả sdt mình xe mình ở thuận an bình dương,1,0,0,0,0,0,0,219950000.0,-9950000.0
2300000.0,5.68 tr,6.67 tr,Honda,Dream,23000,Xe số,Dưới 50 cc,Trung Quốc,16,1352.9411764705883,thanh lý dream tàu honda dream tq máy êm đèn đề xi nhanh đầy đủ giá này ae tự hiểu chạy tiết kiệm xăng ai mua nhắn tin bán cho ai thiện chí mua thực sự cò lái ép giá tha dùm em thank chợ tốt duyệt tin,0,1,0,0,0,0,0,6568646.004927237,-4268646.004927237
21500000.0,13.82 tr,16.22 tr,Yamaha,Exciter,30000,Tay côn/Moto,100 - 175 cc,Việt Nam,14,2000.0,bán ex 135 xún áo 2010 máy em gtđ bao tranh chấp có fix giá gặp trao đổi trực tiếp hoặc liên hệ zalo,0,0,0,0,0,0,0,11522957.052109957,9977042.947890043
8300000.0,8.99 tr,10.56 tr,Honda,Air Blade,19000,Tay ga,100 - 175 cc,Nhật Bản,14,1266.6666666666667,ab 2012 xe nhà dư nên bán xe nhà ít đi xe một đời chính chủ bs60 máy móc nguyên zin bao chạy êm mua bán tại nhà quận 3 không tiếp cò lái,0,0,0,0,0,1,1,11766017.689763153,-3466017.689763153
18500000.0,10.41 tr,12.22 tr,Honda,Dream,58000,Xe số,50 - 100 cc,Việt Nam,21,2636.3636363636365,q3 supper dream 2005 chính chủ xe nhà sử dụng super dream 2005 xe nhà dư dùng nên bán chính chủ sang tên uy quyền xe hiện trạng như hình xe có rớt đầu cạo khói suờn còn đẹp cứng cáp phần đuôi hơi mụt nhẹ máy êm nhẹ ace có nhu cầu qua nhà xem trực tiếp cho tiện em để xe bên nhà vợ q3 trần quốc toản vì e hay đi ngoài đường làm công chuyện nên ace quan tâm thiện chí gọi e luôn nha em cảm ơn àd duyệt giúp e ạ em cảm ơn,0,0,0,0,0,0,1,14394591.928431002,4105408.0715689976
15000000.0,14.53 tr,17.05 tr,Yamaha,Exciter,39000,Tay côn/Moto,100 - 175 cc,Thái Lan,13,2785.714285714286,kẹt tiền bán xe nhà đi ạ dạ em cần bán xe nhà đi ex 135 xuống áo máy 57zz ạ xe gtdd giấy mua bán của hàng ạ xe full chức năng ạ máy móc êm ạ giá còn bớt ạ,0,0,0,0,0,0,0,14931759.90255798,68240.09744201973
3800000.0,55.2 tr,64.8 tr,Kawasaki,Dòng khác,123,Xe số,50 - 100 cc,Nhật Bản,17,6.833333333333333,thanh lý nhà chật thanh lý xe cho ai có nhu cầu dàn áo còn mới tinh xe it hao xăng khu vực q3,0,1,0,0,0,0,0,5068548.361771923,-1268548.3617719226
15900000.0,17.08 tr,20.05 tr,Honda,Winner X,9999,Tay côn/Moto,100 - 175 cc,Việt Nam,6,1428.428571428571,winner x bstp giấy tờ đầy đủ winner x 2019 bstp giấy tờ đầy đủ có cccd chủ xe viết giấy tay bao tranh chấp tại cửa hàng xe chất máy zin êm chưa rớt đầu nồi dàn áo chân sáng đẹp sơn zin giá bán 15 triệu 900k xem xe quận 7,0,0,0,0,0,1,0,25659448.323546287,-9759448.323546287
10000000.0,10.39 tr,12.2 tr,Honda,Wave,23000,Xe số,100 - 175 cc,Việt Nam,8,2555.555555555556,wave a 110 2018 cần bán wave a 110 2018 như hình hình sao ngoài y vậy máy móc zin êm ru dàn áo liền lạc ko bể vỡ giấy tờ đầy đủ k9c viết giấy mua bán bao tranh chấp xem xe quận 12 ae thực sự cần alo e nhé hứa hẹn bỏ qa tránh làm mất thời gian đôi bên,0,0,0,0,0,1,0,10603389.976963272,-603389.9769632723
4900000.0,4.18 tr,4.91 tr,Yamaha,Nouvo,1234,Tay ga,100 - 175 cc,Việt Nam,15,77.125,nouvo 4 đời cao 2011 xe còn rất đẹp máy bao êm no4 bstp đời cao cà vẹc đầy đủ bao tranh chấp cục máy khỏi bàn êm ru granty nhuyễn nhừ ga nhẹ nhàng dàn áo dán keo tháo ra còn mới sơn zin tem zin đẹp xe vô mớ đồ xi ốp hơn 1 triệu chức năng đầy đủ mua về đi địa chỉ 572a 16d trần hưng đạo p2q5 khu phố 3 đầu hẻm có khách sạn bonita vô hẻm gặp ngã 3 đầu tiên rẻ phải tới số 16 có hẻm nhỏ kế bên đi hết hẻm nhà trong cùng có cổng rào màu vàng,0,0,0,0,0,1,0,5415896.776147101,-515896.7761471011
7500000.0,8.9 tr,10.44 tr,Yamaha,Nozza,37000,Tay ga,100 - 175 cc,Nhật Bản,11,3083.333333333333,nozza 110 yamaha màu bạc xe chạy bình thường còn rất tốt sdt gọi điện e nói chuyện trực tiếp nhanh gọn nha bao giấy tờ hợp lệ em tặng lun bảo hiểm xe 2 năm,0,0,0,0,0,0,0,11275869.995514292,-3775869.9955142923
8000000.0,14.32 tr,16.81 tr,Honda,Future,44612,Xe số,100 - 175 cc,Việt Nam,25,1715.8461538461538,xe trùm mền can ban chiec xe trùm mem xe hoat dong tốt giay to day du khong chinh chu,0,0,0,0,0,0,1,18469592.476148702,-10469592.476148702
37500000.0,32.11 tr,37.7 tr,Honda,Vario,26000,Tay ga,100 - 175 cc,Nước khác,5,4333.333333333333,vario 150c 2021 chính chủ ký sang tên trong ngày anh chị em nào cần thì inbox xem xe xe đẹp 90 sang tên trong ngày,0,1,0,0,0,0,1,35803038.63436346,1696961.3656365424
46800000.0,40.49 tr,47.53 tr,Yamaha,Grande,2200,Tay ga,100 - 175 cc,Việt Nam,2,733.3333333333334,grenada 2024 bstp chính chủ ký ạ đen limitit bán yamaha grenada sản xuất 2024 bstp chính chủ ký sang tên thoải máy ạ xe rất đẹp ace mua sử dụng cứ yên tâm ạ xe còn bảo hành hãng ạ đầy đủ phụ kiện theo xe cho ace ạ ace quan tâm ib e hoặc xem xe trực típ tại cửa hàng địa chỉ 241a tân hoà đông p14 quận 6 ạ,0,1,0,0,0,0,1,40368880.68494404,6431119.315055959
11000000.0,11.45 tr,13.44 tr,Piaggio,Vespa S125,230000,Tay ga,100 - 175 cc,Nước khác,12,17692.30769230769,bán xe vespa s125 còn đẹp đèn vuông xe còn mới có cạnh máy ngon sẽ ý giấy tờ đầy đủ và số đẹp và tiền bán mày có nhu cầu xin vui lòng liên hệ,0,1,0,0,1,0,0,19305038.67945516,-8305038.679455161
16000000.0,9.07 tr,10.65 tr,Honda,PS,123456,Tay ga,100 - 175 cc,Nước khác,19,6172.8,bán hoặc giao lưu honda ps 150i honda ps 150i như hình xe chính chủ đang sử dụng hàng ngày máy mạnh êm điện nước ok bán hoặc giao lưu gọi trực tiếp,0,0,0,0,0,0,1,10772666.394466156,5227333.605533844
16000000.0,14.57 tr,17.1 tr,Honda,Winner,60000,Tay côn/Moto,100 - 175 cc,Không rõ,8,6666.666666666667,winner v1 2018 winner v1 2018 gtdd 09c biển số 72 tình trạng xe máy zin dọn kiểng nhẹ dàn áo liền lạc dàn chân cứng máy bao êm fix mạnh cho anh em nhanh gọn ít nói,0,0,0,0,0,1,0,15142118.646467352,857881.3535326477
18000000.0,10.55 tr,12.38 tr,Honda,Wave,3000,Xe số,100 - 175 cc,Nhật Bản,24,120.0,bán xe wave alpha đời 2002 dọn full xe tâm đắc do em trai mình dọn full từ trong ra ngoài gồm cả sơn toàn bộ khung sườn để đi phố cà phê nay không có nhu cầu sử dụng nên nhượng lại cho anh em đam mê anh em tự xem hình ảnh để biết thêm thông tin cavet theo xe wave alpha đời 2002 số máy hc08e màu xanh đen biển 5 số bình dương xem xe hcm,0,0,0,0,0,0,0,9475051.155508524,8524948.844491476
13000000.0,9.95 tr,11.68 tr,Honda,Wave,50000,Xe số,100 - 175 cc,Nhật Bản,24,2000.0,xe wave alpha 2002 lốc đen 1 đời chủ đổi xe tay ga cho vk cần ra đi em wave alpha 2002 lốc đen chính chủ ký công chứng sang tên uỷ quyền 1 nốt nhạc xe 1 đời chủ bs tphcm còn biển 4 số 1418 máy móc êm ru nước sơn sưởn xe còn nguyên zin dàn áo bô theo xe từ xưa giờ thích hợp cho anh em mê dòng wave nhỏ về dọn kiểng giá mong muốn 13tr fix nhẹ cho ae mau lẹ,0,1,0,0,0,1,1,12211885.375621565,788114.6243784353
9500000.0,10.4 tr,12.2 tr,Honda,Wave,1000,Xe số,50 - 100 cc,Hàn Quốc,8,111.11111111111111,wave hq úp full nhật giấy đầy đủ bstp 09 wave hq úp full nhật giấy đầy đủ bstp 09c máy 54zc đầu lòng ampha áo ampha còn đẹp dàn chân sạch sẻ ae cần ib 9 500 còn bớt ae cafe nhé sđt,0,0,0,0,0,0,0,9915538.785117112,-415538.7851171121
3600000.0,3.76 tr,4.41 tr,Hãng khác,Dòng khác,40000,Xe số,100 - 175 cc,Trung Quốc,26,1481.4814814814815,cần bán xe wave 110 mình cần bán chiếc xe wave 110 xe chạy êm ái giấy tờ đầy đủ biển số thành phố bạn nào có nhu cầu liên hệ m nhé,0,0,0,0,0,0,0,5743898.990939763,-2143898.9909397634
12000000.0,9.06 tr,10.64 tr,Honda,Air Blade,50000,Tay ga,100 - 175 cc,Việt Nam,14,3333.333333333333,bán xe airblade 2012 đi 50 000km máy zin xe chính chủ không phải xe kinh doanh máy còn zin 100 xe mới 95 tất cả các chức năng đều hoạt động tốt số km đã đi 50 000km,0,0,0,0,0,1,1,11662853.358658653,337146.64134134725
72000000.0,58.13 tr,68.25 tr,Honda,SH,15000,Tay ga,100 - 175 cc,Việt Nam,8,1666.6666666666667,cần bán sh150i abs 2018 khoá smk chất xe đẹp xe đẹp dàn áo lên trắng đen sporty máy zin 100 nhà sản xuất êm ấm thì thầm rất tốt và tiết kiệm xăng chất xe đẹp như hình xem xe tại nhà quận 10 thiện chí xem xe trực tiếp có bớt xe chính chủ nên uỷ quyền hay mua bán sang tên đều được,0,0,1,1,0,1,1,69665477.77777778,2334522.222222224
2500000.0,2.96 tr,3.48 tr,Yamaha,Nouvo,99999,Tay ga,100 - 175 cc,Nhật Bản,19,4999.95,bán xe nouvo như hình xe còn ok không hao xăng bao đi xa giấy tờ hợp lệ xe còn liền cứng cáp,0,0,0,0,0,0,0,5086117.470653618,-2586117.4706536178
11500000.0,15.94 tr,18.72 tr,Yamaha,Exciter,60,Xe số,100 - 175 cc,Việt Nam,15,3.75,dư chạy cần bán lại tình trang xe vận hành bình thường máy êm đề là nỗ xe ko chín chủ bao tranh chấp,0,0,0,0,0,0,0,18758293.29004329,-7258293.290043291
17900000.0,17.23 tr,20.23 tr,Piaggio,Vespa,300000,Tay ga,100 - 175 cc,Việt Nam,12,23076.92307692308,vespa primelia cavet 2018 trắng bảo dưỡng đầy đủ xe vespa premilia piagio sx 2014 nhưng cà vẹt lăn bánh 2018 xe nữ chạy kỹ nên máy móc còn ngon mua bán tại nhà nên yên tâm máy móc nồi dên bảo dưỡng định kỳ hãng nên về đổ xăng chạy xe nữ dag dùng ko phải cò lái thợ nên achi em mua rất yên tâm mua bán tại nhà công chứng chính chủ nên khách yên tâm xe có hơi trầy do sử dụng nên giá sẽ tốt cho ai chốt nhanh gọn lẹ nha,0,0,0,0,0,0,1,24190444.646951772,-6290444.646951772
27500000.0,28.44 tr,33.39 tr,Yamaha,Exciter,2300,Tay côn/Moto,100 - 175 cc,Không rõ,4,460.0,bán xe gấp bán xe gấp bảo hành 3 năm lh odo 2300 biển 68 càn tiền bán gấp,0,0,0,0,0,0,0,31281970.589852206,-3781970.5898522064
145000000.0,98.4 tr,115.51 tr,Honda,SH,14000,Tay ga,100 - 175 cc,Không rõ,16,823.5294117647059,sh 150i cuối 2010 biển đẹp 9 chủ mình cần bán xe sh ý nhập khẩu đăng ký cuối năm 2010 xe nhà đang đi zin 100 biển số đẹp 337 76 hợp với ae sinh năm 1976 tài lộc biển số trước mình mua xe đẹp biển số đẹp xe chính chủ mình đứng tên công chứng ngay trong cho người mua xe rất đẹp ace mua về chỉ việc đi không phải làm gì nữa xe nhà em đang sử dụng zin 100 mua bán tại nhà mình ở quận 12 cám ơn anh chị em đã xem tin,0,1,0,0,1,1,1,133173333.33333333,11826666.666666672
65500000.0,53.71 tr,63.05 tr,Honda,SH Mode,1525,Tay ga,100 - 175 cc,Việt Nam,2,508.3333333333333,sh mode abs 2024 1500km shmode bản đặc biệt bạc đen abs xe date 2024 đăng kí lần đầu 2 10 2024 bstp q12 số đẹp 1 đời chủ xe nhà đi kĩ chủ yếu trùm mền odo 1500km dán keo nguyên chiếc mới như hãng dẫn ra mình đứng tên cavet đứng bán nha ace 65tr500 ủy quyền hoặc kí mua bán ok hết nha xem xe tại bình mỹ củ chi,0,1,1,0,1,0,0,65388888.88888888,111111.11111111939
6500000.0,10.03 tr,11.77 tr,Honda,Wave,300000,Xe số,100 - 175 cc,Hàn Quốc,23,12500.0,xe cày đi làm không hao xăng xe tình trạng tốt xe không hao xăng mua về chỉ việc đổ xăng đi xe gtdd viết giấy mua bán tại nhà,0,0,0,0,0,0,0,7939019.847864299,-1439019.847864299
11000000.0,13.66 tr,16.04 tr,Yamaha,Exciter,300000,Tay côn/Moto,100 - 175 cc,Không rõ,14,20000.0,bán gấp chiếc ex135 máy êm xe mình đang cầm ở tiệm cầm đồ dàn áo ok hết trày xướt nhẹ bô ex2010 máy móc êm ru xe chạy bon bon ko lỗi gì ae nào ở gần có thể liên hệ qua tiệm xem xe nha đảm bảo ưng ý ngay xe không chính chủ giấy tờ xe đầy đủ nha ae có fix cho ae thiện chí giá hợp lý với tình trạng xe anh em an tâm em ở hiệp bình phước,0,1,0,0,0,0,1,13079511.236210072,-2079511.2362100724
8500000.0,6.68 tr,7.84 tr,Honda,Lead,30000,Tay ga,100 - 175 cc,Nhật Bản,16,1764.7058823529412,xe chính chủ leda 110 xe nữ đang đi còn rất mới xe nhật xe nữ đi nên con rất mới bảo trì định kỳ,0,0,0,0,0,0,1,10528939.301865323,-2028939.3018653225
32500000.0,14.49 tr,17.01 tr,Honda,Dream,3245,Xe số,50 - 100 cc,Không rõ,30,104.6774193548387,cần bán gấp xe dream thái đời 96 xe của ng cao tuổi đi jờ sức khỏe kém nên k đi dc xe nữa xe đi kỷ kiếm tra định kỳ thường xuyên máy móc đồ đạt còn zin theo xe a e nào có thiện trí muốn mua thì alo cho mình nhé trong giờ hành chính,0,0,0,0,0,1,0,13344925.286763141,19155074.71323686
12800000.0,15.19 tr,17.83 tr,Honda,Air Blade,32000,Tay ga,100 - 175 cc,Không rõ,12,2461.538461538461,honda ab air blade 125 đời 2014 xe đẹp không có nhu cầu sử dụng nữa nên cần bán lại xe honda air blade 125 đời 2014 xe bs 60 không chính chủ mua bán viết giấy tay bao tranh chấp cho người mua xe nhà sử dụng kỹ nên dàn ngoài còn mới 98 máy móc rất êm mua về sử dụng ngay tiếp anh chị em thiện chí thực sự mua về để sử dụng xin cảm ơn,0,0,0,0,0,0,1,13552995.264342051,-752995.264342051
12800000.0,13.75 tr,16.14 tr,Honda,Winner,19000,Tay côn/Moto,100 - 175 cc,Việt Nam,9,1900.0,winner 2017 siêu đẹp biển 72 cần bán lại winner v1 máy zin êm ru dàn áo cực kỳ đẹp chân óc sáng mọi thứ hoạt động hoàn hảo xe có gắn lọc trụ cho nhẹ xe biển số 72 vủng tàu có giấy mua bán của cửa hàng giờ bán bao tranh chấp tại nhà sđt 0979 chính bảy ba chính hai chín,0,0,0,0,0,1,0,16288138.868570507,-3488138.8685705066
18500000.0,15.73 tr,18.46 tr,Yamaha,Exciter,0,Tay côn/Moto,100 - 175 cc,Việt Nam,9,0.0,cần bán xe ex 150 xe chính chủ kí mua bán uỷ quyền đều đc ace nào mua em fix nhẹ lên phuộc rcb led 2 tần,0,0,0,0,0,0,1,19118268.626854703,-618268.6268547028
6500000.0,6.9 tr,8.1 tr,Piaggio,LX,100000,Tay ga,100 - 175 cc,Việt Nam,15,6250.0,vespa lx125 ngoại hình như ảnh xe đi êm ái mượt mà xe rất nặng nên dắt hơi mệt yên xe khá cao nên là pk ng tầm 1m6 trở lên,0,0,0,0,0,0,0,7704459.918344918,-1204459.9183449177
36500000.0,31.97 tr,37.53 tr,Honda,Vario,28000,Tay ga,100 - 175 cc,Nước khác,6,4000.0,vario 150 2020 xe chính chủ bstp đăng ký 1 chủ 2020 odo 28k km xe nguyên zin xem xe tp thủ đức,0,1,0,0,0,1,1,35847555.891869575,652444.1081304252
18600000.0,17.08 tr,20.05 tr,Honda,Winner X,20000,Xe số,100 - 175 cc,Việt Nam,6,2857.1428571428573,winner x 150 do nhu cầu không sử dụng nay mình cần bán 1 winner x 150 bs 95 xe 9 chủ mình đang đứng tên cavet mua bán công chứng điều được xe nhà sử dụng odo đúng 20000 km xe cam kết chưa tua đồng hồ anh chị em nào thiện chí lh mình,0,0,0,0,0,0,0,16555302.578554722,2044697.4214452785
11000000.0,10.12 tr,11.88 tr,Yamaha,Mio,15,Tay ga,100 - 175 cc,Không rõ,29,0.5,mio dọn sơ kiễng nhẹ mio 110 bstp chính chủ máy zin êm mượt về chạy dàn ngoài dọn sơ keng về chạy đhkoso phuộcyss choáled cổtitan taythắng fullsalaya vỏ đồ mới vvv lh em k chin k một k chín sáu ba chín chín ép zalo củng đc nhận đổi wave dream nhận sàn đồ zin,0,0,0,0,0,1,1,8911160.218158344,2088839.7818416562
12000000.0,8.92 tr,10.47 tr,Honda,Cub,53700,Xe số,50 - 100 cc,Nhật Bản,30,1732.258064516129,xe honda cub 89 cần bán chiếc xe honda cub 89 màu sắc nâu hộp số 4 số tới kim vàng giọt lệ xe nhà nữ chạy máy xe nhà làm mới lại 100 máy êm đề tốt hệ thống đèn còi xi nhan bô xe êm ái có carvet xe năm 1996,0,0,0,0,0,0,0,9768715.045941038,2231284.954058962
62000000.0,45.34 tr,53.22 tr,Piaggio,Vespa,6454,Tay ga,Đang cập nhật,Nước khác,4,1290.8,bán vespa đăng ký năm 2022 đi 6454km bán xe vespa như hình chính chủ đăng ký năm 2022 đi đúng 6454km xe rất ít khi đi đa phần bỏ trong gara p s mấy anh chuyên nói bên nhật hàn úc né dùm nhé,0,1,0,0,0,0,1,32341586.556036547,29658413.443963453
13800000.0,13.85 tr,16.26 tr,Yamaha,Janus,39000,Tay ga,100 - 175 cc,Việt Nam,8,4333.333333333333,xe janus 2018 bssg chính chủ ký janus bssg chính chủ bao công chứng uỷ quyền hoặc mua bán điều được máy móc bao zin êm chưa rớt đầu đề nhẹ phát là nổ xe trang bị công nghệ fi eco tiết kiệm nhiên liệu 55km lít xăng vừa bảo dưỡng full thay nhớt láp nhớt máy lọc gió cặp vỏ còn ngon dàn áo zin vừa mới sơn lại trắng phối đen sporty trùng màu cà vẹt tự sơn nên hơi lỗi áo không gãy pát lên đèn t9 pro siêu sáng mặt cắt ngang có bảo hành 1 tháng máy móc cho ae chơi bao quay đầu xe 15 20 cho ae trải nghiệm,0,1,0,0,0,1,1,16427596.668290598,-2627596.6682905983
23000000.0,15.65 tr,18.38 tr,Piaggio,Primavera,300000,Tay ga,100 - 175 cc,Nước khác,12,23076.92307692308,vespa primavera 2014 xe giấy tờ đầy đủ bstp chủ công chứng máy zin 1 đời chủ 23tr có fix nhanh gọn xem xe tphcm zalo,0,0,0,0,0,1,0,20181029.21987037,2818970.78012963
24800000.0,19.14 tr,22.46 tr,GPX,Dòng_Khác,19,Tay côn/Moto,100 - 175 cc,Thái Lan,6,2.7142857142857144,xe tay côn gpx demon 150gr môtô sản xuất tại thái lan đời 2020 1 đời chủ odo 20km xe đẹp 99 máy móc nguyên zin giá bán cho ae đam mê 24 triệu 800 lh,0,0,0,0,0,1,0,34565344.664102346,-9765344.664102346
18000000.0,13.66 tr,16.04 tr,Honda,Wave,4400,Xe số,100 - 175 cc,Việt Nam,5,733.3333333333334,wave a trùm mền nhà còn dư con wave a trùm mền vợ mình ko nhu cầu dùng nữa cần bán xe mới đi được 4k4 cây số xe mới 99 xe đa số trùm mền biển số tp hcm 9 chủ 1 đời chủ ace ai có nhu cầu mua xe cũ về dùng thì đây là con xe ko làm ace thất vọng bao thầy thợ đến xem tận nhà giá ko bớt ace ai thật sự quan tâm hãy alo xin đọc kỹ tin dùm mình tránh kỳ kèo mất time cả 2 thank ace đã xem tin,0,0,0,0,0,0,0,14081457.524413886,3918542.4755861145
6200000.0,7.18 tr,8.43 tr,Hãng khác,Dòng khác,30000,Xe số,50 - 100 cc,Hàn Quốc,9,3000.0,xe bán xe chạy êm không bị vấn đề gì hết chỉ việc đổ xăng và đi thôi xe lợi xăng giá có thể thương lượng được,0,0,0,0,0,0,0,7565013.939994464,-1365013.9399944637
11800000.0,11.67 tr,13.71 tr,Honda,Wave,20000,Xe số,100 - 175 cc,Việt Nam,6,2857.1428571428573,cần bán wave cần bán wave a như hình dàn áo liền lạc sạch đẹp nước sơn còn đẹp máy móc zin theo nhà sản xuất chưa đụng chạm cực êm giấy tờ đầy đủ bán bao tranh chấp giao cà vẹt và hợp đồng mua bán cửa hàng anh em cần xe đi làm alo e ạ,0,0,0,0,0,1,0,12766889.636544243,-966889.6365442425
19000000.0,21 tr,24.66 tr,Honda,Air Blade,300000,Tay ga,100 - 175 cc,Việt Nam,9,30000.0,cần bán xe chinh chủ biển số thành phố xe đi còn êm đi lại mượt xe hay bảo trì hàng tháng,0,0,0,0,0,0,0,21007815.847889617,-2007815.847889617
10000000.0,9.85 tr,11.56 tr,Honda,Air Blade,50000,Tay ga,100 - 175 cc,Nhật Bản,15,3125.0,cần bán gấp xe honda airlade trong hôm nay đã cầm trong cửa hàng 6triệu giờ muốn bán gấp xe ngon 1 đời chủ,0,0,0,0,0,0,0,9985536.625071421,14463.374928578734
6600000.0,7.31 tr,8.58 tr,Yamaha,Sirius,25000,Xe số,100 - 175 cc,Không rõ,14,1666.6666666666667,sirius hãng chạy tốt máy êm bền đi liền điện đề đủ ae tiền ít muốn kiếm xe ngon bền đẹp rẻ alo em nha em bán chiếc sirius biển 69 tình trạng xe chạy ngon mạnh nhích ga nhẹ giọoc liền nha các chức năng ok hoạt động tốt đề kèn xi nhan ok đu tóm lại mua chạy liền cavet gốc đàng hoàng yên tâm,0,0,0,0,0,0,0,6089022.178471849,510977.8215281507
6600000.0,8.66 tr,10.17 tr,Honda,Air Blade,123456,Tay ga,100 - 175 cc,Việt Nam,17,6858.666666666667,cần bán xe ab máy chạy ngon áo đẹp cần bán ab 2009 cuối đờ xe đẹp sạch sẽ máy móc êm ru giấy tờ đầy đủ mua bán tại nhà yên tâm sử dụng xe chạy rất ngon ạ cần alo em,0,0,0,0,0,0,0,9975818.591944179,-3375818.5919441786
15000000.0,8.6 tr,10.1 tr,Honda,Air Blade,30000,Tay ga,100 - 175 cc,Không rõ,17,1666.6666666666667,xe airblade chính chủ biển đẹp quận 12 bán xe như hình chính chủ đi từ lúc mua tới giờ giấy tờ đủ biển đẹp máy móc chạy ok xe đi giữ kỹ,0,0,0,0,0,0,1,10532719.76354196,4467280.236458041
12000000.0,9.83 tr,11.54 tr,Honda,Wave,50941,Xe số,100 - 175 cc,Không rõ,9,5094.1,wave alpha 2017 chính chủ tình trạng 90 bán nhanh xe wave alpha 110c mọi chức năng hoạt động tốt máy zin máy êm chạy mạnh bs thành phố đang sử dụng tốt mua về chạy ngay mình là nữ nên chạy rất kỹ mua bán tại nhà giấy tờ đầy đủ khách thiện chí alo sdt hoặc nhắn zalo mình gửi vị trí,0,0,0,0,0,1,1,10346435.948786007,1653564.0512139928
7450000.0,8.9 tr,10.45 tr,Honda,Blade,30000,Xe số,100 - 175 cc,Việt Nam,9,3000.0,bán con xe số máy zin đẹp ae nt để ép giá wave blade 110 2017 bst 38b2 589 35 không chính chủ bao tranh chấp màu trắng odo hơn 30 000km máy zin đầu chưa chạm dàn áo liền có lỗi một số chỗ dàn chân cứng cáp bao sàn lắc phù hợp ae đi cày mua bán trao đổi xem xe trực tiếp cửa hàng gò vấp,0,0,0,0,0,1,1,10590618.64257167,-3140618.642571669
12500000.0,9.95 tr,11.68 tr,Honda,Wave,1000,Xe số,100 - 175 cc,Việt Nam,24,40.0,vave đời 2002 honda vn lốc đen jin vave đời 2002 lốc đen xuất xứ vn xe jin giấy tờ đầ đủ,0,0,0,0,0,0,0,9446327.079930622,3053672.920069378
52500000.0,52.32 tr,61.42 tr,Piaggio,Sprint,20000,Tay ga,100 - 175 cc,Không rõ,6,2857.1428571428573,cần bán vespa sprint 125abs 2020 iget led 2 tầng cần bán vespa sprint 125abs 2020 iget đèn led 2 tầng còn mới chỉ đi loanh quanh thành phố trầy nhẹ tình trạng 90 số km đã đi 20000 giá bán mong muốn 52 500 000 vnđ có fix cho ae thiện chí ạ liên hệ anh quân sđt,0,0,1,0,0,0,0,57702553.62867678,-5202553.62867678
7000000.0,6.14 tr,7.21 tr,Yamaha,Nouvo,125000,Tay ga,100 - 175 cc,Không rõ,13,8928.57142857143,cần bán xe gấp do đổi xe mới xe đi ít rất giữ gìn xe công chứng ngay mình đổi xe mới nên cần bán xe này ai có nhu cầu liên hệ mình nha mình ở quận 12,0,0,0,0,0,0,0,5949933.524313264,1050066.4756867364
59000000.0,55.9 tr,65.62 tr,Honda,SH,50000,Tay ga,100 - 175 cc,Nhật Bản,9,5000.0,sh 150i 2017 cbs biển sg ngoại hình đẹp máy nguyên zin xe chính chủ công chứng nhanh gọn lẹ,0,0,0,0,0,1,1,61305327.7034856,-2305327.7034856007
78000000.0,75.76 tr,88.93 tr,Honda,SH,7000,Tay ga,100 - 175 cc,Việt Nam,2,2333.333333333333,bán sh cbs 125 chính chủ biển số sài gòn bán xe sh màu trắng biển số sài gòn xe chính chủ các bạn mua về chạy yên tâm đã vào một số đồ inox lh,0,0,0,0,0,0,1,74522218.34060057,3477781.659399435
3200000.0,3.92 tr,4.6 tr,Hãng khác,Dòng khác,88888,Xe số,100 - 175 cc,Trung Quốc,20,4232.761904761905,xe dream trung quốc máy êm xe dream trung quốc máy êm sườn cứng cáp chính chủ để chở hàng bao tốt,0,0,0,0,0,0,1,6506996.494203351,-3306996.4942033514
3400000.0,7.24 tr,8.49 tr,Yamaha,Sirius,666,Xe số,50 - 100 cc,Nhật Bản,13,47.57142857142857,yamaha sirius chính hãng mình đang có dư con xe sirius như hình xe máy móc êm bình đề đầy đủ lên đĩa sau xe nhật chính hãng bánh mâm hai đĩa mua bán tại nhà photô chứng minh căn cước cho mọi người yên tâm mong tiếp anh em thiện chí ai cần xe đi làm thì alo nhé xin cảm ơn ạ,0,0,0,0,0,0,0,6493777.279136183,-3093777.2791361827
13500000.0,26.94 tr,31.63 tr,Honda,Future,1234,Xe số,100 - 175 cc,Nhật Bản,18,64.94736842105263,bán xe hoda future neo xăng cơ đời 2008 xe nữ chạy còn rất đẹp máy móc êm ru xe giấy tờ hợp lệ ko chính chủ bs hà tĩnh gia em no 14tr5 giá này ah rm đừng hỏi sang ten xem xe bình chánh lh,0,0,0,0,0,0,1,22899798.528704412,-9399798.528704412
16500000.0,17.41 tr,20.44 tr,Honda,Dream,18000,Xe số,100 - 175 cc,Không rõ,28,620.6896551724138,cần bán drem thái như hình giấy đầy đủ xe đẹp cần bán drem thái giấy đầy đủ xe đẹp máy im đua là đi ok,0,0,0,0,0,0,0,11213925.533753974,5286074.466246026
15800000.0,13.96 tr,16.39 tr,Honda,Winner,70000,Tay côn/Moto,100 - 175 cc,Việt Nam,10,6363.636363636364,xe winner v1 đời đầu bảo dưỡng kĩ máy chất xe winer v1 biển số tp 1 chủ từ đầu gtdt cccd chủ và giấy cừa hàng xe zin đi ngon lớn tuổi nên muốn chuyền sang v2 v3 nên mới xua đuổi em nó theo chủ mới bạn nào có nhu cầu trải nghiệm dòng con tay của honalda với tiêu chí ngon bổ rè thì liên hệ mình xe nhông zen dĩa mới vỏ trước sau gai dày lên pi led f10s hàng zin,0,0,0,0,0,1,0,16865772.025976084,-1065772.0259760842
12900000.0,13.75 tr,16.14 tr,Honda,Winner,62000,Tay côn/Moto,100 - 175 cc,Việt Nam,9,6200.0,winner v1 2017 e cần thanh lý xe winner v1 2017 xe đẹp máy êm pô độ ko ký giấy uỷ quyền được mua bán bao tranh chấp cửa hàng ae quan tâm qua cửa hàng coi xe,0,1,0,0,0,0,0,16169222.392491696,-3269222.3924916964
8900000.0,52.61 tr,61.76 tr,Honda,Dòng khác,50000,Xe số,100 - 175 cc,Việt Nam,3,12500.0,xe way rxs cần bán xe trong trình trạng tốt xe đẹp khôn hao xăng ace có nhu cầu liên hệ cảm ơn nhé,0,0,0,0,0,0,0,15384958.177168168,-6484958.177168168
18200000.0,11.69 tr,13.72 tr,Honda,Wave,21000,Xe số,50 - 100 cc,Nhật Bản,7,2625.0,xe wave a110 chính chủ bs vip nhu cầu đổi xe nhà dư dùng wave a110 bs vip đẹp chính chủ xe rin chưa làm gì,0,0,0,0,0,0,1,12165174.530694941,6034825.469305059
81000000.0,74.3 tr,87.23 tr,Honda,SH,25000,Tay ga,100 - 175 cc,Việt Nam,4,5000.0,xe sh150 cbs đăng ký 2022 xe đẹp máy zin tôi chính chủ cần bán sh150 cbs đăng ký năm 2022 còn 2 chìa khoá 2 gương đầy đủ bảo dưỡng định kỳ theo hãng đẫ đi được 25 000 km màu trắng ngoại hình đẹp máy móc nguyên zin mua về chỉ đổ xăng và đi thôi xe biển nam định công chứng sang tên thế nào cũng được tôi đứng tên nên thoả mái xe mua từ hãng phát tiến dắt ra nên giấy tờ đầy đủ giá mong muốn 81 000 000 triệu fix cho anh em thiện chí,0,1,0,0,0,1,1,75453455.17596157,5546544.824038431
29900000.0,17.23 tr,20.23 tr,Piaggio,Vespa,20000,Tay ga,100 - 175 cc,Việt Nam,12,1538.4615384615386,vespa sprint 125 xe chính chủ bstp bán 1 xe tay ga vespa sprint 3vie đời 6 2014 xe chính chủ ít sử dụng máy móc nguyên zin do xe để lâu không sử dụng bình bị hết điện ai mua xe sẽ được thay cho bình ắc quy mới 100 tặng bộ baga chở đồ trước sau kính chắn gió chính hãng giá xe 29 9tr,0,0,0,0,0,1,1,24675305.41623321,5224694.583766788
18000000.0,19.98 tr,23.46 tr,Honda,Air Blade,100000,Tay ga,100 - 175 cc,Việt Nam,10,9090.90909090909,xe ab 2016 cần bán nhà còn dư 1 chiếc ab 2016 chính chủ biển vĩnh long xe mới đầy đủ mua về chạy thui nhà huỳnh tấn phát ai cần liên hệ nha ai xa e bớt chút lộc,0,0,0,0,0,0,1,17241705.50035437,758294.4996456318
75000000.0,54.16 tr,63.59 tr,Honda,CB,50000,Tay côn/Moto,Trên 175 cc,Không rõ,13,3571.428571428572,xe honda cbx250 bản nhập đổi hệ cần bán cbx250 bản nhập 2013 xe chính chủ biển định danh ký trong ngày đã lên đĩa sau bộ tem police tặng kèm đồng hồ điện tử led kenzo bộ chống đổ như hình xe đang đi hằng ngày không lỗi lầm,0,1,0,0,0,0,1,74358611.88521144,641388.1147885621
13500000.0,11.43 tr,13.42 tr,Honda,Dylan,300000,Tay ga,100 - 175 cc,Thái Lan,11,25000.0,xe trum men ko di can bán cho a e thien chí xe trùm mền ít đi mới 95 cần bán cho người thiên chí xe máy móc mới êm mua vé chỉ chạy ko cần sửa gì het,0,0,0,0,0,0,0,17631982.383300874,-4131982.3833008744
6000000.0,4.53 tr,5.32 tr,Piaggio,Zip,19000,Tay ga,50 - 100 cc,Việt Nam,20,904.7619047619048,kẹt tiền bán zip 100 do mình đi ctrinh đi xe ga bất tiện muốn đổi sang xe số nên muốn bán hay gl xe số cug đc máy bốc mạnh đi xa ok lun nha ko kêu hú hí j im ru y như hình chụp ae cần lh giá 6tr thôi mua về đi chợ học sinh đi học là hết bài nc chấm lun,0,0,0,0,0,0,0,8214816.560639008,-2214816.560639008
23500000.0,23.44 tr,27.51 tr,Honda,Winner X,45000,Tay côn/Moto,100 - 175 cc,Việt Nam,4,9000.0,winner x 2022 xe chỉ chạy đi chơi cuối tuần bình mình đi ab thay nhớt định kỳ lên nhiều đồ chơi chắc chắn xe chạy mạnh mẽ,0,0,0,0,0,0,0,23075495.89353188,424504.1064681187
100000000.0,95.08 tr,111.62 tr,Honda,SH,30000,Tay ga,100 - 175 cc,Nước khác,16,1764.7058823529412,sh 150 ý 2010 kẹt cv nên bán chiếc sh 150 ý 2010 số máy 103 xe dọn dàn chân sporty rớt đầu máy chưa chẽ êm bstp công chứng nhanh gọn giá 100củ fix nhẹ cho ace về sang tên nhé,0,1,0,0,0,0,0,80445858.58585857,19554141.41414143
33000000.0,28.79 tr,33.8 tr,Yamaha,Exciter,27000,Tay côn/Moto,100 - 175 cc,Việt Nam,4,5400.0,exciter mới đi 27 000km bảo dưỡng 3tr có hoá đơn mình cần bán exciter 155 xe nhà đi mới bảo dưỡng hãng hơn 3tr có hoá đơn đầy đủ về chỉ việc chạy xem xe tại q 10 ạ,0,0,0,0,0,0,0,26556998.786938373,6443001.213061627
6000000.0,5.28 tr,6.2 tr,Piaggio,Vespa,66666,Tay ga,100 - 175 cc,Nước khác,16,3921.529411764706,bán vespa lx 125cc bstphcm giấy tờ đầy đủ xe còn đẹp sạch sẽ máy móc êm đèn kèn xin nhan còn đầy đủ moi chức năng hoạt động bình thường,0,0,0,0,0,0,0,7479151.225457958,-1479151.225457958
21500000.0,16.03 tr,18.82 tr,Honda,PCX,60000,Tay ga,100 - 175 cc,Không rõ,15,3750.0,bán xe bs br vt xe 1 chủ nguyên zin ít đi nên xe rất ít trầy và đi cẩn thận nay không còn nhu cầu nên bán lại có nhu cầu thì liên hệ để trao đổi thêm,0,0,0,0,0,1,0,13663121.895606112,7836878.104393888
4700000.0,6.23 tr,7.31 tr,Yamaha,Jupiter,30000,Xe số,100 - 175 cc,Nhật Bản,16,1764.7058823529412,jupiter nhật giấy tờ đầy đủ giá tốt jupiter nhật giấy tờ đầy đủ xe ngoại hình còn đẹp dàn áo liền lạc chức năng đầy đủ thích hợp cho ae cần xe đi cày đi công trình giá 4tr700k có fix cho ae thiện chí xem xe quận 9 thủ đức,0,0,0,0,0,0,0,5816255.28124079,-1116255.2812407902
75000000.0,69.27 tr,81.32 tr,Honda,SH,7000,Tay ga,100 - 175 cc,Việt Nam,5,1166.6666666666667,sh 150cc 2021 od 7000km mình cần thanh lý sh 150cc xe đẹp lắm xe 2021 mới chạy 7000km ạ giá 75tr ace kết nối,0,1,0,0,0,0,0,79467882.6608979,-4467882.660897896
73000000.0,62.76 tr,73.68 tr,Honda,SH,25,Tay ga,100 - 175 cc,Việt Nam,7,3.125,shvn 150 abs đời 2019 chính chủ dư dùng cần bán xe shvn 150 abs chính chủ xe vô áo mân lóc nói chung full đầu nồi chưa mở 2 remot đầy đủ giá 73 tr fix nhe cho ae nhanh le xem xe tai nhà c c sau khi mua bán xong,0,0,1,0,0,0,1,69538111.1111111,3461888.8888888955
15000000.0,7.57 tr,8.89 tr,Honda,Air Blade,30000,Tay ga,100 - 175 cc,Thái Lan,18,1578.9473684210527,bán xe air blade bản 2008 xe mình được tặng giờ nhà nhiều xe quá nên phải bán bớt đi xem xe trực tiếp xe đi rất ngon cảm giác ga và cảm giác lái thích hơn các dòng airblade sau này máy đầm khỏe đi rất thích nhược điểm tất cả các dòng airblade đời 2009 đều có 1 nhược điểm là sáng ra hơi khó nổ còn lại đều rất ok,0,0,0,0,0,0,0,14796776.251498362,203223.74850163795
65000000.0,55.2 tr,64.8 tr,Honda,SH,35000,Tay ga,100 - 175 cc,Việt Nam,9,3500.0,sh150 cbs biển sg chính chủ cần bán hiện trạng xe mua mới từ đầu xe 1 chủ biển sg bao sang tên mua bán tại nhà hiện xe đang quận 7 ae mến nhắn trực tiếp mình,0,0,0,0,0,0,1,65501555.294544436,-501555.29454443604
27000000.0,29.5 tr,34.63 tr,Honda,Vision,600,Tay ga,100 - 175 cc,Việt Nam,1,300.0,kẹt tiền cần bán gấp xe chưa bấm biển do kẹt tiền cần bán gấp xe chưa bấm biển số mới chạy được 450 cây,0,0,0,0,0,0,0,34453291.603477,-7453291.603477001
2500000.0,3.51 tr,4.12 tr,Suzuki,Hayate,56000,Tay ga,50 - 100 cc,Việt Nam,17,3111.1111111111118,xe nhà để rất lâu xe nhà đi để rất lâu 1 nam máy giờ đem ra đề hoài ko nổ còn lại đầy đủ hết ko thiếu gì hết ae nào thiện chí lh mình,0,0,0,0,0,0,0,5091772.003146057,-2591772.003146057
16000000.0,11.67 tr,13.7 tr,Honda,Lead,35363,Tay ga,100 - 175 cc,Nhật Bản,13,2525.928571428572,honda lead 2014 xám xe lead 2014 xám biển số quận 1 tphcm xe zin lóc máy còn nguyên kiện máy êm ngoại hình 90 xe ủy quyền,0,0,0,0,0,1,0,11168417.617994161,4831582.382005839
11500000.0,12.15 tr,14.27 tr,Honda,Vision,55555,Tay ga,100 - 175 cc,Việt Nam,12,4273.461538461538,cần bán xe vision 2014 bstp bán xe vision 110 fi đời 2014 bstp xe ngoại hình hoàn hảo cứng cáp sạch sẻ xe còn dán keo dàn áo còn đẹp dòng xe fi tiết kiệm xăng máy êm ru không hú chạy rất ngon mọi chức năng hoạt động đầy đủ xe biển số thành phố pháp lý chuấn công chứng mua bán xem xe tại nhà đc phan văn trị f7 q5 tp hcm,0,1,0,0,0,0,0,13429551.095193999,-1929551.095193999
7000000.0,6.8 tr,7.98 tr,Suzuki,Axelo,80000,Tay côn/Moto,100 - 175 cc,Nước khác,10,7272.727272727273,axelo zin êm em cần bán con axelo máy full zin xe dùng kỹ máy êm ru về đổ xăng là chạy biển tỉnh,0,0,0,0,0,1,0,13147654.07249321,-6147654.07249321
16500000.0,19.42 tr,22.8 tr,Yamaha,Nvx,55000,Tay ga,100 - 175 cc,Việt Nam,9,5500.0,dư dùng thanh lý nvx 155 lên đời sh dư dùng cần bán nvx xe mình đi giữ kĩ máy móc êm ru ko 1 tiếng động dàn áo cứng cáp lốp còn mới,0,1,0,0,0,0,0,18830652.411800444,-2330652.411800444
46000000.0,36.06 tr,42.33 tr,Honda,Vario,17000,Tay ga,100 - 175 cc,Không rõ,3,4250.0,vairio 125 đen nhám đk đầu 2023 bstp up đèn xe còn khá mới sơn gần như không bị trầy xướt lên đèn bi cầu kenzo s700pro đèn audi trước sau 5d chỉnh app trên ddt còn bảo hành 2 năm full bộ đèn cùm gần 10tr cùm tay cbr 650,0,0,0,0,0,0,0,41734465.423722655,4265534.576277345
45000000.0,43.32 tr,50.85 tr,Yamaha,R,1500,Tay ga,100 - 175 cc,Hàn Quốc,4,300.0,yamaha r15 2022 q7 xe máy tốt bảo dưỡng tốt đời 2022 odo 1500km zalo,0,0,0,0,0,0,0,27888158.724494494,17111841.275505506
19000000.0,16.31 tr,19.14 tr,Honda,Wave,1000,Xe số,100 - 175 cc,Nhật Bản,2,333.3333333333333,xe đẹp leng keng xe mới leng keng 99 e cần pas lại cho ae có nhu cầu mới đi 1000km tình trạng xe còn bảo hành e ở quận 4 tphcm sđt bớt nhẹ cho ae có thiện chí,0,0,0,0,0,0,0,16946599.862574253,2053400.1374257468
8500000.0,5.04 tr,5.92 tr,Yamaha,Nouvo,54321,Tay ga,100 - 175 cc,Nhật Bản,14,3621.4,minh cân ban 1 xe novo 5 xe đep may êm mình cần bán một xe novo 5 xe còn đẹp máy rất êm xe zin xe biển số tp xe không chính chủ viết giấy bao tranh chấp mua bán tại nhà ai thích mua thì alo mình nha,0,0,0,0,0,1,1,6796882.980250657,1703117.0197493434
29000000.0,36.6 tr,42.96 tr,Kawasaki,W175,15000,Tay côn/Moto,100 - 175 cc,Thái Lan,4,3000.0,kẹt tiền bán bao ra tên ủy quyền xe đang sdung ok mọi chức năng ký uỷ quyền sang tên ok 176 đặng văn ngữ phường 13 phú nhuận,0,1,0,0,0,0,0,31006800.343651205,-2006800.3436512053
4000000.0,4.04 tr,4.74 tr,Yamaha,Nouvo,60,Tay ga,100 - 175 cc,Nhật Bản,16,3.5294117647058822,xe chính chủ biển số tp hcm xe nhà sử dụng 2 vỏ bình điện mới thay mua về đi ngay,0,0,0,0,0,0,1,6564531.811849697,-2564531.8118496966
9900000.0,6.1 tr,7.16 tr,Honda,Lead,30000,Tay ga,100 - 175 cc,Không rõ,17,1666.6666666666667,bán lead fi 110 cuối 2009 trùm mền bstp 1 chủ máy xe mạnh êm nguyên zin cặp vỏ mới 98 đủ chìa khoá 2 kính zin theo xe xe mới lột keo đẹp như mới xe chính chủ mua bán làm giấy tờ công chứng,0,0,0,0,0,1,1,11638751.839828897,-1738751.8398288973
16000000.0,14.16 tr,16.63 tr,Honda,Future,50000,Xe số,100 - 175 cc,Không rõ,26,1851.851851851852,cần bán future 110 cần bán xe future 110 xe đã thay full dàn áo hãng mới máy đã làm zin mới ic lửa zin bao test xem xe trực tiếp ngã tư ga quận 12,0,0,0,0,0,1,0,22590128.185173713,-6590128.185173713
30000000.0,15.33 tr,17.99 tr,Honda,Spacy,90000,Tay ga,Đang cập nhật,Không rõ,29,3000.0,cần bán spacy 125 đầu 10 1997 mình cần bán xe spacy đầu 10 1997 xe hqcn biển số tp bình thạnh xe 1 đời chủ đập thùng từ đầu mình là chủ xe sang tên ủy quyền ngay khi công chứng xe nguyên zin 99 nữ đi nên còn đẹp xem xe tại nhà thủ đức hcm giá 30tr phone zalo,1,0,0,0,0,1,0,54553581.26598825,-24553581.265988253
8000000.0,11.03 tr,12.95 tr,Honda,Vision,39931,Tay ga,50 - 100 cc,Việt Nam,13,2852.214285714286,xe tay ga honda vision 2013 xe chính chủ hơi xước đang sử dụng tốt đầy đủ giấy tờ chính chủ giá 8 tr có thể thương lượng,0,0,0,0,0,0,1,10859906.522337474,-2859906.522337474
11500000.0,11.67 tr,13.71 tr,Honda,Wave,30000,Xe số,100 - 175 cc,Việt Nam,6,4285.714285714285,wave alpha trắng 2020 bán xe wave alpha chạy bao êm bao test máy móc zin chưa bung gì hết 110cc tiện lợi cho cày cuốc đi phượt đi làm đi học gọn nhẹ và sạch sẽ cho nam và nữ vui lòng nt zalo hoặc liên hệ để xem xe,0,0,0,0,0,1,0,12763563.54958772,-1263563.5495877191
15500000.0,15.31 tr,17.98 tr,Honda,Lead,39000,Tay ga,100 - 175 cc,Việt Nam,12,3000.0,xe lead bstp 9c xe em đang đứng uỷ quyền lần 2 ký mua bán máy móc nguyên zin,0,1,0,0,0,1,0,13788174.838884229,1711825.1611157712
7500000.0,5.1 tr,5.98 tr,Yamaha,Nouvo,69000,Tay ga,100 - 175 cc,Nhật Bản,14,4600.0,nouvo sx 2012 chính chủ giá rẻ xe bao chạy bstp nouvo 5 fi 2012 ra cùng đời ex135 khuấy đảo thị trường hồi đoá đời fi k còn hao xăng như xăng cơ những đời nouvo trước nên quý zị yên tâm về vụ nouvo hao xăng nha chính chủ bstp 7tr8 sang tên uỷ quyền mua bán đầy đủ sẳn xe tại 13 tô ký phường trung mỹ tây quận 12 ngoài ra có rất nhiều dòng xe từ 5 30tr cho ae lựa chọn mua hoặc trao đổi giao lưu nhé có fix chút cho người thiện chí giới thiệu ai quan tâm ib zalo huy ưu tiên đến trực tiếp cửa hàng trao đổi,0,1,0,0,0,0,1,6638908.821048785,861091.178951215
14500000.0,13.96 tr,16.39 tr,Honda,Winner,32000,Tay côn/Moto,100 - 175 cc,Việt Nam,10,2909.090909090909,winer v1 bstp máy êm chưa rớt xe bstp chính chủ kí khó bán btc cho ae giao full giấy chứng cmnd chủ máy pxl bao tê tái chất xe đẹp áo đẹp keng ko trầy bao đẹp máy móc êm lực chưa rớt đầu pô redleo cổ tăng ecu redleo họng ga zin móc pô e k cặp mâm 6 cây redleo dàn chân sơn zin sạch sẽ ốc tán salaya full xe điện đề đèn đầy đủ ae mua về chỉ có việc sử dụng cảm ơn chợ tốt duyệt tin,0,0,0,0,0,1,1,17593966.009464458,-3093966.0094644576
66000000.0,33.66 tr,39.52 tr,Honda,Dòng khác,11000,Tay ga,100 - 175 cc,Thái Lan,7,1375.0,bán xe zoomer x 2019 zoomer x 2019 thailand chính chủ đen đỏ xe máy móc nguyên zin nguyên bản đã độ smart key odo 11km còn tăng vì đi lại mỗi ngày giá 5xtr call xem xe quận bình thạnh tphcm,0,0,0,0,0,1,1,33570449.91341274,32429550.086587258
4500000.0,6.48 tr,7.61 tr,Yamaha,Sirius,100,Xe số,50 - 100 cc,Việt Nam,16,5.882352941176471,nhà dư xe yamaha sirius nên bán nhà dư xe sirius không chạy nên bán lại cho ai,0,0,0,0,0,0,0,6133194.1086289985,-1633194.1086289985
35000000.0,25.09 tr,29.45 tr,Brixton,Dòng_Khác,300000,Tay côn/Moto,100 - 175 cc,Nước khác,8,33333.333333333336,bán xe brixton 150 tại q7 bán xe brixton 150 odo 20 970 km cà vẹt màu trắng chính chủ sang tên một nốt nhạc đã sửa hết lỗi vặt chạy ngon lành mạnh dzọt lẹ giá công khai 35 triệu có thương lượng xe tại quận 7 hồ chí minh lý do bán vì lý do sức khoẻ nên đành chia tay em nó anh em nào cần một con xe chất phong cách hoài cổ nhưng chạy vẫn bốc thì inbox,0,1,0,0,0,0,1,19809035.43004277,15190964.56995723
10000000.0,5.98 tr,7.02 tr,Honda,Win,0,Tay côn/Moto,100 - 175 cc,Không rõ,9,0.0,win 110 có fix xăng xe cho anh em thiện chí xe chạy bình thường ít bệnh vặt điện đề đèn mới thay bán để lên rebel 125,0,0,0,0,0,0,0,20388849.930560883,-10388849.930560883
36000000.0,,,Honda,67,60000,Xe số,Dưới 50 cc,Nhật Bản,36,1621.6216216216217,xe 67 đã được dọn lên đồ cd zin hết xe rất đẹp xe rất đẹp mới cục máy cd 90 zin không còn nhu cầu sử dụng nên thanh lý,0,1,0,0,0,1,0,11993777.986688513,24006222.013311487
4500000.0,6.99 tr,8.21 tr,Honda,Wave,26900,Xe số,100 - 175 cc,Việt Nam,14,1793.3333333333333,xe máy êm cực kỳ cần bán xe máy êm mạnh mẽ zin toàn bộ bình đề xi nhan ở kẽ anh em mua hay trao đổi với nhau cũng được hãy gọi điện thoại cho chủ cầm ơn các cháu,0,0,0,0,0,1,0,10097748.770965235,-5597748.770965235
16500000.0,15.38 tr,18.06 tr,Honda,Lead,48000,Tay ga,50 - 100 cc,Việt Nam,11,4000.0,xuất cảnh cần bán gấp xe phụ nữ đi bà chị xuaat cảnh đi nuoesc ngoài cần bán gấp xe đẹp ít đi odo 48 000 xe bảo hành hãng dán đề can toàn bộ xe chính chủ sang tên liền giảm giá cho người có thiện chí xem xe tại nhà,0,0,0,0,0,0,1,15925166.451546427,574833.5484535731
28000000.0,14.11 tr,16.56 tr,Honda,Dream,32000,Xe số,50 - 100 cc,Thái Lan,31,1000.0,dream thái biển sưu tầm 3883 nhà dư xe nên mình chia lại ae nào thật sự đam mê dream thái và đặc biệt sưu tầm biển 4 số như 3883 tài phát phát tài xe có full ốc salaya mua bên thiện tpt 10 triệu lốp mechilin rổ thái chính hãng sơn xanh đen màu maybach s650 tem cắt film wrap rất kì công máy móc êm rin biển sưu tầm xe đẹp mua về là chạy đúng giấy mua bán bao tranh chấp giữ số 3883 còn anh em cần xe chính chủ thì mua xe khác hoặc có thể mua xe này mình bớt chốt 3 triệu về làm lại biển số chính chủ nhưng bỏ biển đẹp này thì không nên giá mong muốn 28 triệu anh em qua xem xe thích thì mình thương lượng mình bớt cho anh nào nhiệt tình xem xe tại ngã tư bình phước thủ đức hcm số gặp hiệp anh em mua làm ơn add zalo hoặc gọi qua xem xe hình sao xe vậy xe mình đi không phải dân buôn nên ae hạn chế thăm hỏi dùm,0,0,0,0,0,0,1,18285580.090409204,9714419.909590796
8500000.0,8.99 tr,10.56 tr,Honda,Air Blade,200000,Tay ga,100 - 175 cc,Việt Nam,14,13333.333333333334,honda ab 2012 phun xăng điện tử xe đăng ký 2012 phun xăng điện tử điện đề máy êm dàn áo liền lạc cũ theo tháng năm như hình bstphcm mua bán giao cà vẹt xe viết giấy bán bao tranh chấp,0,1,0,0,0,0,0,10046900.595303036,-1546900.5953030363
8000000.0,6.06 tr,7.11 tr,Honda,Wave,32000,Tay ga,100 - 175 cc,Nhật Bản,16,1882.3529411764705,honda wave rsx at 110 2010 sơn zin 100 xe wave rsx at f1 phun xăng giúp tiết kiệm xăng xe một đời chủ sơn zin xe nhật sản xuất tại việt nam,0,0,0,0,0,1,0,10084363.886009825,-2084363.8860098254
8000000.0,7.97 tr,9.36 tr,Honda,Wave,32000,Xe số,100 - 175 cc,Việt Nam,12,2461.538461538461,xe wave xe còn cứng cáp xe bị trầy nhẹ vày chổ,0,0,0,0,0,0,0,8404358.340954343,-404358.34095434286
25000000.0,11.43 tr,13.42 tr,Honda,Dylan,61000,Tay ga,100 - 175 cc,Nhật Bản,11,5083.333333333333,cần bán xe dylan còn mới ít chạy biển số đẹp nhà dư xe ít chạy nên bán cho ai cần xe còn mới nguyên biển số đẹp giá bán 25tr qk quan tâm liên hệ mình mua nhé cảm ơn qk đã xem tin,0,0,0,0,1,0,0,15831466.559012394,9168533.440987606
17000000.0,16.31 tr,19.14 tr,Honda,Wave,120000,Xe số,100 - 175 cc,Nhật Bản,2,40000.0,xe mơi mua đi đuoc mấy tháng nhà dư xe cần thanh lý lại xe ms mua còn như mới lúc mua 23 triệu,0,1,0,0,0,0,0,16847923.31422926,152076.68577073887
11500000.0,14.95 tr,17.54 tr,Yamaha,Exciter,3400,Tay côn/Moto,100 - 175 cc,Không rõ,10,309.09090909090907,thanh lý exciter exciter 2012 135 lai form lc odo 34k máy móc làm zjn xe bstp chính chủ dàn áo leng keng xe dọn ful new 11 trieu 500 bao thu hồi cho ae về sang tên xem xe tại cửa hàng 394 phạm văn chiêu gò vấp,0,1,0,0,0,0,1,17205984.442409266,-5705984.442409266
33000000.0,30.13 tr,35.37 tr,Honda,Vario,40000,Tay ga,100 - 175 cc,Nước khác,7,5000.0,thanh lý vario 150cc máy móc nguyên zin ngay chủ cần thanh lý vario 2019 150cc chính chủ đứng tên công chứng ủy quyền đều được áo bên ngoài hơi củ máy nguyên zin chưa sửa chữa hay mở đầu bao thợ xem test thoải maí mua bán tại nhà công chứng ký giấy liền trong ngày,0,1,0,0,0,1,1,35103763.87713656,-2103763.8771365583
27000000.0,19.85 tr,23.3 tr,Honda,Sonic,19,Xe số,100 - 175 cc,Nước khác,8,2.111111111111111,bán xe honda sonic xe zin ít để bán lại cho những người thích mẫu xe sonic 150r,0,0,0,0,0,1,0,18842729.92928885,8157270.070711151
28500000.0,26.21 tr,30.77 tr,Yamaha,PG-1,8000,Xe số,100 - 175 cc,Việt Nam,2,2666.6666666666665,xe mới mua còn rat mới nam 2024 xe mới mua còn rất mới hình sao xe vậy nhe xe máy mốc nguyên zin thay nhớt đinh kỳ xe đi mua năm 2024 đi đc 8k xem xe tai thoi tam thon,0,0,0,0,0,1,0,28115653.690465156,384346.309534844
1900000.0,2.76 tr,3.24 tr,SYM,Dòng_Khác,65000,Xe số,50 - 100 cc,Đài Loan,18,3421.0526315789475,bán gấp ạ xe trước đang chạy bình thường nay mất chia khóa với để lâu k chạy ae mua về vệ sinh bình xăng lại đi bình thường xe k mục gì nha ae,0,0,0,0,0,0,0,5124624.3040472,-3224624.3040472
77000000.0,59.58 tr,69.94 tr,Piaggio,Vespa,8123,Tay ga,100 - 175 cc,Không rõ,3,2030.75,bán xe vespa 150cc đời 2023 mới toanh xe chính hãng mới chạy 8 123km 150cc đời 2023 dán keo 3 lớp sẵn xe ít đi mua về chỉ chạy ko cần làm gì cả xe mới hoàn toàn liên hệ,0,0,0,0,0,0,0,68767731.63503163,8232268.364968374
59000000.0,54.28 tr,63.72 tr,KTM,Dòng_Khác,36000,Tay côn/Moto,Trên 175 cc,Không rõ,8,4000.0,người dùng pass ktm duke 390 2018 hqcn zin 100 tạm ngưng với đam mê 1 thời gian nên mình ra đi ktm duke 390 2018 hqcn xưa mình mua không ký mua bán chỉ cầm cà vẹt nên không chính chủ mình bao tranh chấp ae có thể nhờ dịch vụ sang tên vắng chủ odo 36k chống đổ 1 cặp tun quickshift cordona bảo vệ lốc máy pô slip on ko tai nạn đâm đụng bùa phép gì bstp xem trực tiếp ở q12 rổ lá 59tr nhanh gọn ko mặc cả,1,1,0,0,0,1,1,91168533.26,-32168533.260000005
29000000.0,26.31 tr,30.89 tr,Honda,Vision,15000,Tay ga,100 - 175 cc,Việt Nam,4,3000.0,cần bán xe honda vision đời 2022 xe vision 2022 sản xuất việc nam xe còn nguyên zin đã hết bảo hành ace xem mua bán xem xe tại nhà,0,0,0,0,0,1,0,28897585.633967094,102414.36603290588
31500000.0,33.69 tr,39.55 tr,Honda,SH,44444,Tay ga,100 - 175 cc,Không rõ,19,2222.2,cần bán gấp hay đổi xe pcx xe máy êm không chính chủ bán bao tranh chấp chịu khó kiếm chủ ký được nha do người quen nhập ý 207 bao đi xa không sôi nước chết máy bậy bạn ạk có giao xe pcx đời cao xin ae đọc kỹ giúp mjh chứ hỏi đã đời xong quay qua hỏi có chính chủ ko nữa,0,1,0,0,0,0,1,43653583.333333336,-12153583.333333336
60000000.0,51.28 tr,60.19 tr,Honda,Vario,39000,Tay ga,100 - 175 cc,Việt Nam,9,3900.0,bình tân bán xe vario dư dùng nên mình cần bán xe vario màu vàng cát 2017 xe chính chủ mình ở p an lạc a bình tân,0,0,0,0,0,0,1,46650122.67876096,13349877.32123904
48000000.0,15.8 tr,18.55 tr,Yamaha,Exciter,20000,Tay côn/Moto,100 - 175 cc,Nhật Bản,15,1250.0,ex nhỏ 1 càng xe dô đồ cùm nvx new đh sipắc new vỏ city extra new tay thắng nissin neww dĩa tq6 cùi dĩa cnc nsd 36 14 recto chống đứng nghiêng inox pô zin mốc theo bài fun ốc salaza áo mới keng thùng còn phần máy 62zz cân dục zên dên tay đồ chơi lòng ycs trâi fin đầu số 8 đồ chơi bxc uma họng 32 ic chỉnh lập trình mây tính nồi bún bay mới làm nói chung cục máy khỏi bàn nhiều đồ vô lắm k nhớ nỗi cục đề đồ chơi 7 màu 4 chũi than lên sạc 150 zin luôn máy bao im nhấn 1 cái là nỗ bao k nghe tiếng động lạ xe này bstp 9 chủ đang đứng uỷ quyền luon xe cuối 2011 đúng đời 1 càng nha 1s9a,0,0,0,0,0,1,0,12567831.79841006,35432168.20158994
7500000.0,14.16 tr,16.63 tr,Honda,Future,8888,Xe số,100 - 175 cc,Thái Lan,26,329.1851851851852,bán future 1 2000 09 chủ giấy tờ đầy bstp bán dùm ông chú future 1 2000 09 chủ giấy tờ đầy đủ bstp ai mua alo em,0,0,0,0,0,0,0,24090738.01564014,-16590738.01564014
14500000.0,9.95 tr,11.68 tr,Honda,Wave,16500,Xe số,50 - 100 cc,Nhật Bản,24,660.0,xe anpha dọn mẫu zx xe 09 chủ mình mua xe mới nhà nhỏ không có chỗ để cần re đi em nó xe mới dọn đi tết xong dòng này đi tiết kiệm xăng muo về chi có việc đổ xăng chạy ace cần alo mình,0,0,0,0,0,0,0,9320800.113805119,5179199.886194881
23000000.0,22.62 tr,26.56 tr,Yamaha,Exciter,18000,Tay côn/Moto,100 - 175 cc,Việt Nam,6,2571.428571428572,cần bán ex 150 đòi 2020 ex 150 2020 giấy tờ đẩy đủ bao sang tên kí giấy ủy quyền xe 9 chủ biển 93 xe ở thủ đức,0,0,0,0,0,0,0,26240976.929327272,-3240976.929327272
11000000.0,14.51 tr,17.04 tr,Yamaha,Exciter,25000,Tay côn/Moto,50 - 100 cc,Nhật Bản,13,1785.7142857142858,bán xe exciter 135 liên hệ nhận xe tại huỳnh tấn phát quận 7 tphcm sdt,0,0,0,0,0,0,0,15302969.221556874,-4302969.221556874
19000000.0,15.44 tr,18.12 tr,Piaggio,Vespa S125,30000,Tay ga,100 - 175 cc,Không rõ,13,2142.8571428571427,bán vespa s150 2013 vespa s150 máy 3vale ie hột xoài đời cuối xe đang full chức năng về chỉ việc đổ xăng chạy máy zin chưa bung êm chuẩn piago xe giấy tờ zin theo xe biển số 62 bán 19tr hoặc giao lưu xe côn tay ưu tiên msx raider sonic bù trừ hợp lý dứt xem xe gần cầu xáng bình chánh tphcm,0,1,0,0,0,1,0,10064837.190821253,8935162.809178747
5000000.0,6.08 tr,7.14 tr,Yamaha,Mio,50000,Tay ga,100 - 175 cc,Việt Nam,10,4545.454545454545,xe nhà dư k chạy cần bán 5tr giấy tờ đầy đủ biển số tỉnh máy 54zz êm ái,0,0,0,0,0,0,0,12467677.29963521,-7467677.299635209
16000000.0,13.65 tr,16.03 tr,Honda,Wave,60000,Xe số,100 - 175 cc,Nhật Bản,5,10000.0,cần bán xe wave alpha xe chính chủ nhật bản wave anpha đời 2021 xe máy zin chưa bung nhớt thay định kỳ đi lại ok,0,0,0,0,0,1,1,13819158.173547337,2180841.826452663
25000000.0,16.72 tr,19.63 tr,Honda,MSX 125,30000,Tay côn/Moto,100 - 175 cc,Thái Lan,9,3000.0,msx 125 2017 zin nhà dư dùng cần bán 1 xe máy mô tô con msx 125 xe nhập thái lan đã đi được 30 000 km xe chính chủ ký giấy mua bán ưu tiên nhanh gọn có bớt cho người thiện chí mua,0,1,0,0,0,1,1,21021260.689583234,3978739.3104167655
21500000.0,18.68 tr,21.93 tr,Honda,PS,20000,Tay ga,100 - 175 cc,Nhật Bản,18,1052.6315789473683,xe honda ps xe ps đời 2008 màu xanh đá xài rồi zin chưa bung máy xe nhà đi chính chủ cần bán biển số thành phố liên hệ sdt,0,0,0,0,0,1,1,12100624.689270334,9399375.310729666
8700000.0,9.73 tr,11.42 tr,Honda,Wave,45800,Xe số,100 - 175 cc,Việt Nam,10,4163.636363636364,dư xe nên cần bán em wave blade 2016 bstp xe wave blade 2016 zin nữ chạy nên còn rất mới máy móc êm ru bao công chứng uỷ quyền,0,0,0,0,0,1,0,8518601.664237386,181398.33576261438
11000000.0,6.77 tr,7.94 tr,Honda,Wave,99999,Xe số,100 - 175 cc,Không rõ,18,5263.105263157895,xe wave nguyên zin 2008 làm wave kiểng biển số tp xe wave chính chủ cà vẹt đầy đủ xe 2008 còn xài tốt odoo 98756 bx bình thạnh hồ chí minh mua làm kiểng rất ngon tiết kiệm xăng,0,0,0,0,0,1,1,11025740.557308279,-25740.557308278978
66000000.0,55.9 tr,65.62 tr,Honda,SH,44005,Tay ga,100 - 175 cc,Việt Nam,9,4400.5,bán sh abs 2017 xe sh vn tình trạng đang chạy thẳng abs hoạt động tốt,0,0,1,0,0,0,0,68492663.81766385,-2492663.8176638484
20500000.0,18.47 tr,21.68 tr,Honda,Vision,21000,Tay ga,100 - 175 cc,Việt Nam,8,2333.333333333333,cần bán xe honda vision xe đẹp leng keng biển số tp máy móc nguyên zin từ a tới z đầu nồi chưa bung máy chạy mạnh nhẹ êm ru mọi chức năng theo xe hoạt động bình thường mua về chạy ngay ko tốn thêm chi phí nào giá 20 500 000 còn thương lượng xem xe tại quận 7,0,0,0,0,0,1,0,17339128.681904625,3160871.318095375
7500000.0,8.59 tr,10.08 tr,Piaggio,Vespa,60000,Tay ga,100 - 175 cc,Nước khác,14,4000.0,vespa đẹp nữ đi học nhà có chiếc vespa đẹp mới dọn bảo trù máy hơn 4tr còn hoá đơn do nhà chật nên pass lại ai cần xe e gái đi học chạy trơn tru bình thường giấy tờ đầy đủ bớt nhẹ cho học sinh đi học hoặc thiện chí mua,0,0,0,0,0,0,0,8261975.475194041,-761975.4751940407
23000000.0,22.72 tr,26.68 tr,Honda,Future,20000,Xe số,100 - 175 cc,Việt Nam,6,2857.1428571428573,bán xe máy future xe đã qua sử dụng cuối 2020 xe còn mới trên 90,0,0,0,0,0,0,0,23774719.941288512,-774719.9412885122
1700000.0,4.12 tr,4.83 tr,SYM,Attila,600,Tay ga,Đang cập nhật,Nước khác,12,46.15384615384615,attila giá rẻ xe như hình hư nồi vẫn chạy được tèn tèn cho 1 người,0,0,0,0,0,0,0,6963330.118761622,-5263330.118761622
10500000.0,9.06 tr,10.64 tr,Honda,Air Blade,1234,Tay ga,100 - 175 cc,Việt Nam,14,82.26666666666667,ab máy êm ru giấy tờ đầy đủ alo zalo e nha ab máy êm ru giấy tờ đầy đủ alo zalo e nha d c 616c tỉnh lộ 15 tân thạnh đông củ chi,0,0,0,0,0,0,0,10023035.676723117,476964.323276883
8500000.0,6.87 tr,8.06 tr,Honda,Wave,300000,Xe số,100 - 175 cc,Việt Nam,14,20000.0,đổi xe cần bán xe cũ wave rsx 2012 xe năm 2012 nữ sử dụng còn nguyên zin về máy chưa thay thế gì nhiều bảo dưỡng định kì cần xem xe liên hệ mình nhé,0,0,0,0,0,1,0,10105730.404820323,-1605730.404820323
24600000.0,21.1 tr,24.77 tr,Honda,Vision,26,Tay ga,100 - 175 cc,Không rõ,7,3.25,vison 2019 trum men khoa smarkey bstp vison 2019 kho a smarkey biê n sô tha nh phô cap vo mơ i tinh mơ i lo t keo co n râ t mơ i may nguyên zin ngay chu ba n công chư ng,0,0,0,0,0,1,0,24005544.194247585,594455.8057524152
34000000.0,30.59 tr,35.91 tr,Honda,Future,1400,Xe số,100 - 175 cc,Việt Nam,1,700.0,kẹt tiền cần bán ạ nguyên zin xem xe sài gòn biển số 67 an giang,0,0,0,0,0,1,0,34297111.111111104,-297111.1111111045
100000000.0,109.65 tr,128.72 tr,Honda,SH,27500,Tay ga,100 - 175 cc,Nước khác,14,1833.3333333333333,cần bán sh ý 150cc 3 cục bstp chính chủ nhà dư xe nên em cần bán sh ý 150cc hàng nhập 3 cục bstp 59 d2 11533 chưa qua tay chủ thứ 2 bao giờ xe dùng rất kĩ vì chỉ đi trong nội ô thành phố thôi nên là còn rất ngon số km đã đi 27 500km ae mình qua xem là ưng liền ạ nhà e kế bên aeon mall tân phú 0 9 0 6 3 2 6 9 9 2 ib hoặc gọi e trước khi qua nhé ạ e bán xe nhà chứ không phải môi giới mua đi bán lại nên ae lưu ý giúp e nha,0,1,0,0,0,0,1,181356969.69696972,-81356969.69696972
8700000.0,6.13 tr,7.2 tr,Yamaha,Sirius,5555,Xe số,50 - 100 cc,Nhật Bản,18,292.3684210526316,xe máy móc nguyên rin chạy êm cho a e đi làm máy móc êm cho a e đi làm cho học sinh đi học,0,0,0,0,0,0,0,6076529.612370236,2623470.387629764
53500000.0,47.9 tr,56.24 tr,Honda,SH Mode,17000,Tay ga,100 - 175 cc,Không rõ,5,2833.333333333333,sh mode abs 125 giá 53 5tr có fix cà phê xe đẹp nguyên zin như hình dàn áo đẹp như mới xe chính chủ công chứng hoặc ủy quyền 1 nốt nhạc 53 500 000tr fix xăng cộ và cà phê vui vẻ ạ,0,0,1,0,0,1,1,49549284.507567994,3950715.4924320057
10500000.0,10.8 tr,12.68 tr,SYM,Dòng khác,7500,Tay ga,100 - 175 cc,Không rõ,7,937.5,xe mới ít chạy nhà dư chiếc xe mua mới chỉ đi quanh quanh mới chạy đc hơn 7000km xe khoẻ chưa hư hỏng gì hết biển số quận 3 xem xe đc lấy ngay,0,0,0,0,0,0,0,19868997.481331866,-9368997.481331866
12000000.0,10.48 tr,12.3 tr,Honda,67,9999,Tay côn/Moto,100 - 175 cc,Nhật Bản,28,344.7931034482759,xe 67 cổ hoài niệm cần bán honda 67 cổ điển xe đẹp máy êm biển số tp dòng xe honda 67 cổ điển tình trạng xe dáng nguyên bản máy móc hoạt động ổn định đạp phát nổ ngay ngoại hình sáng đẹp sơn còn khá mới không trầy xước nhiều máy móc máy êm 110 mạnh bốc không xì nhớt bảo dưỡng định kỳ đầy đủ điện đèn hệ thống đèn xi nhan còi hoạt động tốt biển số tp hcm giấy tờ đầy đủ rõ ràng số máy đóng số sườn zin biển số zin giấy tờ zin phù hợp người đam mê xe cổ sưu tầm hoặc sử dụng đi cà phê dạo phố cực chất còn tin là còn xe alo trực tiếp để được giá tốt,0,0,0,0,0,1,0,14718806.016929643,-2718806.016929643
148000000.0,111.75 tr,131.19 tr,Honda,SH,200000,Tay ga,100 - 175 cc,Không rõ,15,12500.0,can ban sh ý sm 106 can ban lai sh ý 106đang su dung ok may zin biển so tp chinh chu sang ten uy quyen thaoi mai so đẹp,0,1,0,0,0,1,1,164157336.85333332,-16157336.853333324
62300000.0,62.14 tr,72.95 tr,Honda,SH,28000,Tay ga,100 - 175 cc,Không rõ,7,3500.0,shvn 125 cbs 2019 bstp 1 chủ cần bần shvn 125 cbs đki 6 2019 bstp 1 chủ máy móc nguyên zin như hãng dàn ngoài dán keo nguyên chiếc còn mới keng odo chuẩn 28k ko tua đồ zin còn đầy đủ xe chính chủ đang sử dụng ko cò lái,0,1,0,0,0,1,1,71618535.99870339,-9318535.99870339
38800000.0,31.97 tr,37.53 tr,Honda,Vario,20000,Tay ga,100 - 175 cc,Việt Nam,6,2857.1428571428573,vario 150 vario 150 đăng kí lần đầu 4 2020 bstp dễ thương 9 nút chính chủ kí giấy up full áo 2023 mới leng keng phuộc rcb bình dầu đen ty vàng máy zin êm bốc bao chưa rớt đầu giá 38 đồng 8 fixx tuột quần cho ae mau lẹ hỗ trợ cà thẻ trà góp giao lưu bù trừ thương lượng,0,0,0,0,0,1,1,35714770.762329906,3085229.237670094
22000000.0,39.46 tr,46.33 tr,Suzuki,Sport / Xipo,30000,Tay côn/Moto,100 - 175 cc,Việt Nam,26,1111.111111111111,sipo xe bao chạy máy mốc em xe dang su dung k sàn lac 120 số,0,0,0,0,0,0,0,16049646.857227005,5950353.142772995
6500000.0,4.08 tr,4.78 tr,Honda,Dream,50000,Xe số,100 - 175 cc,Trung Quốc,8,5555.555555555556,dream trái 54 bán lại cho anh chơi xe trái 54 đồ nhật xem trực tiếp tại nhà thoải mái fix nhẹ cho ae nhanh lẹ bs tỉnh,0,0,0,0,0,0,0,10198201.62096771,-3698201.6209677104
14800000.0,18.32 tr,21.5 tr,Honda,Future,0,Xe số,100 - 175 cc,Việt Nam,8,0.0,cần tiền gấp cần bán future phiên bản fi mâm đĩa cần tiền gấp cần bán xe future mập phiên bản đặc biệt fi mâm đĩa giá 14tr800 xe đời 2017 đăng ký 2018 biển số 70 tây ninh phuộc rcb đã lắp bi cầu rất sáng đã độ sạc ex150 dây led demi 7 màu chỉnh app xe màu sơn hơi xấu với xe không chính chủ bao tranh chấp tiệm với dân buôn xe ép giá tha em nhé em cảm ơn,0,1,0,0,0,0,1,17439198.61048038,-2639198.6104803793
15500000.0,9.85 tr,11.56 tr,Honda,Air Blade,29000,Tay ga,100 - 175 cc,Việt Nam,15,1812.5,ab 110 fi 2011 áo thái ab 110 fi 2011 vn áo thái xe mới 90 đi lợi xăng máy êm giá 15 500 tr thương lượng tôi chính chủ k phải dân mua bán tks ace,0,0,0,0,0,0,1,10532719.76354196,4967280.236458041
26000000.0,24.45 tr,28.7 tr,Honda,Vision,39000,Tay ga,100 - 175 cc,Việt Nam,5,6500.0,bán xe vision đã qua sử dụng do đổi xe mới nên mình thanh lí lại xe vision mình mua năm 2021 tại hãng honda xe đã qua sử dụng xe ngay chủ 1 đời xe còn rất mới vì có dán keo bảo quản và thay cặp bánh mâm mình mua riêng tại hãng là 4trieu rất chắc chắn còn đủ 2 chìa khóa bạn nào quan tâm xem xe thì liên hệ mình nha xem xe tại quận 7 nguyễn thị thập mình bán giá 26 triệu giảm chúc ít bù phí sang tên cho các bạn cảm ơn chợ tốt đã đưa tin,0,0,0,0,0,0,0,24752954.071803812,1247045.928196188
10300000.0,9.51 tr,11.16 tr,Honda,Blade,30000,Xe số,100 - 175 cc,Nhật Bản,9,3000.0,blade 2017 bstp 9 chủ xe mẩu mới tem nổi 2017 máy móc đầu nồi zin chạy êm ru mâm đìa zin các chức năng hoạt động tốt xe đả ký mua bán giờ bán xe giao cccd chủ cavet bộ công chứng do mình đứng tên bán bao tranh chấp,0,1,0,0,0,1,0,10030730.186740626,269269.81325937435
20000000.0,17.63 tr,20.69 tr,Honda,Winner X,35000,Tay côn/Moto,100 - 175 cc,Việt Nam,5,5833.333333333333,xe winnerx 2021 chính chủ xe winnex x đăng ký 2021 đã chạy 35k km xe chạy kỹ bảo dưỡng định kỳ chính chủ sang tên dễ dàng xe biển số bà rịa vũng tàu khoá số cbs xem kỹ trước khi inbox giúp mình ạ,0,1,0,0,0,0,1,22097024.18835405,-2097024.1883540489
14000000.0,14.95 tr,17.54 tr,Yamaha,Exciter,65000,Tay côn/Moto,100 - 175 cc,Việt Nam,10,5909.090909090909,bán or giao lưu xe ex 150cc cần bán 14tr hcm qua số điện thoại,0,0,0,0,0,0,0,18411540.59478338,-4411540.594783381
4500000.0,3.11 tr,3.65 tr,SYM,Attila,100000,Tay ga,100 - 175 cc,Nhật Bản,16,5882.35294117647,cần bán xe atila vàng cần bán xe ga atila chính chủ do không có nhu cầu sử dụng biển tỉnh nghệ an màu vàng tính trạng đi tốt phù hợp cho nam nữ liên hệ miss nguyệt,0,0,0,0,0,0,1,5801675.693159695,-1301675.6931596948
45000000.0,26.94 tr,31.63 tr,Honda,Future,67000,Xe số,100 - 175 cc,Không rõ,18,3526.315789473684,fi 2008 máy đầu nồi zin mâm zin theo xe cần bán fu fi 2008 zin máy đầu nồi zin chưa đụng chạm mâm zin sơn zin theo xe oddo 67k lên áo fi 2009 mới đã vừa vệ sinh sạch sẽ nhông sên dĩa mới về đỗ xăng chạy chính chủ xe ở mỹ tho tiền giang có thể xem xe ở tp hcm lh,0,0,0,0,0,1,1,29147721.991702393,15852278.008297607
4500000.0,3.55 tr,4.17 tr,Hãng khác,Dòng khác,0,Xe số,100 - 175 cc,Không rõ,16,0.0,ban xe giấy tờ đầy đủ qua xem xe lien hệ,0,0,0,0,0,0,0,5345251.8801072,-845251.8801071998
14500000.0,15.73 tr,18.46 tr,Yamaha,Exciter,28000,Tay côn/Moto,100 - 175 cc,Không rõ,9,2800.0,dư xe bán ex 2017 như hình giấy tờ đầy đủ do mình đăng kí chạy xanh sm nên dư chiếc ex 2017 như hình để không uổng nên bán rẻ luôn cho ae thiện chí xe mình đang sử dụng bình thường giấy tờ đầy đủ bao tranh chấp toàn quốc bảo dưỡng định kì thay nhớt đầy đủ ngoại hình cũ theo thời gian sử dụng máy đầm kéo 80 90 vô tư địa chỉ xem xe cuối đường 14 phường 5 gò vấp,0,0,0,0,0,0,0,17262524.271626785,-2762524.2716267854
7000000.0,10.56 tr,12.4 tr,Honda,Vision,74000,Tay ga,100 - 175 cc,Không rõ,14,4933.333333333333,honda vision 2012 125cc đỏ bạc honda vision 2012 125cc đỏ bạc xe còn đủ cà vẹt xe người thân đã mất để lại không sang tên giấy tờ được nên chỉ đảm bảo bao tranh chấp còn căn cước chủ xe thích hợp cho các cô dì đi chợ liên hệ em số em cám ơn ạ,0,0,0,0,0,0,0,10023035.676723117,-3023035.676723117
18000000.0,22.85 tr,26.82 tr,Honda,Future,64000,Xe số,100 - 175 cc,Việt Nam,6,9142.857142857143,honda future led đỏ 2020 mới 80 mình cần bán xe future 2020 xe dán keo nên lột ra sẽ mới anh chị em nào mua e để giá 18 triệu có thương lượng bớt lộc cho anh chị em nào qua xem xe nhanh gọn lẹ sdt e,0,0,0,0,0,0,0,23061389.971546836,-5061389.971546836
12500000.0,9.06 tr,10.64 tr,Honda,Air Blade,30000,Tay ga,100 - 175 cc,Việt Nam,14,2000.0,nhà dư xe cần bán ab 110cc sx 2012 bs tp 9 chủ nhà dư xe cần bán ab sx 2012 fi phung xăng điện tử cực kỳ tiếc kiểm xăng xe nguyên zin ao sơn zin chưa từng dậm hay tuốt lại máy cực êm và mạnh ae qua xem xe là thích xe đã ký quỹ quyền lần 2 bao ký mua bán sang tên bán tại nhà ae mua gọi đt dùm rhank địa chỉ và sdt trên bài đăng,0,1,0,0,0,1,0,11096765.988433532,1403234.0115664676
1700000.0,,,SYM,Attila,300000,Tay ga,100 - 175 cc,Việt Nam,30,9677.41935483871,xe sym điện đèn đề cavet đầy đủ xe sym điện đèn đề đầy đủ máy không được êm lắm ai có nhu cầu liên hệ,0,0,0,0,0,0,0,5216785.667554832,-3516785.667554832
14000000.0,6.3 tr,7.39 tr,Honda,@,97000,Xe số,50 - 100 cc,Nhật Bản,22,4217.391304347826,wave zin 2004 chính chủ cần bán chiếc wave zin mộc mạc tất cả đồ zin theo xe biển số tạm dịch đại trường tồn vĩnh cửu cho đến chết ae ai chơi phong thủy thì cứ dứt e nó về lên thái là hết bài xe công chứng ủy quyền đều được ai có nhu cầu liên hệ e nha,0,0,0,0,0,1,1,12025150.14759679,1974849.8524032105
4000000.0,3.96 tr,4.64 tr,SYM,Galaxy,40000,Tay côn/Moto,100 - 175 cc,Không rõ,10,3636.363636363637,dư dùng bên bán xe máy tay côn vì để nhà dư cùng nên ra đi chiếc tay côn xe để nhà dư dùng nên bán giá mong muốn 4 triệu bớt tí xíu xe ở hồ chí minh quận 10 có cavet đầy đủ chính chủ bán có thể liên hệ qua dép lào,0,0,0,0,0,0,1,13596047.726680163,-9596047.726680163
4900000.0,4.51 tr,5.29 tr,SYM,Elegant,300000,Xe số,100 - 175 cc,Nước khác,12,23076.92307692308,elegant sym bao cày bừa tiền nào của đấy giao cavet xe đang dùng bình thường xe về chỉ đổ xăng là chạy bao cày ít hao xăng dàn ngoài xấu sườn còn ngon k mục ưu tiên khu vực sg,0,0,0,0,0,0,0,5713227.961762823,-813227.9617628232
33000000.0,,,Honda,ADV 150,1517,Tay ga,100 - 175 cc,Việt Nam,2,505.6666666666667,giá còn thương lượng xe ít chạy còn rất mới giấy tờ đầy đủ cavet gốc chính chủ,0,0,0,0,0,0,1,41788983.942848384,-8788983.942848384
9500000.0,6.48 tr,7.61 tr,Yamaha,Sirius,40000,Xe số,100 - 175 cc,Việt Nam,16,2352.9411764705883,cần bán xe yamaha sirius 2010 xe chính chủ uỷ quyền mua bán đều dc ae cần alo ạ,0,0,0,0,0,0,1,7239052.942018471,2260947.0579815293
40000000.0,29.51 tr,34.64 tr,Yamaha,Exciter,100,Tay côn/Moto,100 - 175 cc,Nhật Bản,2,33.333333333333336,ae nào đam mê dòng thể thao alo mình nhé xe mới chạy dc vài ngày do nhu cầu đổi xe mới nên đổi chia lại cho ae nào mê dòng thể thao nha chính chủ nha ae,0,0,0,0,0,0,1,31009490.272622727,8990509.727377273
5000000.0,4.6 tr,5.4 tr,Detech,Espero,38386,Tay côn/Moto,100 - 175 cc,Việt Nam,18,2020.315789473684,moto win thắng đĩa giấy tờ espero phân khúc xe moto mini thì win vẫn là ưa chuộng lợi xăng máy dễ sửa như wave dream sirius máy có phần khoẻ hơn vì xe thiết kế leo đồi núi dốc cao địa hình hiểm trở đã trang bị thắng đĩa thêm độ an toàn và thời trang bình xăng lớn 12l tha hồ vivu còn chức năng kẹt tiền làm việc ra đi,0,0,0,0,0,0,0,12941500.231306167,-7941500.231306167
7600000.0,14.53 tr,17.05 tr,Yamaha,Exciter,20000,Tay côn/Moto,100 - 175 cc,Việt Nam,13,1428.571428571429,bán hoặc glưu hoặc wave hoặc dream giấy tờ photto xe chức năng đầy đủ đang chạy đi làm giao lưu hoặc bán co giấy mua bán cua hàng co cccd của chủ xe,0,0,0,0,0,0,0,15723595.83792376,-8123595.83792376
18000000.0,18.56 tr,21.79 tr,Honda,Vision,64500,Tay ga,100 - 175 cc,Không rõ,8,7166.666666666667,bán xe vision 2018 ở tp thủ đức xe bảo dưỡng định kỳ tại hãng chưa từng thay thế gì giấy tờ đầy đủ,0,0,0,0,0,0,0,19287953.806343637,-1287953.8063436374
9500000.0,8.39 tr,9.84 tr,Piaggio,Vespa,0,Tay ga,100 - 175 cc,Nước khác,14,0.0,vesspa lx125 fi phun xăng điện tử bstp bán vesspa lx 125 fi phun xăng điện tử đời 2012 biển số thành phố máy móc zin êm ru khoẻ mạnh lợi xăng chức năng đầy đủ xe còn liền lạc đảm bảo nhớt nhao không chảy bậy giấy tờ đầy đủ bao tranh chấp có căn cưứớc chủ mua bán tại nhà,0,0,0,0,0,1,0,13706372.4808316,-4206372.480831601
8500000.0,6.19 tr,7.26 tr,Yamaha,Mio,69999,Tay ga,100 - 175 cc,Nhật Bản,10,6363.545454545455,bán xe yamaha ultimo mio utimo xe nhà đi đời cao cuối 11 2009 biển số thành phố chính chủ sang tên 1 nốt nhạc máy móc zin êm gaanti nhiễn nhừ dàn áo leng keng bóng lưỡng cặp vỏ còn dày cui dòng này chạy siêu đã anh chị em mua về chỉ việc chạy giá bán chỉ 8 500 000 tám triệu mấy liên hệ,0,0,0,0,0,1,1,13405523.411365706,-4905523.4113657065
55000000.0,44.64 tr,52.4 tr,Honda,SH,19910,Tay ga,100 - 175 cc,Nước khác,20,948.095238095238,sh 2006 nhập ý chính chủ bs sg trùm mền 20k km sh nhập ý 2006 xe trùm mền mới đi 20k km máy móc zin biển số sài gòn chính chủ đứng tên,0,1,0,0,0,1,1,51516666.666666664,3483333.333333336
10500000.0,,,Suzuki,Raider,1234,Tay côn/Moto,100 - 175 cc,Nhật Bản,15,77.125,cần bán gấp đổi xe dàn áo liền lạc máy êm k chính chủ biển tỉnh có cavet gốc theo xe do đổi xe nên bán gấp a e thiện chí alo e,0,0,0,0,0,0,1,15532028.66398394,-5032028.663983939
3800000.0,,,SYM,Enjoy,24375,Tay ga,100 - 175 cc,Không rõ,17,1354.1666666666667,xe máy êm chạy rất ngon xe máy êm chạy khong nghe một tiến đọng nào rất tiến kiệm xăng hệ thống điện đầy đủ máy còn rin kiểu dáng thoan gọn đẹp xe giấy tờ đày đủ,0,0,0,0,0,0,0,4879205.75382719,-1079205.75382719
8500000.0,6.86 tr,8.05 tr,Piaggio,Liberty,33000,Tay ga,100 - 175 cc,Nước khác,14,2200.0,bán xe liberty 125ie chính chủ 100 biển số hcm bán xe liberty 125ie chính chủ 100 biển số hcm mới 95 piaggio liberty 125ie đời 2012 chính chủ 100 xe nhà bán biển số thành phố giấy tờ đầy đủ hợp lệ biển số 51l1 48978 dàn ngoài còn rất đẹp keng xe màu trắng rất đẹp máy móc zin 100 chưa sửa chữa máy 125ie chạy rất nhẹ chất lượng chế độ phun xăng điện tử cực kỳ tiết kiệm xăng coi xe ngay tại nhà mua bán tại nhà mình số 2252 22c khu phố 1 phường tân chánh hiệp quận 12 tp hcm ngay đối diện cổng số 4 công viên phần mềm quang trung quận 12 lưu ý xe nhà bán mình ko phải cửa hàng kinh doanh xe,0,1,0,0,0,1,1,12078617.708842723,-3578617.7088427227
1900000.0,10.4 tr,12.2 tr,Honda,Wave,39400,Xe số,100 - 175 cc,Việt Nam,8,4377.777777777777,xe máy êm mạnh mẽ cần bán xe máy êm cực kỳ màu den còn zin anh em mua hay trao đổi với nhau cũng được hãy gọi điện thoại cho chú cảm ơn các cháu,0,0,0,0,0,1,0,10286743.53624564,-8386743.53624564
33000000.0,32.03 tr,37.61 tr,Honda,Vario,15,Tay ga,100 - 175 cc,Việt Nam,5,2.5,vario 150 2021 bstp 9c xe rớt đầu rồi làm máy zin nồi pô cực nhẹ,0,0,0,0,0,1,0,36627870.081582196,-3627870.081582196
25000000.0,24.46 tr,28.71 tr,Honda,Future,70000,Xe số,100 - 175 cc,Nhật Bản,15,4375.0,future x fi 2011 cọp cần ra đi em future x fi mới tinh chưa qua sửa chữa máy zin toàn bộ mới tinh xe nữ chạy đi chợ loanh quanh nhà nên máy móc còn êm ru thầy thợ đến xem test thoải mái nhé do muốn đổi tay ga cho mẹ nên cần ra đi lh 09230chin0chin90,0,0,0,0,0,1,0,26597575.56948228,-1597575.5694822818
7500000.0,4.19 tr,4.92 tr,SYM,Elizabeth,29000,Tay ga,100 - 175 cc,Đài Loan,14,1933.3333333333333,ok lướt mướt êm ái nhà dư dùng cần để lại cho ae đi làm hoặc sinh viên đèn kèn đề đầy đủ ok la ko tip cò lái nha phong,0,0,0,0,0,0,0,4872830.9260569,2627169.0739431
18900000.0,17.47 tr,20.51 tr,Honda,Vision,111111,Tay ga,100 - 175 cc,Việt Nam,9,11111.1,cần bán xe vision đỏ chính chủ mình dư xe nên cần bán xe vision đỏ 2017 xe chính chủ giấy tờ công chứng xem xe tại nhà cc tân phú 27 trịnh đình thảo tân phú thanks admin,0,0,0,0,0,0,1,18759621.457963087,140378.54203691334
48000000.0,37.85 tr,44.43 tr,Honda,Air Blade,3000,Tay ga,100 - 175 cc,Nhật Bản,2,1000.0,cần bán airblack 99 cần bán xe airback 4 van mẫu 2025 đỏ đô mới 99 giá 48tr xe mua trùm mền kg chạy đi cfe gần nhà 3000 km xe trùm mền mền suốt bán ai có thiện chí mua về tiết kiệm đuọc vài triệu xe như xe thùng 100 mới tinh dán keo xe nguyên con a e mua về như xe thùng trong hãng an tâm còn bảo hàng chính hãng mình không tiếp cò lái vào trả giá tào lao,0,0,0,0,0,0,0,43789989.03079538,4210010.9692046195
11000000.0,9.86 tr,11.57 tr,Yamaha,Sirius,27000,Xe số,100 - 175 cc,Không rõ,6,3857.142857142857,bán xe sirius 2020 chính chủ biển tỉnh máy còn zin giấy tờ chính chủ xe đi mới được 27 km,0,0,0,0,0,1,1,12743423.54599783,-1743423.54599783
13000000.0,15.17 tr,17.81 tr,Yamaha,Exciter,9000,Tay côn/Moto,100 - 175 cc,Việt Nam,11,750.0,yamaha excitergp 150 2015 xe chính chủ đang kẹt nên mình cần sang gấp ib zalo hoặc gọi cho mình nhé,0,0,0,0,0,0,1,18856859.24006665,-5856859.240066651
2800000.0,2.76 tr,3.24 tr,Suzuki,Hayate,5281,Tay ga,100 - 175 cc,Việt Nam,8,586.7777777777778,bán xe hayate 125 đang sử dụng không lỗi làm gì bán xe hayate 125 đang sử dụng không lỗi làm gì nha anh em mua về là chạy không cần sửa gì hết ok anh em lưu ý xe ktg nha ok,0,1,0,0,0,0,0,14333295.349317815,-11533295.349317815
23000000.0,22.99 tr,26.98 tr,Honda,Sonic,88932,Tay côn/Moto,100 - 175 cc,Việt Nam,6,12704.57142857143,bán xen tại quận 1 chính chủ muốn gả k té trầy chứng ngay lh giá alo e ngay để được giá tốt,0,0,0,0,0,0,1,22524772.821528435,475227.17847156525
13600000.0,9.85 tr,11.56 tr,Honda,Air Blade,45000,Tay ga,100 - 175 cc,Việt Nam,15,2812.5,ab 2011 úp thái xe đẹp keng máy móc êm ru ab 2011 xe đẹp keng máy móc bao êm lên thái sẵn cho ae cần cavet gốc btc,0,0,0,0,0,0,0,9974666.19507751,3625333.8049224894
17000000.0,,,Suzuki,Dòng_Khác,300000,Tay côn/Moto,100 - 175 cc,Thái Lan,22,13043.478260869566,stinger xe 2 thì cần bán stinger xe 2 thì 120 6số lận nha máy ên lắm pô zin mâm zin luôn ko chơi đồ lô nha có cavet zin tại xe lúc trước hay đi sài gòn giờ bỏ phê 3 tháng trời nên bán lấy tiền xoay sở,0,0,0,0,0,1,0,18991746.446411815,-1991746.4464118145
52000000.0,44.41 tr,52.13 tr,Honda,SH,66000,Tay ga,100 - 175 cc,Việt Nam,10,6000.0,bán xe sh 150cc 2016 chính chủ sh 150 cc màu đỏ đời 2016 úp áo ý khoá thông minh máy mạnh chạy ngọt,0,1,0,0,0,0,1,38486865.079365075,13513134.920634925
18500000.0,20.04 tr,23.53 tr,Honda,Air Blade,38000,Tay ga,100 - 175 cc,Không rõ,10,3454.5454545454545,honda air blade 125 2016 xe còn đẹp dàn áo liền lạc điện đề đầy đủ xe chạy 38 000km xe không chính chủ mua bán tại nhà viết giấy bao tranh chấp giá 18 500 000 có bớt xăng xe vui vẻ liên hệ nam địa chỉ 221 49 vườn lài phường phú thọ hoà quận tân phú,0,0,0,0,0,0,1,17495761.247434296,1004238.7525657043
23500000.0,24.5 tr,28.77 tr,Honda,Vision,20000,Tay ga,100 - 175 cc,Việt Nam,5,3333.333333333333,thanh lý visson cuối 2021 màu đen nhám máy rin êm cần thanh lý vison bs 61c thuận an bình dương xe màu đen nhám đẹp máy móc bao rin êm cccd sdt chủ đầy đủ,0,1,0,0,0,0,0,26652279.96283761,-3152279.9628376104
20800000.0,15.73 tr,18.46 tr,Yamaha,Exciter,40000,Tay côn/Moto,100 - 175 cc,Việt Nam,9,4000.0,exciter 150 bstp9c ex 150 up led bstp9c máy móc zin êm thì thầm dàn áo dàn chân sơn mới team vitinh y150zr pô zin móc cổ inox ốc inox vỏ maxxis gai dày bao ae công chứng uỷ quyền fix mạnh cho ae,0,0,0,0,0,1,0,17104400.37553939,3695599.6244606115
30000000.0,23.44 tr,27.52 tr,Honda,Winner X,42000,Tay côn/Moto,100 - 175 cc,Việt Nam,4,8400.0,cần bán xe winerx v3 abs chính chủ biển số tphcm minh cần bán xe winer x v3 150cc abs bản thể thao đặc biệt minh là chính chủ bán sang tên nhanh lẹ biển số thành phố hcm xe ít đi giá mong muốn 30 tr,0,0,1,0,0,0,1,24048503.919700395,5951496.080299605
166666666.0,111.75 tr,131.19 tr,Honda,SH,18000,Tay ga,100 - 175 cc,Nước khác,15,1125.0,chính chủ bán sh150i nhập ý sm106 9 chưa rớt đầu bán dùm ông anh con sh150i nhập ý sm1069 đăng ký 2011 nguyên zin chưa rớt đầu tình trạng keng về k cần tốn thêm chi phí dọn khoá smk sẵn bstp anh em cần xe biển dễ nhìn thì alo e,0,1,0,1,0,1,1,163500741.91407406,3165924.0859259367
14300000.0,14.49 tr,17.01 tr,Honda,Winner,85000,Tay côn/Moto,100 - 175 cc,Không rõ,8,9444.444444444443,winner v1 9c máy zin v1 9c máy zin xe đi 85k xe hạ phuộc nhẹ đi mâm sonic xe có sao nói vậy đỡ mất thời gian 2 bên giá 14tr3 tks ae,0,0,0,0,0,1,0,15118875.683504388,-818875.6835043877
44000000.0,29.84 tr,35.04 tr,Piaggio,Liberty,500,Tay ga,100 - 175 cc,Việt Nam,2,166.66666666666666,bán xe xoa tinbán xe xoa tin bán xe xoa tin bán xe xoa tinbán xe xoa tinbán xe xoa tin fádf ádf ád f ád fá df ád fád f ád f fffffffffffffffffffffffffffffffffffffffffffffffff,0,0,0,0,0,0,0,52198412.39358762,-8198412.393587619
26500000.0,20.71 tr,24.32 tr,Honda,Air Blade,33267,Tay ga,100 - 175 cc,Việt Nam,9,3326.7,airblack 125 zin dọn kiểng real bs đẹp hcm 9c dư dùng thanh lý xe airblade 125cc đk 2017 cavet mẫu 2024 bstp số tiến lên đẹp dọn kiểng mâm click thái zin đèn demi trước và sau máy zin êm ru áo dán full keo chính chủ công chứng ủy quyền hoặc sang tên tùy ngưrời mua giá 26tr500 có bớt cho người thiện chí mua,0,1,0,0,0,1,1,21753966.47866488,4746033.521335121
14000000.0,10.26 tr,12.04 tr,SYM,Wolf,99999,Tay côn/Moto,100 - 175 cc,Việt Nam,16,5882.294117647059,sym wolf biển số sg k9c đầy đủ chức năng đổ xăng là chạy xe chưa rớt đầu nguyên zin máy êm như chó thở ko tiếng động lạ giấy tờ đầy đủ hợp lệ trước mình mua xe ở cửa hàng có giấy mua bán vs cửa hàng bao tranh chấp pháp lí rõ ràng ai quan tâm thì liên hệ mình xe đi làm hằng ngày,0,0,0,0,0,1,0,12492440.45760339,1507559.5423966106
3000000.0,6.89 tr,8.09 tr,Honda,Cub,5786,Xe số,50 - 100 cc,Việt Nam,19,289.3,xe cub cần nhượng lại cho ai cần ạ do không có chỗ để xe,0,0,0,0,0,0,0,9401000.511585217,-6401000.511585217
35000000.0,31.97 tr,37.53 tr,Honda,Vario,70000,Tay ga,100 - 175 cc,Nước khác,6,10000.0,chính chủ cần bán xe 1 đời chủ xe còn nguyên chưa đụng máy móc xem xe tại nhà,0,0,0,0,0,0,1,34689768.08949636,310231.9105036408
7000000.0,5.94 tr,6.97 tr,Honda,Wave,123456,Xe số,100 - 175 cc,Nhật Bản,16,7262.117647058823,nhà dư se bán wuae rsx 110 nhà dư cần bán lại cho ai có nhu cầu wuae rsx 110 đề đèn còi sy nhan đầy đủ máy móc êm khô dáo vẫn đang sử dụng bình thường ai có nhu cầu thì alo sdt em thankss,0,0,0,0,0,0,0,8581776.402636968,-1581776.4026369676
75800000.0,62.14 tr,72.95 tr,Honda,SH,17196,Tay ga,100 - 175 cc,Việt Nam,7,2149.5,sh150cbs 2019 đen nhám zin 1đời chủ máy zin100 59v3_12597 59v3 125 97 sh 150 cbs 2019 đen nhám zin 1 đời chủ bstp 1 đời chủ mua mới ủy quyền hay mua bán đều ok máy zin 100 êm ru chất xe leng keng về đổ xăng dùng thôi ạ 𝟑𝟗𝟑 𝐋𝐮 𝐲 𝐁𝐚 𝐧 𝐁𝐢 𝐜𝐡 𝐏 𝐇𝐢𝐞 𝐩 𝐓𝐚 𝐧 𝐐 𝐓𝐚 𝐧 𝐏𝐡𝐮 𝐆𝐢𝐚𝐨 𝐥𝐮 𝐮 𝐭𝐫𝐚𝐨 đ𝐨 𝐢 𝐦𝐨 𝐢 𝐥𝐨𝐚 𝐢 𝐱𝐞 𝐇𝐨 𝐭𝐫𝐨 𝐠𝐨 𝐩 𝐭𝐫𝐮 𝐜 𝐭𝐢𝐞 𝐩 𝐯𝐨 𝐢 𝐜𝐮 𝐚 𝐡𝐚 𝐧𝐠 đ𝐮 𝐚 𝐭𝐫𝐮 𝐨 𝐜 𝟓𝟎 𝐠𝐢𝐚 𝐭𝐫𝐢 𝐱𝐞 𝐇𝐨 𝐭𝐫𝐨 𝐭𝐫𝐚 𝐠𝐨 𝐩 𝐪𝐮𝐚 𝐧𝐠𝐚 𝐧 𝐡𝐚 𝐧𝐠 𝐇𝐨 𝐭𝐫𝐨 𝐪𝐮𝐞 𝐭 𝐭𝐡𝐞 𝐭𝐢 𝐧 𝐝𝐮 𝐧𝐠 𝐇𝐨 𝐭𝐫𝐨 𝐜𝐡𝐮𝐲𝐞 𝐧 đ𝐨 𝐢 𝐭𝐫𝐚 𝐠𝐨 𝐩 𝐭𝐮 𝐭𝐡𝐞 𝐭𝐢 𝐧 𝐝𝐮 𝐧𝐠 𝐬𝐡𝟑𝟎𝟎𝐢 𝐬𝐡𝟑𝟓𝟎𝐢 𝐬𝐡𝐯𝐧 𝐬𝐡𝐯𝐧𝟏𝟐𝟓 𝐬𝐡𝐯𝐧𝟏𝟓𝟎 𝐬𝐡𝐯𝐧𝟐𝟎𝟐𝟎_𝟐𝟎𝟐𝟏_𝟐𝟎𝟐𝟐_𝟐𝟎𝟐𝟑_𝟐𝟎𝟐𝟒 𝐬𝐡𝟏𝟓𝟎𝐚𝐛𝐬 𝐬𝐡𝟏𝟐𝟓𝐜𝐛𝐬 𝐬𝐡𝟏𝟓𝟎𝐜𝐛𝐬 𝐬𝐡𝟏𝟐𝟓𝐚𝐛𝐬 𝐬𝐡𝟏𝟓𝟎𝐚𝐛𝐬 𝐯𝐨𝐦𝐢𝐧𝐡𝐡𝐚𝐮 𝐦𝐮𝐚_𝐛𝐚𝐧_𝐱𝐞_𝐭𝐨𝐚𝐧_𝐝𝐢𝐞𝐧 𝐇𝐚𝐮_𝐒𝐇,0,0,0,0,0,1,0,70937182.57701378,4862817.422986224
48000000.0,36.48 tr,42.83 tr,Honda,SH,50000,Tay ga,100 - 175 cc,Không rõ,12,3846.153846153846,bán xe sh 150 việt nam đời 2014 đã lên đời ý bán xe sh 150 việt nam đời 2014 đã lên đời ý màu đỏ biển số thành phố có khóa smartkey đang sử dụng bình thường,0,1,0,1,0,0,0,44250333.333333336,3749666.666666664
28800000.0,26.21 tr,30.77 tr,Yamaha,PG-1,8700,Xe số,100 - 175 cc,Việt Nam,2,2900.0,pg1 2024 bstp 9c pg1 2024 bstp 9c xe đẹp leng keng odo 8799km bánh trc chua mỏ bánh sau tăng sên 1 lần máy móc bao zin chạy như xe mới xem xe thủ đức giá 28tr8,0,0,0,0,0,1,0,28115653.690465156,684346.309534844
3600000.0,3.68 tr,4.32 tr,Yamaha,Nouvo,99999,Tay ga,100 - 175 cc,Việt Nam,17,5555.5,novo 4 bstp cần bán novo 4 bstp bao tranh chấp giá 3tr6 bớt mau lẹ xem xe quận 9,0,0,0,0,0,0,0,5106059.687665292,-1506059.687665292
17000000.0,14.74 tr,17.3 tr,Honda,Future,24363,Xe số,100 - 175 cc,Không rõ,9,2436.3,xe future fi 2017 cần bán ạ mình có chiếc xe honda future fi 2017 xe zin nguyên hết sơn zin máy zin chưa qua sửa chữa gì hết máy chạy êm lắm ạ xe tất cả đều zin theo xe anh chị em cần mua xe này gọi mình nhé,0,0,0,0,0,1,0,18980330.08738456,-1980330.0873845592
17000000.0,13.87 tr,16.28 tr,Honda,Winner,83000,Tay côn/Moto,100 - 175 cc,Việt Nam,10,7545.454545454545,winner x v1 2016 odo 83kkm tphcm biển 93 17 000 000 giá cả thương lượng,0,0,0,0,0,0,0,16100320.738377279,899679.2616227213
6500000.0,7.24 tr,8.49 tr,Yamaha,Sirius,38,Xe số,100 - 175 cc,Nhật Bản,13,2.7142857142857144,yamaha sirus fi 115 cc 2013 cần bán nhanh sirius fi 2013 phun xăng điện tử biển số 94 không chín chủ có giấy mua bán cửa hàng thích hợp cho anh em mua về sử dụng đi chợ đi làm,0,0,0,0,0,0,0,6518718.403565025,-18718.403565024957
6000000.0,5.94 tr,6.97 tr,Honda,Wave,30000,Xe số,50 - 100 cc,Nhật Bản,16,1764.7058823529412,wave s xe e đang ủy quyền lần 2 của ông anh cùng quận do nhà đang dư xe e cần bán xe chưa làm máy gì hết chạy rất êm,0,0,0,0,0,0,0,8457344.623536885,-2457344.623536885
17000000.0,6.74 tr,7.91 tr,Piaggio,Vespa,36000,Tay ga,100 - 175 cc,Nước khác,15,2250.0,xe vespa cũ xe vespa cũ máy êm xe q12 ngã tư ga hỗ trợ sang tên,0,0,0,0,0,0,0,8204326.63647203,8795673.36352797
42990000.0,44.59 tr,52.35 tr,Honda,SH,20000,Tay ga,100 - 175 cc,Việt Nam,10,1818.1818181818185,bán sh125 đk2016 chính chủ bstp bán sh 125 chính chủ bstp xe đẹp zin keng do ít chạy bao check thợ thầy thoải mái chứng giays mua bán sang tên hoặc uỷ quyền ngay khi mua vui lòng alo trực tiếp ko tiếp tin nhắn và chat,0,0,0,0,0,1,1,50936577.777777776,-7946577.777777776
75000000.0,58.13 tr,68.25 tr,Honda,SH,25000,Tay ga,100 - 175 cc,Việt Nam,8,2777.777777777778,sh 150 2018 cần ra đi giá 75tr full đồ theo xe kẹt tiền cần bán con xe như hình sh việt nam 150 đời 2018 chỉ đi 25k km xe chính chủ đang chạy ok ko 1 lỗi nhỏ nào full đồ theo xe xem xe 32 19 nghĩa hoà p 6 q tân bình tphcm bên hông nhà thờ nghĩa hoà lh sdt zalo phong,0,0,0,0,0,0,1,73108085.1423134,1891914.8576865941
85000000.0,74.3 tr,87.23 tr,Honda,SH,8000,Tay ga,100 - 175 cc,Việt Nam,4,1600.0,sh 150 2022 full abs bstp 9 chủ xe ít đi sh 150 đời 2022 bstp 9 chủ bản chữ t chống trượt full abs hàng bỏ mẫu odo gần 8000 xe còn như mới nhớt thay đều mỗi tháng 2 chìa 2 kiếng đầy đủ ký mua bán hay ủy quyền cho ai cần biển số tiến 20689 hợp cho ai kinh doanh giá 85tr có bớt tí xíu lộc cho ai ít nói nhanh gọn,0,1,1,0,0,0,0,85644793.7647148,-644793.7647148073
68000000.0,40.73 tr,47.82 tr,Honda,SH,49000,Tay ga,100 - 175 cc,Nước khác,18,2578.9473684210525,xuất xứ ý giấy tờ chính chủ xuất xứ ý số máy f08e 0172439 số khung a08f 249402,0,1,0,0,0,0,1,57364523.80952381,10635476.190476187
11300000.0,12.23 tr,14.36 tr,Honda,Wave,300000,Xe số,100 - 175 cc,Thái Lan,28,10344.827586206897,cần bán wave thái 100 bstp cần bán wave thái 100 bstp đã vào bánh mâm cứng cáp máy móc nhấn đề là nổ thì thầm mùa xuân dàn áo liền lạc không bể còn bọc ny lông nguyên chiếc điện đèn kèn đề đầy đủ mua bán tại nhà viết giấy bao tranh chấp nhận giao lưu trao đổi tất cả loại xe,0,1,0,0,0,0,0,11786582.483223341,-486582.4832233414
13500000.0,14.49 tr,17.01 tr,Honda,Winner,3500,Tay côn/Moto,100 - 175 cc,Việt Nam,8,388.8888888888889,winner 150 2018 nguyên zin xe nguyên zin máy zin xe full chức năng ae quan tâm ib nhé xe ko chính chủ nhé,0,0,0,0,0,1,1,17424086.069178376,-3924086.0691783763
50000000.0,55.9 tr,65.62 tr,Honda,SH,3000,Tay ga,100 - 175 cc,Không rõ,9,300.0,bán sh 125 bán xe sh 125 tháng 12 2017 xe màu xám đen zin từng con ốc giá 50 triệu đầy đủ hợp đồng mua bán công chứng anh em thiện chí xem xe mua bán tại nhà sdt liên hệ xem xe tại 22 31 đường số 8 hiệp bình phước thủ đức cảm ơn anh em xem tin,0,0,0,0,0,1,0,60140866.666666664,-10140866.666666664
59000000.0,36.71 tr,43.09 tr,Honda,SH,15179,Tay ga,100 - 175 cc,Không rõ,12,1167.6153846153843,sh 125i 2014 chính chủ máy êm như mới odo thấp cần bán chiếc sh 125i đời 2014 xe chính chủ giấy tờ đầy đủ sang tên nhanh gọn odo thấp chạy kỹ bảo dưỡng định kỳ tại hãng ngoại hình còn rất đẹp sơn zin 95 dàn áo không trầy xước máy móc nguyên zin nổ êm vặn ga nhẹ chưa đụng chạm hay va chạm lốp thắng đèn còn tốt không cần thay thế gì thêm biển số đẹp xe giữ gìn kỹ lưỡng như mới phù hợp cho ai đang tìm một chiếc xe ga cao cấp bền bỉ tiết kiệm xăng và đi cực êm,0,0,0,0,1,1,1,87302000.0,-28302000.0
35000000.0,27.42 tr,32.18 tr,Benelli,Dòng_Khác,250000,Tay côn/Moto,Trên 175 cc,Nước khác,11,20833.33333333333,bán xe benelli 302 củ chi tphcm xe nhà đang dùng giá 3x có x có bán 9 chủ nhé,0,0,0,0,0,0,0,53878645.296379514,-18878645.296379514
16000000.0,15.17 tr,17.81 tr,Yamaha,Exciter,123456,Tay côn/Moto,100 - 175 cc,Nhật Bản,11,10288.0,ex đầu chưa rớt xe như hình trùm cuối 2014 đăng ký trễ 2015 máy zin êm bao đầu chưa rớt dọn lại sạch sẽ áo lcv7 body kid mâm 3cây zin mới đập hộp xe bstp 9 chủ chưa ký lần nào ae wa xem trực tiếp bao thầy thợ các kiểu giá 16t công chứng ủy quyền hay mua bán liền k hẹn hò xem xe bình thạnh,0,1,0,0,0,1,0,15332572.54417407,667427.4558259305
8800000.0,7.37 tr,8.65 tr,Honda,Wave,30000,Xe số,100 - 175 cc,Không rõ,13,2142.8571428571427,bán máy zin chưa bung xe cứng cáp mua bán tại nhà,0,0,0,0,0,1,0,10152234.601477595,-1352234.601477595
18000000.0,15.55 tr,18.25 tr,Honda,Winner,32000,Tay côn/Moto,100 - 175 cc,Việt Nam,7,4000.0,winner bs61 37938 9 chủ winner 2018 bs61 9 chủ xe zin odo 32k km dàn ngoài keng máy móc bao test xe bs61 37938 bs bao đẹp nha ae giá 18x qá đẹp cho xe keng bs đẹp xem xe kv thủ đức of bình dương,0,0,0,0,0,1,0,19216018.672492735,-1216018.672492735
4500000.0,4.37 tr,5.13 tr,Hãng khác,Dòng khác,0,Xe số,50 - 100 cc,Nước khác,19,0.0,cần bán gấp wave tq đời đầu chính chủ 9 nút hcm cần bán gấp wave tq đời đầu chính chủ 9 nút hcm xe đang sử dụng hoạt động bình thường máy êm đề nổ xi nhan kèn hoạt động tốt bánh mâm phuột trước sau êm ái xe chính chủ biển số tp hcm 9 nút bao thợ xem xe uỷ quyền mua bán,0,0,0,0,0,0,1,6968068.037312797,-2468068.0373127973
9500000.0,6.83 tr,8.02 tr,Yamaha,Luvias,52,Tay ga,100 - 175 cc,Không rõ,13,3.7142857142857135,dư dùng cần ra đi xe chạy lướt zin nguyên con về đổ xăng là chạy ko cần canh chỉnh sửa biển tp có fix nhẹ cf cho ae nào thiện chí mua dùng xem xe tại q7 tphcm,0,0,0,0,0,1,0,6631505.049429901,2868494.950570099
8500000.0,8.35 tr,9.81 tr,Yamaha,Sirius,43448,Xe số,100 - 175 cc,Việt Nam,9,4344.8,thanh lý sirius fi 2017 cầm đồ thanh lý xe btc sirius fi 2017 giấy tờ đầy đủ bs long an 62m1 437 44 xe nguyên zin full chức năng máy móc êm ru dàn ngoài liền lạc coi xe tại lâm văn bền phường tân thuận tây q7,0,1,0,0,0,1,0,9482302.48081021,-982302.4808102101
16000000.0,14.27 tr,16.76 tr,Honda,Wave,23000,Xe số,100 - 175 cc,Việt Nam,3,5750.0,bán xe chính chủ mọi thứ đều xịn xe chạy êm ái mọi thứ đều tốt xe chính chủ lên đời cần bán lại sdt zl,0,0,0,0,0,0,1,16423159.598538373,-423159.59853837267
22500000.0,23.44 tr,27.51 tr,Honda,Winner X,30000,Tay côn/Moto,100 - 175 cc,Việt Nam,4,6000.0,cần bán e winner v3 winner xv3 bản đb đăng kí 2022 phanh abs có thương lượng,0,0,1,0,0,0,0,23500582.199857723,-1000582.199857723
18500000.0,78.55 tr,92.21 tr,Honda,SH,38878,Tay ga,100 - 175 cc,Việt Nam,1,19439.0,bán biển đấu giá 388 78 anh em nào mua về gắn sh cub vespa là bao đẹp phong thuỷ luôn thích hợp anh chị em làm bất động sản biển bao định danh cho anh chị em đứng tên giá 18 500 000 đ,0,0,0,0,0,0,0,73062730.93573093,-54562730.935730934
54000000.0,54.1 tr,63.5 tr,Yamaha,MT,38000,Tay côn/Moto,Trên 175 cc,Nhật Bản,9,3800.0,yamaha mt03 lên đầu 2024 cần bán hoặc giao lưu sh hoặc moto từ 300cc trở lên xe chính chủ ký bán hoặc uỷ quyền đều được xe kèm một số đồ chơi như đầu đèn mt03 2024 đầu zin còn giữ 2tr880 bi cầu kenzo mua mới 2t7 tay thắng rembo tay côn rcb real set pô aka còn pô zin còn dè zin chống đổ vv mâm 5in cân chì 4trxx tổng đồ chơi hơn gần 15tr mà còn giữ đồ zin kèm theo thì anh em đừng so sánh vs xe zin giúp em nha kaka lưu ý xe có lổi abs báo đèn phuộc xì nhớt nhẹ fix 2 lổi này tầm 3 tr bán nhanh 2 giá 49tr cho xe đầu đèn zin pô zin và mâm zin anh em 54tr em đưa đầu đồ chơi mâm 5in lốp 180 và bô độ luôn bán bao ký giáy nua bán hay uỷ quyền xe lên rất nhiều đồ chơi khác với xe đồ zin thì trường anh em nào có tánh trả giá kỳ kèo né giùm tốn time 2 bên giao lưu ưu tiên 400cc và 600cc xe chạy bóc máy êm biển 49 đà lạt xem xe quận 12 p thạnh lộc sdt em củng là số zl anh chị kết bạn nt nha bên này em ít vào,0,1,1,0,0,1,1,68460415.52922566,-14460415.529225662
30500000.0,23.44 tr,27.52 tr,Honda,Winner X,800,Tay côn/Moto,100 - 175 cc,Không rõ,4,160.0,winner x chính chủ đăng bán winner x 150 abs đăng ký lần đầu tháng 10 năm 2022 xe máy móc nguyên bản xe nhà ít đi mua vì đam mê nay ngã giá đam mê có thương lượng cho người có thiện chí cam kết xe không đụng không tua đồng hồ gọi điện trực tiếp,0,1,1,0,0,1,1,29764243.281583257,735756.718416743
58000000.0,38.82 tr,45.57 tr,Honda,SH,18000,Tay ga,100 - 175 cc,Việt Nam,11,1500.0,cần bán xe shvn đời 2015 đã lên full ý v3 cần bán xe shvn đời 2015 máy zin êm đã lên full dàn áo v3 đuôi đèn gác chân đồng hồ ý gần 15tr ai yêu thix fom ý dc lợi rất nhiều đỡ tốn tiền lên fom,0,1,0,0,0,1,0,46435688.88888889,11564311.111111112
12500000.0,13.75 tr,16.14 tr,Honda,Winner,100000,Tay côn/Moto,100 - 175 cc,Việt Nam,9,10000.0,winer v1 dư dùng cần bán gtdd sdt winer v1 dư dùng cần bán gtdd máy móc ngon bớt xăng khi qua mua,0,0,0,0,0,0,0,16500884.923708098,-4000884.923708098
5000000.0,4.16 tr,4.89 tr,Yamaha,Nouvo,35000,Tay ga,100 - 175 cc,Việt Nam,15,2187.5,yamaha nuovo 2011 135cc mình đang bán xe yamaha nuovo 2011 tình trạng rất tốt đã được bảo dưỡng đầy đủ có hai chìa khóa,0,0,0,0,0,0,0,5194349.528058677,-194349.52805867698
28800000.0,31.94 tr,37.49 tr,Honda,Vario,300000,Tay ga,100 - 175 cc,Không rõ,6,42857.142857142855,vario 125 bstp 1 chủ 2020 xe làm np odo 51k máy zin chưa rớt kiểng nhẹ bao ae soi rọi,0,0,0,0,0,1,0,34443087.006138675,-5643087.006138675
9800000.0,6.29 tr,7.39 tr,Yamaha,Mio,30000,Tay ga,50 - 100 cc,Việt Nam,21,1363.6363636363635,xe mio 110 zin kiểng máy êm có bớt cho ae thienchi xe dọn kiểng máy móc zin vô được ít món đồ chơi kiểng,0,0,0,0,0,1,0,5913940.954914057,3886059.0450859433
27500000.0,25.22 tr,29.61 tr,Honda,Future,30000,Xe số,100 - 175 cc,Nhật Bản,4,6000.0,fiture 9c bstp uy quyèn sang ten deu duoc xe mới loto keo con rat moi hồ sơ cam tay uy quen sang ten deu duoc xem máy mốc zin nguyen bản đem về chỉ chạy nhanh lẹ có bớt chúc lộc,0,0,0,0,0,1,0,25736863.732718647,1763136.2672813535
24000000.0,23.25 tr,27.29 tr,Yamaha,Nvx,20000,Tay ga,100 - 175 cc,Việt Nam,7,2500.0,yamaha nvx 2019 biển tphcm cần bán xe yamaha nvx 155 abs phuộc dầu đời 2019 bstphcm giấy tờ đầy đủ có ký hợp đồng mua bán từ chủ cũ sang mình có công chứng odo 20k máy móc hoạt động bình thường giá 24tr nvx yamaha 155abs,0,1,1,0,0,0,0,25739812.883175906,-1739812.8831759058
8000000.0,7.57 tr,8.89 tr,Honda,Air Blade,96322,Tay ga,100 - 175 cc,Việt Nam,18,5069.578947368421,ab 2008 xe ab tình trạng y như hình giấy tờ chính chủ xe máy êm nhạy nổ vừa thay bình ắc quy mới tinh xe đã dán keo decan màu nguyên con nhìn đẹp liên hệ trực tiếp miễn tiếp nhắn tin xem và mua xe trực tiếp tại gò vấp thanks,0,0,0,0,0,0,1,10532719.76354196,-2532719.763541959
2500000.0,3 tr,3.52 tr,SYM,Attila,12345,Tay ga,100 - 175 cc,Đài Loan,18,649.7368421052631,atila chạy còn rất ngon atila mới bảo dưỡng chạy ngon ok bán giao cavec bao tranh chấp xem xe 389 lê văn khương q12,0,0,0,0,0,0,0,4304046.887810788,-1804046.8878107881
18000000.0,15.95 tr,18.72 tr,Honda,Wave,8500,Xe số,100 - 175 cc,Không rõ,2,2833.333333333333,cần bán xe wave 2024 xám trắng xe chính chủ biển số định danh xem xe tại q bình tân,0,0,0,0,0,0,1,16846944.36140015,1153055.6385998502
4500000.0,4.69 tr,5.51 tr,Detech,Espero,39999,Tay côn/Moto,100 - 175 cc,Việt Nam,14,2666.6,win caferacer detech 2012 full gtdd xe dáng đi cafe đẹp ngầu máy khoẻ chở đồ chức năng đầy đủ giấy tờ rin theo xe ai mê rinh nhé made in viet nam xem xe linh tây thủ đức tks ad,0,0,0,0,0,0,0,12518513.472834785,-8018513.472834785
7000000.0,4.37 tr,5.13 tr,Hãng khác,Dòng khác,21000,Xe số,50 - 100 cc,Trung Quốc,19,1050.0,xe sạch sẻ mọi chức năng hoạt động tốt xe tq mới dọn sạch sẻ xe đang hoạt động tốt xe mình chạy đi làm nên ok,0,0,0,0,0,0,0,5036689.88772277,1963310.1122772302
8900000.0,10.9 tr,12.8 tr,Honda,Vision,3979,Tay ga,100 - 175 cc,Nhật Bản,13,284.2142857142857,vision 2013 nguyên zin fuff mọi chức năng có bớt vision 2013 máy móc nguyên zin êm ru fulll mọi chức năng gtdd cặp vỏ còn mới bớt cho người nhiệt tình,0,0,0,0,0,1,0,11510840.465775995,-2610840.4657759946
6000000.0,6.77 tr,7.94 tr,Honda,Wave,25000,Xe số,100 - 175 cc,Trung Quốc,18,1315.7894736842106,cần bán xe wave 110cc xe nam đi 1000km thay nhớt 1 lần bao êm bao hụp dàn áo liên lạc không bể lợi xăng 1l đi được hơn 40km xem xe ở 258 đường số 19 bình trị đông b bình tân,0,0,0,0,0,0,0,4252009.634330031,1747990.3656699685
5900000.0,3.58 tr,4.2 tr,Yamaha,Nouvo,29999,Tay ga,100 - 175 cc,Việt Nam,17,1666.611111111111,xe yamaha nouvo 5p11 2009 đen đỏ xe còn chạy tốt xe yamaha nouvo 5p11 2009 đen đỏ giấy tờ đầy đủ biển 63 tiền giang xe còn chạy tốt xe chạy đi làm đi học rất kỹ đổi xe nên bán xem xe tân bình hồ chí minh giá thương lượng thiện chí,0,0,0,0,0,0,0,5140194.800889033,759805.1991109671
10500000.0,8.6 tr,10.1 tr,Honda,Air Blade,57000,Tay ga,100 - 175 cc,Việt Nam,17,3166.6666666666665,air bade fi xe air blade 2009 fi chạy tiết kiệm xăng bao tranh chấp biển số tphcm tiếp ace nhiệt tình có bớt thank,0,0,0,0,0,0,0,9974666.19507751,525333.8049224894
15000000.0,8.99 tr,10.56 tr,Honda,Air Blade,60000,Tay ga,100 - 175 cc,Việt Nam,14,4000.0,xe ab chính chủ giữ lại biển số xe liên hệ để biết thêm chi tiết,0,0,0,0,0,0,1,10545321.115540912,4454678.884459088
18300000.0,14.19 tr,16.66 tr,Honda,Wave,4000,Xe số,100 - 175 cc,Việt Nam,3,1000.0,bán xe mới tinh bán xe chính chủ mới đi 4 000km mới tinh xe kiểng chỉ chạy đi cf gần nhà k có gì để bàn xe lắp chống chộm 2 chìa khoá sổ bảo hành còn đủ cả chính chủ ký công chứng nhanh lẹ,0,1,0,0,0,0,1,16751850.314535694,1548149.6854643058
31500000.0,29.53 tr,34.66 tr,Honda,Vision,6000,Tay ga,100 - 175 cc,Việt Nam,2,2000.0,đổi xe nên bán lại vision đk2024 bstp bán tại nhà mình đổi xe to hơn nên cần ra đi vision đk t7 2024 bán xe tại nhà mình k phải cửa hàng cò lái nhé odo gần 6000km dán keo full xe ko trầy ko té xe zin 100 thay nhớt hãng bao check ra lỗi tặng xe luôn xe này của a trai mình nhưng nay đi nước ngoài nên uỷ quyền qua cho mình đứng tên uỷ quyền hợp lệ do mình làm biếng đi làm lại bs chính chủ tên mình thôi muốn sang tên mb hay uq đều đc nhé giá 31 5 mất 1 chìa smk còn lại 1 nên mình chốt giá 30 nhé ko tl thêm được liên hệ khỏi tốn time các bạn thanks,0,0,0,1,0,1,1,33855740.90288749,-2355740.9028874934
1400000.0,13.65 tr,16.02 tr,Yamaha,Grande,42000,Tay ga,100 - 175 cc,Việt Nam,11,3500.0,xe chính chủ xe chính chủ sang tên ủy quyền đều được biển số tphcm,0,0,0,0,0,0,1,13459431.184259811,-12059431.184259811
9500000.0,6.84 tr,8.03 tr,Piaggio,Liberty,48385,Tay ga,100 - 175 cc,Nước khác,14,3225.6666666666665,cần bán piago lybety 125cc cần bán xe piagolybety máy móc im ru thì thầm sạch sẽ ngoại hình đẹp mọi chức năng hoạc đônngj đầy đủ bán nhanh để bù tiền mua xe điện,0,0,0,0,0,0,0,8473529.506629234,1026470.4933707658
2900000.0,4.42 tr,5.18 tr,SYM,Enjoy,24358,Tay ga,100 - 175 cc,Không rõ,18,1282.0,xe hãng sym xe hãng sym enjoy hệ thống điện đầy đủ máy êm xe giấy tờ đầy đủ,0,0,0,0,0,0,0,4841151.132092596,-1941151.132092596
7900000.0,6.62 tr,7.78 tr,SYM,Galaxy,63000,Xe số,100 - 175 cc,Hàn Quốc,11,5250.0,xe máy galaxy sports 110cc chính chủ vợ mua xe tay ga dư ga xe số galaxy sport 110cc chính chủ ai mua thì liên hệ xe tay côn nhưng đã cắt bỏ con làm lại như xe wave cho dễ chạy,0,0,0,0,0,0,1,7123996.698701579,776003.3012984209
4100000.0,3.11 tr,3.65 tr,SYM,Attila,199999,Tay ga,100 - 175 cc,Nước khác,16,11764.64705882353,cần tiền chơi tết bán xe bán xe đang dùng làm xe giao hàng tết nghỉ nên bán cho gọn nhà cavet đầy đủ theo xe có 2 chìa khoá tặng gaba chở hàng theo xe xem xe tại 38 đường 4 bình hưng hoà bình tân tp hcm,0,0,0,0,0,0,0,4405198.025553039,-305198.0255530393
18500000.0,10.03 tr,11.77 tr,Honda,Wave,2000,Xe số,50 - 100 cc,Nhật Bản,23,83.33333333333333,wave alpha úp zx 12li54 wave alpha dọn úp zx full new gtđđ bstp không 9 chủ bao trang chấp máy 12li54 đầu alpha lòng kiến redleo dên redleo bình xăng redleo mâm fuled vỏ michenlin pilot đĩa kqf heo rembo xịn dâu dầu bấm choá zinpat mới phuộc sao x1r áo zx chính hãng full óc salaza anh em cứ đến trực tiếp xem xe tự cảm nhận còn bớt cho anh em nào thiện chí đến xem xe,0,0,0,0,0,1,0,10978250.447914826,7521749.552085174
13000000.0,16.03 tr,18.82 tr,Honda,PCX,127000,Tay ga,100 - 175 cc,Thái Lan,15,7937.5,cần bán honda pcx thailand sx 2011 màu ghi tôi chính chủ cần bán honda pcx 2011 thailand màu ghi bạc chạy 127k km mới thay bộ nồi trước sau curoa nhớt cặp vỏ dán keo toàn bộ có trầy xước nhiều thương lượng,0,0,0,0,0,0,1,15137411.626918199,-2137411.6269181985
35900000.0,32.35 tr,37.98 tr,Yamaha,Nvx,26000,Tay ga,100 - 175 cc,Không rõ,5,4333.333333333333,nvx 155v2 date 2021 uỷ quyền chính chủ rút gốc sang tên ok máy móc nguyên zin bảo hành kĩ lưỡng xe để hầm chung cư nên có trầy xướt xe lên một số đồ cơ bản thắng đĩa sau bi cầu led black titan giá bán nhanh,0,0,0,0,0,1,1,32245646.77372147,3654353.2262785286
30000000.0,24.1 tr,28.29 tr,Honda,Air Blade,28000,Tay ga,100 - 175 cc,Không rõ,7,3500.0,xe tay ga honda airblade 2019 vàng đồng bán xe máy air blade cực kì tốt chưa từng hỏng hóc thay dầu bảo dưỡng định kì tại honda head có giấy tờ đầy đủ có thể chuyển nhượng quyền sở hữu kèm 2 smart keys xe bọc nệm ngồi êm ái có thể xem xe ở thảo điền quận 2,0,0,0,0,0,0,0,26180635.86738247,3819364.1326175295
115000000.0,99.24 tr,116.5 tr,Honda,CB,20222,Tay côn/Moto,Trên 175 cc,Không rõ,4,4044.4,cb500f 2022 2 đĩa phuộc upside down cần bán cb500f 2022 2 đĩa phuộc upside down xe leng keng như hình phuộc usd cbr650r anode vàng ohlins đã thay full phốt cao su cân dầu lệch theo hãng đĩa abs new 2 đĩa trước zin cbr650r 2 heo trước zin cbr650r chảng ba trên cb500 2024 chảng ba dưới zin cbr650r mâm trước cbr650r cốt trước cbr650r new dè trước cbr650r nhúng carbon che két nước cnc motor hoàng việt ghi đông zin trk502 cùm tăng dây ga bấm đỏ dây côn bấm new dài hơn zin tay thắng nissin cbr1000 bình dầu giá đỡ điện thoại vetabox khung bảo vệ fman kết hợp chống đổ 1 điểm túi tanklock bình xăng givi túi yên sau motocentric cặp túi da chống nước kính gù 1 1 cặp kèn denso role bảo vệ đèn gầm xanh băng mạch bảo vệ mạch trợ sáng 120w bộ pat trợ lực đa năng chống trượt bình xăng cb500f cặp vỏ michelin road 5 gai gió tua tủa nhông sên đĩa recto sên vàng rk 520 yên thay mút kymdan gọt thay da chống trượt bảo dưỡng full bao gồm vệ sinh kim phun họng ga thay 2 bugi uma lọc k n thay nhớt fanfaro lọc nhớt k n được 500km đồ zin còn ghi đông cổ zin kính zin dây ga dây côn zin xe mới bảo dưỡng tổng thể ae về chỉ việc đi full đồ phong cách zin thích hợp ae đi phượt ko sợ làm phiền bstp năm sinh dễ nhìn 219 80 thích hợp cho các a sinh t2 1980 hết bài ủy quyền hoặc ký bán nhanh gọn tặng ae full đồ và đồ zin ae nhanh gọn tặng nón fullface yohe new trị giá 1tr7,0,1,1,0,0,1,0,121707583.33333333,-6707583.333333328
7800000.0,11.35 tr,13.32 tr,Honda,Cub,40000,Xe số,50 - 100 cc,Nhật Bản,33,1176.470588235294,cần bán xe cub đời 1993 nhật mình cần bán chiếc cub đời 1993 của nhật xe còn zin nguyên bản đi rất tốt giấy tờ đầy đủ bạn nào có nhu cầu liên hệ m nhé,0,0,0,0,0,1,0,10910633.274828358,-3110633.2748283576
36000000.0,28.79 tr,33.8 tr,Yamaha,Exciter,4754,Tay côn/Moto,100 - 175 cc,Việt Nam,4,950.8,exciter 155 2022 két nước rdt đã lên két lớn rdt odo 4754 ae liên hệ chặt giá thương lượng,0,0,0,0,0,0,0,29209816.728837363,6790183.271162637
7000000.0,5.82 tr,6.83 tr,Honda,Cub,200000,Xe số,50 - 100 cc,Nhật Bản,35,5555.555555555556,xe may moc em xe dep giấy to day đủ máy em ru chay manh,0,0,0,0,0,0,0,9868330.87186824,-2868330.8718682397
23000000.0,14.8 tr,17.37 tr,Suzuki,GD,31400,Tay côn/Moto,100 - 175 cc,Việt Nam,8,3488.8888888888887,cần bán xe tâm huyết suzuki gd 110 ra giấy năm 2018 biển số đẹp bao sang tên xe chính chủ đầy đủ giáy tờ không phải bán qua trung gian đã thay ghi đông độ những vẫn còn ghi đông zin đi theo xe lăng bánh chưa tới 35 ngàn cây số chi tiết liên hệ nhắn tin trực tiếp trên chợ tốt hữu nghị có fix tiền cf,0,0,0,0,1,1,1,19566557.88675117,3433442.113248829
26000000.0,24.45 tr,28.7 tr,Honda,Vision,18000,Tay ga,100 - 175 cc,Việt Nam,5,3000.0,bán xe vision 2021 đẹp chính chủ cần bán lại xe vision 2021 chính chủ sáng tên cái rụp,0,0,0,0,0,0,1,26814776.39149454,-814776.3914945386
31500000.0,26.31 tr,30.89 tr,Honda,Vision,15000,Tay ga,100 - 175 cc,Việt Nam,4,3000.0,vision 2022 màu đen nhám tình trạng còn đẹp 90 xe đẹp mình mới thay nhớt máy và nhớt láp lúc mua là cuối 2022 mới đi được có 15000 km,0,0,0,0,0,0,0,28437236.41174487,3062763.5882551298
21000000.0,21 tr,24.66 tr,Honda,Air Blade,31000,Tay ga,100 - 175 cc,Việt Nam,9,3100.0,bán xe xe đang chạy mình đổi xe nên bán xe chạy kỹ thay nhớt đều,0,0,0,0,0,0,0,21045895.720007863,-45895.720007862896
8500000.0,6.88 tr,8.07 tr,Honda,Click,54545,Tay ga,100 - 175 cc,Nhật Bản,18,2870.7894736842104,xe click đen xe đẹp máy êm chạy mạnh không chính chủ bạn nào cần liên hệ mình,0,0,0,0,0,0,1,10543590.193535866,-2043590.1935358662
12000000.0,12.42 tr,14.58 tr,Honda,Dylan,59000,Tay ga,100 - 175 cc,Nhật Bản,11,4916.666666666667,cần thanh lý xe chính chủ cần thanh lý xe chính do nhà nhỏ mà nhiều xe ít đi nên cần thanh lý lại bạn nào thiện chí muốn mua cứ liên hệ trực tiếp,0,1,0,0,0,0,1,15922480.916829446,-3922480.9168294463
13000000.0,13.38 tr,15.71 tr,Honda,Winner,38000,Tay côn/Moto,100 - 175 cc,Không rõ,9,3800.0,bán xe xe zin biển 63 dàn áo hơi xấu giá 15tr có fix kết bạn zalo,0,0,0,0,0,1,0,16278588.742487678,-3278588.7424876783
26700000.0,26.26 tr,30.82 tr,Honda,Vision,5349,Tay ga,100 - 175 cc,Không rõ,4,1069.8,xe nhà đi bán về quề 2022 xe nhà đi còn mới 97 nhà h ko cần sử dụng chuẩn bị về quê nên bán lại cho bạn nào cần xe chính chủ sang tên ủy quyền bớt ít cafe cho ace nào thiện chí ghé mua biển số 77,0,0,0,0,0,0,1,31627050.493151307,-4927050.493151307
26900000.0,23.44 tr,27.52 tr,Honda,Winner X,31000,Tay côn/Moto,100 - 175 cc,Việt Nam,4,6200.0,winner x v3 2022 mới 90 cần bán hoặc giao lưu future led hợp lí là lụm tình trạng máy móc zin không tiếng động lạ mạnh bốc gần full ốc salaya nồi uma mới thay 3 tháng bình xăng lớn 6l5 tăng cam redleo tps redleo dàn áo hơi xấu có trầy giá có fix cho anh em ít nói tiền nhiều,0,0,0,0,0,1,0,23425226.644302167,3474773.355697833
18000000.0,14.49 tr,17.01 tr,Honda,Winner,30000,Tay côn/Moto,100 - 175 cc,Nước khác,8,3333.333333333333,cần ra đi tâm huyết chính chủ chưa sang tên winner v1 chính chủ pxl nồi uma chưa rớt đầu,0,0,0,0,0,1,1,18240597.12649613,-240597.12649612874
2000000.0,3.44 tr,4.04 tr,Hãng khác,Dòng khác,110000,Xe số,50 - 100 cc,Trung Quốc,23,4583.333333333333,xe máy mình không đi nữa nên để lại cho ai cần chạy đi công trình xe có giấy tờ,0,0,0,0,0,0,0,5117163.818998111,-3117163.8189981114
25000000.0,22.99 tr,26.98 tr,Honda,Sonic,36200,Tay côn/Moto,100 - 175 cc,Nước khác,6,5171.428571428572,sonic 2020 còn thươg lượng xe mua chính chủ 2020 cần bán giá còn thương lượng gọi số,0,0,0,0,0,0,1,23467636.77943966,1532363.2205603383
4567800.0,1.93 tr,2.26 tr,Yamaha,Dòng khác,12345,Tay ga,100 - 175 cc,Nước khác,19,617.25,yamaha ultimo fi 207 dọn kho còn còn dư 1 xe yamaha ultimo fi đời 207 giấy tờ đầy đủ xe để lâu ngày còn nguyên bụi máy để 2 năm chưa khởi động bó phanh trước lốp hết hơi ace thiện chí qua xem xe tại 245 trần xuân soạn phường tân kiệm quận 7,0,0,0,0,0,0,0,5714485.824677947,-1146685.824677947
29500000.0,27.14 tr,31.86 tr,Kawasaki,Dòng_Khác,39000,Tay côn/Moto,Trên 175 cc,Không rõ,6,5571.428571428572,xe kawasaki er 6n 650 phân khối xe hoạt động hoàn hảo máy bốc và mạnh lắm ạ mình cần đổi xe ga để đi làm nên bán rẻ lại cho bạn nào đam mê dòng phân khối lớn ạ xe này là đời trước của kawasaki z650 2 thắng đĩa lốp sau của michelin size 180 nên nhìn rất đẹp và có phuộc đơn nằm ngang ạ xe giấy tờ hợp lệ ạ có fix cafe cho anh em mau lẹ cám ơn chợ tốt đã duyệt tin ạ,0,0,0,0,0,0,0,70530543.73219372,-41030543.73219372
34000000.0,,,KTM,Duke 200,300000,Tay côn/Moto,Trên 175 cc,Nước khác,6,42857.142857142855,duke 200 xe ngon bán xe ktm duke 200 đời cao 2020 mới desmo bên a nhân râu gần 4 củ mua xe về là chạy thôi ko cần lăn tăn gì nhiều odo 33k lốp sau mới thay xe chạy lanh chạy phố hay tour đều ổn giá quá rẻ cho 1 con motor đồ chơi túi hông đựng thêm đồ thoải mái thùng nhựa sau xe chống đổ đèn đóm 2 pha 2 cos bảo vệ tay lá fix mạnh cho ae thiện chí,0,0,0,0,0,0,0,42772501.15330279,-8772501.153302789
11000000.0,6.99 tr,8.21 tr,Honda,Wave,2000,Xe số,100 - 175 cc,Việt Nam,14,133.33333333333334,xe wave chính chủ sang tên công chứng ngay xe k đi cần bán wave chính chủ 110 xe cán bộ bộ đội đi dữ kỹ nên còn rất mới mua bán tại nhà khu dân cư 434 thuận an bình dương,0,0,0,0,0,0,1,9385965.124469962,1614034.875530038
18000000.0,11.15 tr,13.1 tr,Suzuki,GN,88888,Tay côn/Moto,Trên 175 cc,Nhật Bản,30,2867.3548387096776,suzuki gn250 không đi nữa nên cần ra đi chiếc gn250 máy móc em ái đèn đề tua máy công tơ mét hoạt động tốt đã làm nồi và thay lốp sau gthl anh em nhé,0,0,0,0,0,0,0,29481415.72837155,-11481415.72837155
10000000.0,12.05 tr,14.15 tr,Hãng khác,Dòng khác,1900,Tay ga,Dưới 50 cc,Việt Nam,2,633.3333333333334,xe minion siêu dễ thương xe chính chủ biển số tp xe chính chủ biển thành phố vừa mua năm 2024 hình dáng xe siêu dễ thương dòng xe tay ga dễ chạy đặc biệt là các bạn học sinh và phụ nữ,0,0,0,0,0,0,1,16409004.836742068,-6409004.836742068
26000000.0,29.9 tr,35.1 tr,Honda,Vision,14000,Tay ga,100 - 175 cc,Việt Nam,2,4666.666666666667,xe đời 2022 dk 2024 xe ban bao tranh chấp tai nhà xe đời 2022 dk 2024 xe ban bao tranh chấp tai nhà thiệt chi lh,0,0,0,0,0,0,0,28387804.580261957,-2387804.580261957
10000000.0,18.05 tr,21.19 tr,Honda,Win,53000,Tay côn/Moto,50 - 100 cc,Nước khác,32,1606.060606060606,xe k đi cần bán xe giấy tờ đầy đủ nhé win dọn cfe xe mua về chỉ việc đổ xăng đi thôi a,0,0,0,0,0,0,0,10496698.677524222,-496698.67752422206
24500000.0,23.04 tr,27.05 tr,Honda,PCX,2,Tay ga,100 - 175 cc,Việt Nam,12,0.1538461538461538,honda pcx 125 bstp bao ký xe bản màu sơn cao cấp xe sử dụng kỹ có lên đồ chơi như hình chủ yếu để kho ít sử dụng tới nên còn rất ngon mượt xe đi rất đầm chắc êm ái thẳng tưng,0,1,0,0,0,0,0,18332823.438753862,6167176.561246138
3800000.0,4.04 tr,4.74 tr,Yamaha,Nouvo,111111,Tay ga,100 - 175 cc,Không rõ,16,6535.941176470588,xe vẫn hoạt động tốt còn hoạt động tốt ae về chạy thôi chở học sinh đi học đi chợ,0,0,0,0,0,0,0,5120924.684005422,-1320924.6840054216
23000000.0,17.02 tr,19.98 tr,Yamaha,Dòng_Khác,24000,Tay ga,100 - 175 cc,Nhật Bản,5,4000.0,xe tay ga yamaha latte 125 đăng ký 2021 thông tin xe dòng xe tay ga cao cấp yamaha latte 125 máy mạnh tiết kiệm xăng màu đen nhám phối yên nâu xe thuộc phiên bản cao cấp có hệ thống stop start system giúp tiết kiệm nhiên liệu và giảm khí thải odo hiện tại hơn 24 000 km bảo dưỡng đều máy móc vẫn rất ổn định đăng ký lần đầu tháng 3 2021 máy zin đề nhạy vận hành êm cốp xe rộng tiện để nón túi xách bánh còn tốt phanh an toàn đèn đóm đầy đủ quận 1 tp hcm xem xe trực tiếp tại nhà theo hẹn giá bán 23 triệu,0,1,0,0,0,1,0,21784176.17364912,1215823.826350879
5500000.0,4.75 tr,5.58 tr,Honda,SCR,100000,Tay ga,50 - 100 cc,Nhật Bản,18,5263.1578947368425,bán lại 1 chiếc do nhà dư chỉ 5t5 bạn sẽ có 1 xe đi làm đi nhậu mà giấy tờ đầy đủ mua về chỉ đổ xăng chạy xe ok đi làm vi vu tài chính thì hạn hẹp,0,0,0,0,0,0,0,9966184.21265119,-4466184.212651189
36300000.0,36.71 tr,43.1 tr,Honda,Air Blade,15900,Tay ga,100 - 175 cc,Việt Nam,3,3975.0,xe airblade chưa lột keo chính chủ 95 cần bán xe airblade 2023 xe mua mới gia đình chạy kĩ còn mới nguyên đã dán keo nguyên chiếc,0,1,0,0,0,0,1,41742195.738497294,-5442195.7384972945
42000000.0,40.73 tr,47.82 tr,Honda,SH,9999,Tay ga,100 - 175 cc,Đức,18,526.2631578947369,xe sh 2008 màu đen nguyên zin ông anh gửi em bán dùm con sh 2008 xe nguyên zin xa đang chạy ngon lành không lỗi lầm gì giấy tờ đầy đủ xe chính chủ mọi người có nhu cầu xem xe alo e ở kênh tân hóa quận tân phú gần đầm sen,0,0,0,0,0,1,1,62623333.333333336,-20623333.333333336
75000000.0,65.71 tr,77.13 tr,Honda,SH,31000,Tay ga,100 - 175 cc,Nhật Bản,6,4428.571428571428,thanh lý sh150 abs 2020 biển số 86 nhanh gọn thanh lý sh150 abs 2020 biển số 86 bình thuận nhanh gọn ngoại hình hơi trầy như hình chụp máy móc êm giấy tờ chính chủ bao ký giấy uỷ quyền nhanh gọn lẹ ai có nhu cầu liên hệ 261 nguyễn văn quá p đông hưng thuận q12 tp hcm giá cả có thể thương lượng nhẹ,0,1,1,0,0,0,1,74180986.85503186,819013.1449681371
30000000.0,23.96 tr,28.12 tr,Honda,Lead,25400,Tay ga,100 - 175 cc,Nhật Bản,7,3175.0,bán xe honda lead odo 25k biển quận 6 1 đời chủ tôi chính chủ cần bán xe honda lead 125 năm 2019 odo 25400km biển q6 tphcm 1 đời chủ nữ đi máy móc nguyên zin chưa bung xe chạy êm ái xe đã lên đầy đủ phụ kiện ốp cản như hình giá 30 triệu có bớt cho ace thiện chí lh,0,0,0,0,0,1,1,28010512.74777067,1989487.2522293292
9000000.0,6.64 tr,7.79 tr,Honda,Lead,15000,Tay ga,100 - 175 cc,Việt Nam,16,882.3529411764706,bán xe honda lead 9chủ bstp gò vấp honda lead nhà ít đi thay nhớt lọc định kì có trầy nhẹ nhưng dán keo thay keo là mới xe bền ít hao xăng odo 15000 km là biết ít đi hỗ trợ thủ tục sang tên bên mua chịu phí 4 700k ngã 6 gò vấp liên hệ nhanh gọn có fix,0,0,0,0,0,0,0,9942648.377637163,-942648.3776371628
3500000.0,3.51 tr,4.12 tr,Suzuki,Hayate,50000,Tay ga,100 - 175 cc,Không rõ,17,2777.777777777778,giấy tờ đầy đủ 3 5 triệu cho ae đi làm xe đề nhẹ cái nỗ xe bốc 3 5tr gtdd,0,0,0,0,0,0,0,5054869.555418803,-1554869.5554188034
7300000.0,9.85 tr,11.56 tr,Honda,Air Blade,33333,Tay ga,100 - 175 cc,Việt Nam,15,2083.3125,honda airblade 59c2_12886 nhà có chiếc xe honda air blade biển 59c2_12886 xe giấy tờ đầy đủ không chính chủ xe máy móc chạy bình thường xe đang sử dụng anh em có nhu cầu liên hệ có giao lưu với các loại xe khác,0,0,0,0,0,0,1,10532719.76354196,-3232719.763541959
63000000.0,37.85 tr,44.43 tr,Honda,Air Blade,670,Tay ga,100 - 175 cc,Việt Nam,2,223.33333333333331,ab_160_2024 chạy 670km mới toanh chính chủ bán ab160_2024_chạy 670km từ hãng về rồi đi cafe ngay chính chủ cần bán xe còn thơm mùi hãng biển số long an 62an 102 07 chính chủ công chứng nhanh lẹ giá 63 triệu đồng màu xám đỏ zin theo giấy odo 670km ngoại hình đẹp liền lạc ốc tán zin sáng đẹp máy móc nguyên zin đã gắn dàn inox sịn bảo vệ vài triệu sẵn về chỉ việc đi giá 63 triệu đồng fix nhanh lẹ lh em khôi,0,0,0,0,0,1,1,43215321.18189265,19784678.81810735
65000000.0,,,Yamaha,YAZ,30000,Tay côn/Moto,100 - 175 cc,Không rõ,26,1111.111111111111,yamaha yaz125r xe zin chưa rớt cũ theo năm tháng có cavet mua về chỉ đổ xăng nhớt là chạy bình thường xem xe kv q5 giá rẻ còn giảm cho ae thiện chí,0,0,0,0,0,1,0,13350797.1258735,51649202.8741265
22000000.0,15.3 tr,17.96 tr,SYM,Husky,24000,Tay côn/Moto,100 - 175 cc,Đài Loan,8,2666.6666666666665,xe côn tay motor husky 125 cần tìm chủ nhân cho em nó tôi chăm sóc rất kỹ ít đi đa phần trùm mền đi 24k km trên bs tp chính chủ thực hiện đủ các quá trình người sở hữu yêu cầu ok thanks you for watching,0,0,0,0,0,0,1,18575595.15398955,3424404.8460104503
50000000.0,39.18 tr,45.99 tr,Honda,SH,40000,Tay ga,100 - 175 cc,Không rõ,11,3333.333333333333,sh150i sh 150i xe đk 2015 up lên full 2019 như hình máy móc nguyên zin chưa đụng chạm xe 9 chủ bs sg có nhận gl ab vision vario,0,0,0,0,0,1,0,46376261.9047619,3623738.095238097
5000000.0,3.58 tr,4.2 tr,Yamaha,Nouvo,80,Tay ga,100 - 175 cc,Không rõ,17,4.444444444444445,tay ga nouvo 4 mới 90 xe đep máy êm bán gia 5 triệu bớt chút lộc,0,0,0,0,0,0,0,5185852.680144852,-185852.68014485203
26000000.0,23.33 tr,27.39 tr,Honda,Future,40000,Xe số,100 - 175 cc,Việt Nam,5,6666.666666666667,future led 2021 khoá smk phuộc nice zin nhà dư xe mình cần bán future 2021 xe chính chủ nhà đi kĩ thay nhớt full tổng hợp nên máy rất êm máy móc zin chưa rớt đầu xe có lên ổ khoá smk chống cướp với phuộc sau nice zin xe chính chủ sang tên uỷ quyền vô tư giá xe 26t ae nào cần liên hệ giao dịch tại nhà quận phú nhuận,0,0,0,1,0,1,1,26821084.014100533,-821084.014100533
52000000.0,33.65 tr,39.5 tr,Honda,Air Blade,11000,Tay ga,100 - 175 cc,Việt Nam,4,2200.0,giảm giá lần cuối ab 160 đời đầu máy móc nguyên zin xe lướt bs đẹp uy quyền giữ biển cho a e đi thoải mái,0,0,0,0,0,1,0,37488053.203720205,14511946.796279795
10000000.0,9.06 tr,10.64 tr,Honda,Air Blade,16000,Tay ga,100 - 175 cc,Không rõ,14,1066.6666666666667,ab airblade fi chính chủ nữ đi nhà bán chiếc xe giống như trong hình xe trước mua cho con gái đi nhưng nay bé đã đi du học rồi không sử dụng nên muốn bán lại cho ai có nhu cầu xe còn đẹp như mới chưa sứa chữa gì chưa mở máy máy êm ru xe bán tại nhà không tiếp cò lái nha,0,0,0,0,0,0,1,10545321.115540912,-545321.1155409124
15000000.0,14.49 tr,17.01 tr,Honda,Winner,35000,Tay côn/Moto,100 - 175 cc,Việt Nam,8,3888.8888888888887,làm việc tại nhà không có nhu cầu đi xe máy xe winner v1 làm full 60 3 tình trạng êm không có tiếng kêu có vênh mâm sau,0,0,0,0,0,0,0,16756795.221671311,-1756795.2216713112
33000000.0,20.1 tr,23.59 tr,Honda,Future,67000,Xe số,100 - 175 cc,Việt Nam,20,3190.4761904761904,future neo gt sườn xám future neo gt việt nam 125cc đầu nồi zin dàn áo thay mới chính chủ bao công chứng,0,0,0,0,0,1,1,25468588.511936158,7531411.488063842
9000000.0,6.06 tr,7.11 tr,Honda,Wave,30000,Xe số,100 - 175 cc,Việt Nam,16,1764.7058823529412,wave s100 wave s100 xe cũ đi 3 vạn chuyển về quê ở ko còn nhu cầu đi lại nữa ạ,0,0,0,0,0,0,0,8500302.989410557,499697.01058944315
41000000.0,39.17 tr,45.99 tr,Honda,CBR,10000,Tay côn/Moto,100 - 175 cc,Nước khác,4,2000.0,cần bán cbr 150 dki 2022 chính chủ odo 10k xe còn mới ít đi cần bán hoặc giao lưu ex2010 tự động,0,0,0,0,0,0,1,33761859.465927616,7238140.534072384
2600000.0,13.8 tr,16.21 tr,Honda,Dream,8386,Xe số,100 - 175 cc,Việt Nam,22,364.60869565217394,dư xe cần bán dream lifan máy bao êm mạnh điện đề đầy đủ áo liền lạc giá này ae tự hiểu mua về chỉ việc đổ xăng chạy ko sửa ai cần lh còn bớt,0,0,0,0,0,0,0,10312447.392599342,-7712447.392599342
3200000.0,3.04 tr,3.56 tr,Kawasaki,Max,300000,Xe số,50 - 100 cc,Hàn Quốc,15,18750.0,xe max zin bán cho ai cần đi làm cày bừa xe zin còn rất đẹp giấy tờ đầy đủ máy rất êm điện đề đầy đủ kv hcm có ship,0,0,0,0,0,1,0,5495579.372676483,-2295579.3726764834
40000000.0,39.17 tr,45.99 tr,Honda,CBR,17000,Tay côn/Moto,100 - 175 cc,Không rõ,4,3400.0,thanh lý xe cũ đổi xe mới xe nhà đi máy còn tốt thường xuyên bảo hành đầy đủ liên hệ xem xe tâm,0,1,0,0,0,0,0,34393460.54804059,5606539.451959409
30000000.0,30.27 tr,35.53 tr,Honda,CG125Fi,25000,Tay côn/Moto,100 - 175 cc,Trung Quốc,5,4166.666666666667,bán cg125fi chạy kĩ cg125fi bảo dưỡng tốt nội ô 55km l ngoại ô 65km l xem xe ở bình thạnh,0,0,0,0,0,0,0,22707984.768417094,7292015.231582906
25900000.0,19.87 tr,23.33 tr,Piaggio,Dòng_Khác,69000,Tay ga,100 - 175 cc,Không rõ,10,6272.727272727273,xe medley mới qua tổng bảo trì mình bán xe medley 125 năm 2016 odo 7v xe mới tổng bảo trì đã thay mới phuộc trước sau bơm nước hai lốp trước sau sau khi thay mới đi được 200km tổng bill btri hơn 15tr nay muốn bán lại xe giá 25tr9 coi như bán khung xe 10 củ ggtt tại tp hcm các bác đọc kĩ thông tin nhen mình sẽ trả lời các tn ép giá chớ ko trả lời các tin nhắn hỏi các thông tin đã ghi n,0,0,0,0,0,0,0,21082615.98751583,4817384.0124841705
50000000.0,43.1 tr,50.6 tr,Piaggio,Vespa,7000,Tay ga,100 - 175 cc,Nước khác,6,1000.0,bán xe vespa xe zin còn nguyên vẹn xe nữ chạy chín chủ hỗ trợ làm giấy tờ san tên,0,0,0,0,0,1,0,61717600.081912234,-11717600.081912234
12000000.0,13.96 tr,16.39 tr,Honda,Winner,50000,Tay côn/Moto,100 - 175 cc,Việt Nam,10,4545.454545454545,winerv1 máy zin chay êm mua bán tại nhà nhẹ cf ae,0,0,0,0,0,1,0,17082660.91486498,-5082660.91486498
5500000.0,3.95 tr,4.64 tr,Hãng khác,Dòng khác,40000,Tay ga,100 - 175 cc,Nước khác,18,2105.2631578947367,xe ga den xe như hình để lâu ko xử dụng ace cần alo mình cám ơn chợ tốt duyệt tin xe hiện tại ở củ chi,0,0,0,0,0,0,0,5059270.840103721,440729.15989627875
11000000.0,7.27 tr,8.54 tr,Honda,Wave,22000,Xe số,50 - 100 cc,Nhật Bản,19,1100.0,cần bán wave s100 xe hoạt động bình thường mua về là chạy loa loa loa,0,0,0,0,0,0,0,8724219.957238507,2275780.0427614935
7500000.0,6.87 tr,8.06 tr,Honda,Wave,94256,Xe số,100 - 175 cc,Việt Nam,14,6283.733333333334,wave rsx110 wave rsx năm 2012 chạy được 94256 km xe chạy tốt không có tiếng ồn giao xe giao cà vẹt zalo qua tận nhà có fix,0,0,0,0,0,0,0,8683268.127584307,-1183268.1275843065
3500000.0,,,Honda,Winner,99999,Tay côn/Moto,50 - 100 cc,Trung Quốc,27,3571.3928571428573,win ngầu chữa cháy win máy êm điện đèn còi đủ giá này anh em tự hiểu dùm mình nha anh em cần xe chữa cháy liên hệ cảm ơn anh em,0,0,0,0,0,0,0,8814855.380381562,-5314855.380381562
4300000.0,5.68 tr,6.67 tr,Honda,Dream,30000,Xe số,100 - 175 cc,Trung Quốc,16,1764.7058823529412,dream tq giấy tờ đầy đủ dream tq giấy tờ đầy đủ xe ngoại hình còn đẹp dàn áo liền lạc điện đề đầy đủ máy móc mới bảo dưỡng lại cực êm thích hợp cho ae cần xe đi cày đi công trình giá 4tr3 có fix cho ae thiện chí xem xe quận 9 thủ đức,0,0,0,0,0,0,0,6415133.263893009,-2115133.263893009
7200000.0,6.13 tr,7.2 tr,Yamaha,Sirius,50000,Xe số,100 - 175 cc,Nhật Bản,18,2631.5789473684213,xe máy xe có giấy mua bán chính chủ công chứng xe máy còn ngon,0,0,0,0,0,0,1,7194080.551430495,5919.448569504544
12600000.0,8.92 tr,10.47 tr,Honda,Cub,12345,Xe số,50 - 100 cc,Việt Nam,30,398.2258064516129,honda cup 82 96 70cc ông dùng đi đánh cờ thôi honda cup 82 96 70cc hàng của ông chuyên đi đánh cờ giờ ông về quê mình bán lại 12 6tr bớt lộc xe chạy êm ngon giấy tờ đủ bao tranh chấp xe này ông đi lâu rồi á bac nào hợp cạ thì gọi e nhé e cám ơn ah,0,0,0,0,0,0,0,9757844.615947131,2842155.384052869
27500000.0,27.45 tr,32.22 tr,Honda,Lead,20000,Tay ga,100 - 175 cc,Không rõ,6,2857.1428571428573,cần bán xe lead 2020 up 4val xe nguyên zin 27 5 lead 2020 up 4val xe chính chủ uỷ quyền sang tên đầy đủ xe nguyên zin odo thấp,0,0,0,0,0,1,1,30743950.347847365,-3243950.347847365
7000000.0,5.23 tr,6.14 tr,Yamaha,Nouvo,0,Tay ga,100 - 175 cc,Không rõ,12,0.0,xe nouvo chính chủ biển số tp xe còn mới chính chủ bstp xem xe tại nhà,0,0,0,0,0,0,1,8552016.817952994,-1552016.8179529943
9500000.0,8.99 tr,10.56 tr,Honda,Air Blade,80000,Tay ga,100 - 175 cc,Việt Nam,14,5333.333333333333,airblade date 2012 bstp 1đời chủ xe nhà chính chủ bao công chứng mua bán uỷ quyền nhanh gọn máy móc zin êm vẫn đang sử dụng bình thường thay nhớt đúng km định kỳ ae chỉ việc mua về đỗ xăng sử dụng giá 9tr500 xem xe trực tiếp tại nhà,0,0,0,0,0,1,1,11662853.358658653,-2162853.3586586528
2400000.0,7.97 tr,9.36 tr,Honda,Wave,35000,Xe số,100 - 175 cc,Không rõ,12,2692.3076923076924,thanh lý wave tàu bán wave như hình máy êm mạnh đề nhẹ là nổ full chức năng xườn cứng cáp thích hợp cho ae chở hàng làm ctrinh giá này ae tự hiểu chạy tiết kiệm xăng xe khô ráo ko xì nhớt cần xe nhắn tin bstp bán cho người thiện chí mua thực sự cò lái tha giùm em thank chợ tốt duyệt tin,0,1,0,0,0,0,0,7864214.895963125,-5464214.895963125
46000000.0,65.28 tr,76.63 tr,Honda,SH,45000,Tay ga,100 - 175 cc,Nước khác,17,2500.0,bán xe sh 150i 2009 màu đỏ đô xe chính chủ sang tên hoặc ủy quyền đều được,0,0,0,0,0,0,1,95048971.18666667,-49048971.18666667
12000000.0,20.71 tr,24.32 tr,Honda,Air Blade,82288,Tay ga,100 - 175 cc,Không rõ,9,8228.8,ab 2017 siêu nhân xe đẹp máy êm chạy nhẹ mạnh xe đời 2017 khóa thường xe đã thay nhớt đầy đủ xe đầy đủ các chức năng công tơ mét còn hoạt động bán 12 triệu mua lầm nên bán rẻ xin đọc kỹ trước khi dt và ai mua bán xe xin bỏ qua dùm mình cảm ơn,0,0,0,0,0,0,0,18551565.090081476,-6551565.090081476
4500000.0,5.1 tr,5.99 tr,Yamaha,Mio,40000,Tay ga,100 - 175 cc,Việt Nam,17,2222.222222222222,mio máy thái xe máy êm đề là nỗ diện đèn còi đây đủ xe đời đầu máy rất ngon phù hợp đi làm đi chơ học sinh sinh viên,0,0,0,0,0,0,0,5745297.792257265,-1245297.7922572652
90000000.0,95.08 tr,111.62 tr,Honda,SH,40000,Tay ga,100 - 175 cc,Nước khác,16,2352.9411764705883,bạn xe sh ý 125 đời 2010 do không chạy để nhà chật mình cần thanh lý lại xe như hình xe chạy ngon và kĩ cả nhà mình ai có nhu cầu coi xe liên hệ mình nhe,0,1,0,0,0,0,0,106613611.1111111,-16613611.111111104
4500000.0,9.85 tr,11.56 tr,Honda,Air Blade,17000,Tay ga,100 - 175 cc,Nhật Bản,15,1062.5,ab 2011 đi làm bán ab đầu bò 2011 xe máy nguyên zin chạy êm ái xe bị bể đầu đèn như hình giá tự hiểu ai cần alo,0,0,0,0,0,1,0,10994579.522554392,-6494579.522554392
8500000.0,19.53 tr,22.92 tr,Yamaha,Mio,99999,Tay ga,100 - 175 cc,Việt Nam,4,19999.8,mio ulimo xe như hình mới từ trong ra ngoài máy êm chạy mạnh và bóc xe chính chủ uỷ quyen sang tên đều được biển số thành phố cavet đúng màu vàng đen xe dọn tâm quyet két tiền bán lại cho ace nào cần có bớt cho ace nào vào viec lẹ mua xe lien hệ trực tiếp xin cảm on,0,0,0,0,0,0,1,19296362.467445623,-10796362.467445623
15000000.0,43.42 tr,50.97 tr,Honda,Click,1000,Tay ga,100 - 175 cc,Không rõ,11,83.33333333333333,xe click đang dùng dư cần bán bs q3 hcm xe click cần bán đang dùng bình thường bs q3 hcm,0,0,0,0,0,0,0,35630539.10817442,-20630539.10817442
9800000.0,11.03 tr,12.95 tr,Honda,Vision,39000,Tay ga,100 - 175 cc,Thái Lan,13,2785.714285714286,vision xe nguyên zin bao chạy mình cần bán xe như hình xe giấy tờ đầy đủ nha mình mới mua xe nên bán lại cho ai cần mong gặp người thiện chí cần mua mình k cần quảng cáo nhiều mọi người đến xem xe sẽ biết ngay cảm ơn mọi người,0,0,0,0,0,1,0,13619165.469561588,-3819165.469561588
3600000.0,10.55 tr,12.38 tr,Honda,Wave,68686,Xe số,50 - 100 cc,Thái Lan,24,2747.44,xe wave nhỏ bán cho ai cần giấy tờ đầy đủ máy êm đủ chức năng đi cày bừa tốt kv hcm có ship,0,0,0,0,0,0,0,13499677.92294946,-9899677.92294946
4200000.0,37.72 tr,44.28 tr,Honda,Dòng khác,220000,Xe số,100 - 175 cc,Hàn Quốc,28,7586.206896551724,bán dùm anh xe wave như hình gtdđ máy đẹp êm ok xin đọc hết tin đăng cám ơn bán dùm anh xe wave 110 như hình máy nổ rất êm xe sạch sẻ căm niềng đẹp vỏ ruột mới thắng ok đen đề kèn đầy đu đang sài đèn lel rất sáng giấy tờ hợp lệ riêng số khung hơi mờ tí xe bs gò vấp hcm xe chạy đầm và êm tin còn là còn bán ace cần xin gọi trực tiếp đến xem tại nhà cho an tâm cám ơn nhiều,0,0,0,0,0,0,0,9802472.22785527,-5602472.227855271
8000000.0,9.16 tr,10.76 tr,Honda,Dòng khác,200000,Tay ga,Dưới 50 cc,Nhật Bản,26,7407.407407407408,ket tiền cần bán gấp mình cần tiền nên muốn ban chiec dio xe sơn mới lại roi ve chi chay caffe thôi ae trãi nghiệm ib mình,0,0,0,0,0,0,0,10055969.988961423,-2055969.9889614228
30000000.0,36.71 tr,43.1 tr,Honda,Air Blade,220000,Tay ga,100 - 175 cc,Việt Nam,3,55000.0,xe1đời chủ xe nhà chạy chính chủ nay đổi xe mới bán cho anh em về chay có đi cặp vỏ michelin,0,0,0,0,0,0,1,40234375.89265395,-10234375.89265395
35000000.0,33.74 tr,39.61 tr,Honda,SH Mode,35000,Tay ga,100 - 175 cc,Không rõ,9,3500.0,bán xe sh mode đời 2017 bstp chính chủ đứng bán bán xe sh mode 2017như hình odo 33000 km chính chủ biển tp ký sang tên cái rẹt,0,1,0,0,0,0,1,37038891.33263525,-2038891.3326352537
6400000.0,6.37 tr,7.48 tr,Yamaha,Sirius,25000,Xe số,100 - 175 cc,Không rõ,15,1562.5,sirius bstp siêu bền máy êm chạy giọoc điện đề đủ anh em bạn bè kiếm xe hãng máy móc em ngon rẻ đẹp bền alo em nhé em bán chiếc sirius biển 59 sài gòn tình trạng máy móc êm đề kèn xi nhan còn đủ cả tóm lại mua về là chạy liền nhé cà vẹt đầy đủ yên tâm mua bán tại nhà,0,0,0,0,0,0,0,6089022.178471849,310977.8215281507
20500000.0,15.75 tr,18.49 tr,Yamaha,Exciter,19330,Tay côn/Moto,100 - 175 cc,Nhật Bản,9,1933.0,xe chùm mền it đi do kẹt tiền tôi cần bán xe chính chủ xe tâm quyết đã giữ gìn đến nay máy năm nay anh em cần liên hệ nhé còn thương lượng xin cảm ơn choi tot đã duyệt bài,0,0,0,0,0,0,1,19553314.09590052,946685.9040994793
18000000.0,27.17 tr,31.89 tr,Honda,Lead,25000,Tay ga,100 - 175 cc,Việt Nam,6,3571.428571428572,cần bán cho ai cần 2015 xe không đẹp lắm bán cho ai cần chở hàng hoặc dọn lại,0,0,0,0,0,0,0,30390516.92804225,-12390516.928042252
74000000.0,65.71 tr,77.13 tr,Honda,SH,20100,Tay ga,100 - 175 cc,Không rõ,6,2871.428571428572,sh 150 abs còn cực keng xe odo20100km tua tặng xe mới thu được 1 con sh 150 abs biển 62 1 đời chủ đi 20000km chất xe rat đẹp keng bao dưỡng ở hãng đầy dủ lấy phuộc kyb thì 80triệu lấy xe ko phuộc thì 74triệu xem xe quận 6,0,0,1,0,0,0,0,74485188.54961464,-485188.5496146381
5500000.0,6.99 tr,8.21 tr,Honda,Wave,300000,Xe số,100 - 175 cc,Việt Nam,14,20000.0,wave s 110 2012 xe bền máy êm nhà dư xe nên ít chạy cần thanh lý cho trống chỗ nhắn tin hoặc liên hệ sđt hoặc,0,1,0,0,0,0,0,8682725.898875404,-3182725.898875404
20800000.0,19.93 tr,23.4 tr,Yamaha,Janus,8000,Tay ga,100 - 175 cc,Việt Nam,3,2000.0,janus 2023 đỏ bstp chính chủ chưa dặm tút máy nguyên zin chạy êm ái xe dàn áo siu đẹp mới lột keo bstp chính chủ công chứng uỷ quyền mua bán nhanh lẹ khoá còn đủ 2 chìa bớt nhanh lẹ cho ace xem xe trực tiếp thương lượng,0,0,0,0,0,1,1,26021793.595108174,-5221793.595108174
33500000.0,31.94 tr,37.49 tr,Honda,Vario,35000,Tay ga,100 - 175 cc,Thái Lan,6,5000.0,vario 150 nhập indo biên tp chính chủ do sửa nhà không chỗ để nên mình muốn bán vario 150 đen nhám chính chủ ở q7 xe chạy rất mạnh và bốc 45km 1lit xăng nguyên zin chưa rớt máy còn mới bảo dưỡng điều đặn còn đủ 2 chìa khóa đã thay phuộc xịn giá gần 3 tr xe đăng kí tháng 12 năm 2020 máy nổ rất êm mua bán tại nhà công chứng trong ngày lh anh phước có giảm giá khi thiện chí mua nhanh cảm ơn chợ tốt đã đăng tin,0,0,0,0,0,1,1,35709775.57018058,-2209775.57018058
38888888.0,29.93 tr,35.13 tr,Honda,Air Blade,14000,Tay ga,100 - 175 cc,Việt Nam,6,2000.0,air blade 150 abs giá rẻ mới 99 zin cho ae do nhà dư xe em bán honda air blade 150 abs date 2020 màu xanh xám đen mới zin keng 99 không đâm đụng thuỷ kích odo 14000km mới chạy giá 38 888k em chính chủ kí mua bán không kí uỷ quyền xem xe trực tiếp tân bình sang tên 30s em cám ơn,0,0,1,0,0,1,1,35587300.8311393,3301587.1688607037
16000000.0,11.85 tr,13.92 tr,Honda,Lead,51000,Tay ga,100 - 175 cc,Nhật Bản,13,3642.857142857143,lead 125 chính chủ xe còn nguyên keo chạy êm vọt ít hao xăng xe nhà dư dùng nên bán xe chính chủ biển số hcm,0,0,0,0,0,0,1,10845255.63066693,5154744.36933307
23000000.0,16.72 tr,19.63 tr,Honda,MSX 125,47000,Tay côn/Moto,100 - 175 cc,Thái Lan,9,4700.0,dư dùng nên cần bán xe msx125 xe máy đang chạy hằng ngày nên mn mua về đổ xăng là chạy xe mới thay lốp nsd mới nhớt thay định kì 1000km xe có trầy trong quá trình sử dụng ae nào trả dưới 22 vui lòng đừng gọi xe biển 76 mn chốt xe thì mình hỗ trợ rút gốc,0,0,0,0,0,0,0,19935063.917884033,3064936.082115967
50000000.0,52.52 tr,61.65 tr,Honda,SH Mode,5000,Tay ga,100 - 175 cc,Việt Nam,3,1250.0,sh mode đời cao 2023 xe chính chủ xe dành cho phụ nữ chạy không một vết trầy xướt gì,0,0,0,0,0,0,1,58121166.666666664,-8121166.666666664
29000000.0,28.79 tr,33.8 tr,Yamaha,Exciter,60000,Tay côn/Moto,100 - 175 cc,Việt Nam,4,12000.0,eẽ xuống ao xe chạy tot bso tet full mới từ trong ra ngoài,0,0,0,0,0,0,0,27180468.933999237,1819531.0660007633
123000000.0,74.21 tr,87.11 tr,Honda,SH,0,Tay ga,Trên 175 cc,Việt Nam,3,0.0,sh 350i new 100 kích hoạt bảo hành hãng sh350 đỏ from 2023 xe sẵn tại cửa hàng mình hỗ trợ sơn xe ko cần xét xe đối với xe new nao vat free ship tỉnh vũng tài biện hoà bình dương cần thì ae liên hệ mình nha,0,0,0,0,0,0,0,143613333.33333334,-20613333.333333343
28500000.0,17.08 tr,20.05 tr,Honda,Winner X,1500,Tay côn/Moto,100 - 175 cc,Không rõ,6,214.28571428571428,winner x xe máy móc nguyên zin đi chưa đến 1500 km đam mê hãy gọi không giảm giá,0,0,0,0,0,1,0,28530946.563713323,-30946.563713323325
19500000.0,17.63 tr,20.69 tr,Honda,Winner X,20000,Tay côn/Moto,100 - 175 cc,Việt Nam,5,3333.333333333333,winner x 2021 nguyên zin 9c ký bán nhanh lẹ bstp 9c bán winner x model 2022 xe đẹp nguyên zin chỉ mua là chạy xe bstp giao dịch tại gò vấp giá 19tr5 liên hệ để xem xe thanks,0,1,0,0,0,1,0,23024653.45525543,-3524653.45525543
41000000.0,39.17 tr,45.99 tr,Honda,CBR,10000,Tay côn/Moto,100 - 175 cc,Nước khác,4,2000.0,cần bán cbr150r 2022 chính chủ odo 10k km xe còn mới ít đi có thể giao lưu với ex2010 côn tự động,0,0,0,0,0,0,1,33761859.465927616,7238140.534072384
32000000.0,24.85 tr,29.17 tr,Piaggio,Vespa,27000,Tay ga,100 - 175 cc,Không rõ,10,2454.5454545454545,xe tay ga vespa 125 đời 2016 đỏ ít đi cần bán xe vespa 125c đời 2016 chính chủ ít đi 27 700km bản số tỉnh nhưng xe và chủ ở quận 2 tphcm xe để chung cư tốn tiền đóng phí nên cần bán xe còn zin 100,0,0,0,0,0,1,1,28472736.309874173,3527263.6901258267
50000000.0,45.76 tr,53.71 tr,Honda,Click,60000,Tay ga,100 - 175 cc,Thái Lan,9,6000.0,bán xe click 125 chính chủ do nhiều xe không chỗ để nên bán bớt anh em mua về dọn lại dàn ngoài xíu là đẹp len ken luôn,0,0,0,0,0,0,1,47834780.80944188,2165219.1905581206
20000000.0,17.63 tr,20.69 tr,Honda,Winner X,300000,Tay côn/Moto,100 - 175 cc,Không rõ,5,50000.0,xe chính chủ bán xe zin từng con ốc chính chủ bao giấy tờ hợp lệ về đổ xăng là chạy bao lỗi bao test,0,0,0,0,0,1,1,21639764.412990596,-1639764.4129905961
28500000.0,40.54 tr,47.59 tr,Honda,Vario,45000,Tay ga,100 - 175 cc,Nước khác,8,5000.0,vario 125cc đi 45 000km xe đi tỉnh nhiều nhưng thay nhớt đều đặn 1000km bs xe 59l2 98112 mình mới đổi xe chưa lấy biển số nên nếu ai mua thì tầm 2 tuần mới lấy xe được ạ,0,0,0,0,0,0,0,35618374.208358265,-7118374.208358265
48000000.0,46.52 tr,54.61 tr,Honda,CBR,750,Tay côn/Moto,100 - 175 cc,Việt Nam,2,250.0,cbr 150r honda cbr150r mẫu mới màu đen nhám đồng mẫu của năm 2024 odo chuẩn 750 km trip a 750 km trip b 750 km giá 48 000 000 vnđ tặng ngay 1 000 000 vnđ cho ae nhanh gọn tặng 1 lần bảo dưỡng full chi tiết tặng 1 nón bảo hiểm bảo hành máy 1 năm bảo hành phuộc 1 lần chính chủ ký uỷ quyền mua bán công chứng toàn quốc đã lên nhẹ đồ chơi căn bản xi nhan led 2 chìa head đầy đủ đã full bảo dưỡng xem xe trực tiếp tại pt motor 62 quốc lộ 13 phường 26 quận bình thạnh tphcm ptmotor cbr150r,0,1,0,0,0,0,1,40711660.693637915,7288339.306362085
10800000.0,8.99 tr,10.56 tr,Honda,Air Blade,44000,Tay ga,100 - 175 cc,Việt Nam,14,2933.333333333333,bán xe airblade chính chủ máy êm khoá smarkey do hình thức công việc thay đổi nên em cần gả đi con ngựa chiến đã đồng hành cùng em đây tình trạng xe là y như ảnh xe đã lên khoá smarkey rồi ạ xe chính chủ xem xe ở hcm về máy móc thì em chăm chút đầu tư cho công việc chạy ship nên máy rất êm nha các bác về giá thì em đã hết sức cân đối rồi nên không fix nha các bác ai hợp và thật sự đang cần hãy gọi em nha,0,0,0,0,0,0,1,10545321.115540912,254678.88445908763
15900000.0,14.95 tr,17.54 tr,Yamaha,Exciter,51000,Tay côn/Moto,100 - 175 cc,Việt Nam,10,4636.363636363636,cần bán ex 150 bs60 giao cccd sđt chủ btc máy zin êm excuter 150 bs 60 giao cccd chủ sđt lh odo chuẩn 51k,0,0,0,0,0,1,0,18660111.565438036,-2760111.565438036
30000000.0,14.49 tr,17.01 tr,Honda,Dream,15000,Xe số,50 - 100 cc,Nhật Bản,30,483.8709677419355,bán xe chính chủ tại tphcm xe rin chính chủ tại tphcm ko qua trung gian không sử dụng cần bán lh tel zalo,0,0,0,0,0,0,1,14816531.335045094,15183468.664954906
16500000.0,14.53 tr,17.05 tr,Yamaha,Exciter,100000,Tay côn/Moto,100 - 175 cc,Nước khác,13,7142.857142857143,xe ex 135 xuống full 2010 ex 135 xuống full 2010 giấy tờ k9c có cccd chủ máy móc zin chưa rớt đầu bao êm bao test có vô 1 số đồ nhẹ chóa nhan zhipat hậu appi xe còn đầy đủ chức năng mua về đổ xăng là chạy mua bán tại nhà có thợ bảo hành máy vài tuần,0,0,0,0,0,1,0,13341268.66791577,3158731.332084229
31000000.0,29.9 tr,35.1 tr,Honda,Air Blade,20000,Tay ga,100 - 175 cc,Việt Nam,6,2857.1428571428573,xe đẹp xe chính chủ trầy xước nhỏ giá cả thương lượng,0,0,0,0,0,0,1,34844096.65358338,-3844096.6535833776
7000000.0,6.91 tr,8.11 tr,Honda,Air Blade,60000,Tay ga,50 - 100 cc,Không rõ,19,3000.0,xe chín chủ xe hon da chính hãng abklack 110 phân phối xe đẹp máy im,0,0,0,0,0,0,0,9974666.19507751,-2974666.1950775106
18000000.0,17.09 tr,20.06 tr,Yamaha,Exciter,26000,Tay côn/Moto,100 - 175 cc,Việt Nam,8,2888.8888888888887,ex150 máy zin êm ít đi q7 nhà bè ex150 2018 xe nhà ít đi giấy tờ đầy đủ nguồn gốc rõ ràng mua cửa hàng máy móc zin êm bốc mượt mà ko lỗi giá 18tr tặng phụ kiện thêm cho ng mua xem xe q7 nhà bè tp hcm fix ae thiện chí,0,0,0,0,0,1,0,19081964.365007248,-1081964.3650072478
75000000.0,55.2 tr,64.8 tr,Honda,SH,21374,Tay ga,100 - 175 cc,Việt Nam,9,2137.4,sh 150i 2017 ko còn nhu cầu sử dụng nên cần bán giữ xe cẩn thận như mới không va chạm trầy xước không qua trung gian xe ít sử dụng không chạy nhiều,0,0,0,0,0,0,0,56461100.87859002,18538899.121409982
40500000.0,32.36 tr,37.99 tr,Honda,Air Blade,4100,Tay ga,100 - 175 cc,Việt Nam,5,683.3333333333334,bán xe air blade 2021 giá tốt đảm bảo chất lượng thông tin xe loại xe honda air blade 2021 quãng đường đã đi 4 100 km giấy tờ đầy đủ chính chủ tình trạng xe còn rất mới,0,0,0,0,0,0,1,34681672.312179506,5818327.687820494
1500000.0,6.23 tr,7.31 tr,Yamaha,Jupiter,258000,Xe số,100 - 175 cc,Việt Nam,16,15176.470588235294,xe dư bán rỗng nhà xe cũ máy mới làm lại đề là chạy rình rình đi lại rất bền xích hơi trùng nhé ai thực sự cần xe thiệt chí mình ship 0 đồng xe không có gì hết nhé,0,0,0,0,0,0,0,5851159.167936294,-4351159.167936294
6900000.0,12.64 tr,14.84 tr,Honda,Air Blade,62000,Tay ga,100 - 175 cc,Việt Nam,16,3647.058823529412,air blade fi 2010 bs tứ quý bán cho ae đam mê xe bs tứ quý xe không 9 chủ bán bao tranh chấp máy zing êm mạnh kg lỗi lầm mua đổ xăng là chạy cặp võ truoc sau còn gai bán hoặc giao lưu vision yamaha grande bù không quá 5tr xe mới bảo dưỡng 1tr còn hoá đơn cảm ơn chợ tốt duyệt tin,0,1,0,0,1,1,0,11237842.875769762,-4337842.875769762
4600000.0,6 tr,7.05 tr,Honda,Lead,81446,Tay ga,100 - 175 cc,Nhật Bản,17,4524.777777777777,bán xe lead 110 xe đang trong tình trạng tốt dàn áo thì xuống theo năm tháng rồi sử dụng để chở hàng hay đi lại đều tốt xe mình không sử dụng nữa bán cho ae về chạy kiếm tiền chứ k nuôi thấy thợ gì nha xăng nhớt vào bào 1 2 năm vô tư chở hàng thì xuất sắc luôn,0,0,0,0,0,0,0,9953518.807631072,-5353518.807631072
15800000.0,15.48 tr,18.18 tr,Yamaha,Grande,98000,Tay ga,100 - 175 cc,Việt Nam,12,7538.461538461538,grande 2014 chính chủ grand 2014 chính chủ công chứng uỷ quyền mua bán nhanh lẹ xe nha dang sử dung may móc kiểm tra thay nhớt định kị giá 15tr800 liên hệ 137 7e thoại ngọc hầu phú thạnh tân phú hcm,0,0,0,0,0,0,1,10083135.032624299,5716864.967375701
24000000.0,8.59 tr,10.08 tr,Piaggio,Vespa,4500,Tay ga,50 - 100 cc,Nước khác,14,300.0,vesp vespa vxl 125 cc không xử dụng ít đi đồng hồ 4500km không xử dụng nữa cần bán hồ sơ cầm tay chính chủ,0,0,0,0,0,0,1,14519293.944872038,9480706.055127962
26500000.0,24.85 tr,29.17 tr,Honda,Winner X,31000,Tay côn/Moto,100 - 175 cc,Việt Nam,3,7750.0,cần bán xe winnerx tôi cần bán xe winner x xe chính chủ xe 1 đời chủ tình trạng xe còn rất mới máy móc hoạt động tốt mọi chức năng đầy đủ chỉ đổ xăng là chạy thôi mua bán công chứng sang tên liền anh em qua coi xe đảm bảo thích liền giá còn bớt cho anh em nhiệt tình muốn mua,0,0,0,0,0,0,1,24555417.070873488,1944582.9291265123
22000000.0,19.92 tr,23.38 tr,Suzuki,Satria,32000,Xe số,100 - 175 cc,Nước khác,7,4000.0,satria 2019 satria zin 2019 bstp mâm zin còn máy móc zin chính chủ,0,0,0,0,0,1,1,17989086.672591113,4010913.3274088874
15000000.0,8.66 tr,10.17 tr,Honda,Air Blade,35000,Tay ga,100 - 175 cc,Việt Nam,17,1944.4444444444443,nhà nhìu xe cần bán bớt xe đã lên dàn áo thái còn mới xe ít đi cần bán bớt cho rộng chỗ,0,0,0,0,0,0,0,9974666.19507751,5025333.804922489
55000000.0,41.9 tr,49.18 tr,Yamaha,Exciter,2000,Tay côn/Moto,100 - 175 cc,Việt Nam,16,117.6470588235294,ex 2010 dọn mới từ trong ra ngoài yamaha exciter2010 5p71 phục dựng lại từ trong ra ngoài biển số saigon chính chủ dàn máy 65zz dên thay tay lòng ycs bình redleo bao êm còn lực hay không ae qua test trực tiếp xé bịt ron phốt bạc đạn cao su full xe mâm enkie mẫu brt vỏ michelin dĩa x1r hãng phuộc sau redleo hãng v v xe dọn tâm huyết từ miếng ron con tán anh em đừng so sánh với xe dọn dàn ngoài tội nghiệp em em ban có 58 ae nào dễ thương em bớt mạnh,0,0,0,0,0,0,1,42855411.11111111,12144588.888888888
15500000.0,10.24 tr,12.02 tr,Honda,Wave,65845,Xe số,50 - 100 cc,Nhật Bản,21,2992.954545454545,wave zx 2005 bstp k9c có cccd chủ wave zx đầu 51 bstp k9c có cccd chủ máy zin êm ru áo zin hãng mới thay sườn bao đẹp k mục lủng phuộc sau fu1 zin nhún bao êm ae về chỉ đổ xăng là chạy k sửa chửa,0,0,0,0,0,1,0,10444927.451002007,5055072.548997993
6300000.0,7.18 tr,8.43 tr,Hãng khác,Dòng khác,58000,Xe số,Dưới 50 cc,Không rõ,9,5800.0,cub 50 đời mới cần bán chiếc cub 50 đời mới bs tỉnh 36 bao tranh chấp mua bán lạy nhà máy zin êm như xe điện bình đề đầy đủ,0,0,0,0,0,1,0,7994751.9978041835,-1694751.9978041835
52000000.0,57.96 tr,68.03 tr,Honda,SH,23000,Tay ga,100 - 175 cc,Việt Nam,8,2555.555555555556,bán sh việt nam 125i cbs bstp chính chủ cần bán sh việt nam 125i cbs bstp chính chủ xe nguyên zin chưa qua sửa chữa cặp vỏ còn zin theo xe từ hãng cavet màu đen hiện đang sơn màu xanh xi măng có trầy theo năm tháng có gắn sẵn bộ chống trộm phụ kiện kèm theo còn sách hướng dẫn sổ bảo hành 2 chìa khoá smk xe cam kết nguyên zin không đúng tặng xe chạy rất mạnh êm không tiếng động lạ và rất lợi xăng,0,0,0,1,0,1,1,62938449.00453813,-10938449.004538126
10800000.0,22.15 tr,26 tr,Honda,Wave,3100,Xe số,100 - 175 cc,Không rõ,27,110.71428571428572,wave s110 xe zin còn rất mới tinh trang xe nguyen zi n còn rất đẹp ae cày bừa chở hàng bstp chính chủ bao công chứng,0,0,0,0,0,1,1,12085262.702627799,-1285262.7026277985
29900000.0,29.98 tr,35.19 tr,Honda,Scoopy,22128,Tay ga,100 - 175 cc,Nước khác,4,4425.6,xe honda scooopy nhập khẩu indonesia mẫu 2022 scoopy mẫu 2022 nhập khẩu indonesia dung tích 110 xe nữ đi kĩ biển sô hồ chi minh binh thạnh chính chủ cần đi gấp ưu tiên người thiện chí giá net khách chịu khó lo thủ tục sang tên xem xe quận 7 giờ làm việc,0,0,0,0,0,0,1,36107347.355434455,-6207347.355434455
10000000.0,6.78 tr,7.96 tr,Honda,Wave,99999,Xe số,100 - 175 cc,Việt Nam,17,5555.5,xe wave rsx 110 còn zin máy xe mua năm 2009 đã dán lại decal xe do muốn mới có thể gỡ ra nếu thích ạ do không còn nhu cầu sử dụng nên bán máy còn zin chưa bung mọi người quan tâm có thể liên hệ ạ giá thương lượng,0,0,0,0,0,1,0,10032028.024999393,-32028.02499939315
3900000.0,5.12 tr,6.01 tr,Yamaha,Sirius,12345,Xe số,100 - 175 cc,Nhật Bản,24,493.8,kg dùng nên bán nhà dư con xe sirius của nhật đời đầu máy cực êm bên ngoài có bạc màu tí nhé xe gởi bãi nên có chỗ bị bể như đã chụp hình xe bị tuột bi đề ac mua về thay bi đề là xong xe có cavet đầy đủ viết thêm giấy bao tranh chấp xem xe mua bán tại nhà ac yên tâm,0,0,0,0,0,0,0,6408254.623576943,-2508254.623576943
48000000.0,41.69 tr,48.94 tr,Piaggio,Vespa,27000,Tay ga,100 - 175 cc,Việt Nam,7,3375.0,vespa sprint 2019 chính chủ đồ chơi vespa sprint 2019 iget abs xe máy móc zin 2 chìa 2 kiếng zin đã zô mâm đèn đồ chơi xe chính chủ mua bán công chứng liền giá 48t xem xe dĩ an hoặc linh xuân thủ đức lh,0,0,1,0,0,1,1,44950972.89854006,3049027.1014599428
13500000.0,23.78 tr,27.91 tr,Yamaha,Dòng khác,30000,Tay ga,100 - 175 cc,Nước khác,9,3000.0,xe nhập nguyên chiếc xe yamaha soul mua cửa hàng chỉ có cavet xe và giấy mua bán của cửa hàng xe đang cầm nên mới bán nhanh giá 13tr5 ai mua liên hệ zalo xe có fi nha mọi người,0,1,0,0,0,0,0,17053292.920299925,-3553292.920299925
55000000.0,40.73 tr,47.82 tr,Honda,SH,20000,Tay ga,100 - 175 cc,Việt Nam,18,1052.6315789473683,cần bán gấp xe zin giá còn thương lượng xe zin chính chủ tphcm giá còn thương lượng giao dịch trực tiếp tại tphcm,0,0,0,0,0,1,1,57740000.0,-2740000.0
43000000.0,36.78 tr,43.18 tr,Yamaha,Nvx,22000,Tay ga,100 - 175 cc,Không rõ,4,4400.0,bán xe nvx v2 2022 cần bán nvx v2 đkld 2022 bstp xe trong tình trạng zin đã bảo dưỡng hãng có sổ bảo hành xe đã dán ppf bao check hãng xe ko zin tặng xe xe có trầy do để ghế em bé và đậu xe ngoài bị va quẹt nhẹ có hình tình trạng báo sao xe vậy có fix mạnh ae nói ít làm nhiều,0,0,0,0,0,1,0,37217698.0335268,5782301.966473199
3000000.0,3.25 tr,3.81 tr,Suzuki,Hayate,99999,Tay ga,100 - 175 cc,Không rõ,18,5263.105263157895,đổi xe bán hayate mình mua xe khác nên chuyển nhượng bạn nào đang cần 1 con xe cày cuốc nhé xe đang sử dụng bình thường giấy tờ tay cavet xe đầy đủ và giấy tờ tay từ chủ cũ nhé,0,0,0,0,0,0,0,5048214.806519371,-2048214.8065193715
95000000.0,95.08 tr,111.62 tr,Honda,SH,100000,Tay ga,100 - 175 cc,Nước khác,16,5882.35294117647,sh 150i nhập ý lên sóng sh 150i em thanh lý nhẹ nhàng sh 150i giá 9xtr xe nhập ý nhé chính chủ bao ký xe đang ở lạc long quân tân bình lh mr hoàng,0,1,0,0,0,0,1,102024053.48444445,-7024053.484444454
3600000.0,,,Brixton,Dòng_Khác,50000,Tay côn/Moto,100 - 175 cc,Nước khác,7,6250.0,brixton 150 2019 máy móc ngon bao check ngoại hình hơi dơ do chưa rửa giá cả còn thương lượng giấy tờ chính chủ bao sang tên liên hệ,0,0,0,0,0,0,1,26764066.84206758,-23164066.84206758
66500000.0,61.59 tr,72.3 tr,Honda,PCX,30000,Tay ga,100 - 175 cc,Không rõ,4,6000.0,pcx 160 hstc chính chủ cần ra đi hiện mình cần bán em pcx 160 abc hstc đang sữ dụng xe chính chủ mua từ lúc mới ra đến giờ xe nguyên chưa từng đụng chạm gì hết xe mình ít đi chỉ để đi làm và đi chợ đi gần 4 năm mà 3 vạn thôi là các bác biết rồi xe chưa từng đi xa quá 100km nên các bác cứ yên tâm phụ kiên xe còn đầy đủ 2 chìa 2 kiếng mở yen khan cấp,0,0,0,0,0,0,1,39859990.488526054,26640009.511473946
23000000.0,20.85 tr,24.48 tr,Honda,Future,270000,Xe số,100 - 175 cc,Nhật Bản,7,33750.0,mua xe mới nên cần bán xe không sử dụng nữa xe fuled vào một số đồ chơi phuộc nice ốc full salaya xe đã làm máy vệ sinh,0,0,0,0,0,0,0,19323862.731764704,3676137.268235296
6500000.0,5.1 tr,5.98 tr,Yamaha,Nouvo,9435,Tay ga,100 - 175 cc,Nhật Bản,14,629.0,xe nouvo sx 5 fi do nhu cầu đổi xe mới nên cần thanh lý 1 xe yamaha nouvo 5 fi dòng phun xăng điện tử kg hao xăng xe giấy tờ đầy đủ kg 9 chủ do mua lại của ng quen biển số tp q8 anh chị mua xe em viết giấy mua bán bao tranh chấp photo cccd cjo yên tâm xe hiện trạng như sau máy rất êm láp kg hú đề dể nổ đèn còi đầy đủ dàn áo có trầy theo năm tháng xe chạy mạnh nhích ga rất nhẹ xe đa phần ít đi xa do em làm bảo vệ 24 7 kg đi đâu đc anh chị có nhu cầu xin liên hệ nếu ở xa em fix 1 bình xăng đầy vui vẻ giá còn thương lượng nếu ai có thiện chí mua xin cám ơn chợ tốt,0,1,0,0,0,0,0,5316966.2228856655,1183033.7771143345
6000000.0,6.54 tr,7.68 tr,SYM,Shark,100000,Tay ga,100 - 175 cc,Hàn Quốc,15,6250.0,xe dư ít sử dụngcần bán lại xe dư ít sử dụng cần bán lại xe chính chủ rút hồ sơ dc anh chị quan tâm lh e ạ,0,0,0,0,0,0,1,7154918.068706681,-1154918.068706681
5700000.0,6.06 tr,7.11 tr,Honda,Wave,39000,Xe số,100 - 175 cc,Hàn Quốc,16,2294.1176470588234,wawe hàn quốc xe rất ngon mình cần bán xe như hình xe giấy tờ đầy đủ nha mình mới mua xe nên bán lại cho ai cần mong gặp người thiện chí cần mua mình k cần quảng cáo nhiều mọi người đến xem xe sẽ biết ngay cảm ơn mọi người,0,0,0,0,0,0,0,7899110.487975806,-2199110.487975806
11000000.0,9.85 tr,11.56 tr,Honda,Air Blade,40000,Tay ga,100 - 175 cc,Việt Nam,15,2500.0,bán xe ab 2011 chính chủ bstp xe nhà nữ đi bảo dưỡng định kỳ do có nhu cầu đổi xe vì xe khá nặng so với nữ nên cần bán lại giá 11tr xe mua về để đi ngon có thể xem lại xích cam vỏ trước hơi mòn liên hệ đi cuối tân kỳ tân quý giao quốc lộ 1a lê đức anh quẹo liên khu 5 6 đến đường số 10 đối diện chùa huyền quang,0,1,0,0,0,0,1,10532719.76354196,467280.2364580408
68000000.0,59.13 tr,69.42 tr,Piaggio,Vespa,18000,Tay ga,100 - 175 cc,Việt Nam,3,4500.0,cần bán gấp em vespa sprint 150cc dk 6 2023 mình chính chủ cần ra đi em vespa sprint 150 6 2023 xe lên style picnic xem xe thủ đức xe biển tp đà lạt thương lượng cho anh em mau lẹ xe công chứng sang tên trong ngày,0,0,0,0,0,0,1,60430727.07134912,7569272.928650878
3500000.0,3.11 tr,3.65 tr,SYM,Attila,18000,Tay ga,100 - 175 cc,Không rõ,16,1058.8235294117646,bán xe attila đĩa bay biển số thành phố mình không có nhu cầu sử dụng cần bán lại chiếc xe attila địa bay biển số thành phố xe đẹp long lanh giấy tờ hợp lệ biển số thành phố bao việc giấy bao tranh chấp toàn quốc xe đẹp máy em bình đề xi nhan đầy đâu,0,0,0,0,0,0,0,4389724.607705985,-889724.6077059852
28000000.0,28.44 tr,33.39 tr,Yamaha,Exciter,62000,Tay côn/Moto,100 - 175 cc,Không rõ,4,12400.0,bán exciter 150 đen cam đời 2019 cần ra đi em exciter màu đen cam đời 2019 đăng ký 2022 xe chính chủ 1 đời chủ biển số thành phố số đẹp 9 nút chưa bung máy vừa làm nồi và vệ sinh xe đã xuống bánh nhỏ tặng luôn đèn trợ sáng vừa làm lúc làm 2triệu mấy để đi phượt mua về chỉ có chạy xe nhà chạy nên trau chuốt kĩ mới ken bao ae lướt do nhà chật cần bán chứ hơi tiếc vì gắn bó cũng nhiều cung đường phượt xa xe chạy êm ru côn bao lanh ae cần xem xe alo long đẹp trai bớt chút lộc cho ae có thiện chí mua,0,1,0,0,1,0,1,26749804.9756014,1250195.0243985988
10000000.0,15.04 tr,17.66 tr,Piaggio,GTS,123456,Tay ga,100 - 175 cc,Việt Nam,19,6172.8,vespa gts 125 bstp để chật nhà nên bán vespa gts 125 2007 xe như hình đã lên đèn led trước mặt nạ trước máy êm xe nghiêm chỉnh bstp giấy tờ không chính chủ đầy đủ hợp lệ bán tại nhà bao tranh chấp mọi hình thức giá 10t ae có nhu cầu lh 0 3 6 8 3 6 5 1 8 8 đến nhà 43 lê quang sung p2q6 xem xe trực tiếp nha,0,0,0,0,0,0,1,10755078.187052676,-755078.1870526765
4500000.0,5.81 tr,6.82 tr,Honda,Lead,44488,Tay ga,100 - 175 cc,Việt Nam,18,2341.4736842105262,nhà đi cần bán nhà dư chiếc xe tay ga cần bán giấy tờ đầy đủ viết giấy bao tranh chấp tại nhà máy êm lắp ko hú nha,0,0,0,0,0,0,0,9942648.377637163,-5442648.377637163
17000000.0,20.1 tr,23.6 tr,Suzuki,Raider,30000,Tay côn/Moto,100 - 175 cc,Nhật Bản,6,4285.714285714285,raider 17tr cần ra đi em raider giá sinh viên cho anh em đam mê xe giấy tờ đầy đủ hổ trợ sang tên nhanh gọn lẹ cho anh em nhiệt tình có thiện chí mình ở linh trung thủ đức gọi điện thoại xem xe trực tiếp,0,0,0,0,0,0,0,23345093.758935288,-6345093.758935288
5300000.0,4.53 tr,5.31 tr,Yamaha,Taurus,34017,Xe số,50 - 100 cc,Nhật Bản,16,2001.0,nhà dư xe bán bớt nhà dư xe bán bớt ae nào cần thì alô mình,0,0,0,0,0,0,0,5816255.28124079,-516255.28124079015
21500000.0,12.64 tr,14.84 tr,Honda,Air Blade,99999,Tay ga,100 - 175 cc,Thái Lan,16,5882.294117647059,honda air blade thái fi 2010 bstp cầm đồ thanh lý honda air blade thái lan fi đời 2010 bstp xe zin êm dàn áo cũ theo năm tháng mua xe bao tranh chấp có chứng minh chủ xe vui lòng gọi không nhắn tin,0,1,0,0,0,1,0,14807351.069641476,6692648.9303585235
28500000.0,26 tr,30.52 tr,Yamaha,PG-1,3000,Xe số,100 - 175 cc,Việt Nam,2,1000.0,nhận mua bán giao lưu các dòng xe xe 9 chủ yamaha pg 1 8 2024 xanh xi măn odo 3000 km đủ phụ kiện xe đẹp như mới giá 28 5tr biển sg chính chủ sang tên hoặc uỷ quyền anh em quan tâm mua bán trao đổi xe gọi em xem xe mua bán tại nhà,0,0,0,0,0,0,1,28407712.16631989,92287.83368010819
16500000.0,15.73 tr,18.46 tr,Yamaha,Exciter,92000,Tay côn/Moto,100 - 175 cc,Việt Nam,9,9200.0,bán ex150 chính chủ bstp đỏ đen 2017 do mua tay ga nên bán lại xe mới đi 5 năm đang trùm mềm 2 năm ở nhà bộ áo tem còn nguyên chính hãng máy êm mượt mà có trầy theo năm tháng sử dụng giá còn thương lượng ai có thiện chí mua xe sđt mr trung,0,0,0,0,0,0,1,17173204.49125585,-673204.4912558496
10200000.0,6.31 tr,7.4 tr,Honda,Dòng khác,100000,Tay côn/Moto,100 - 175 cc,Nhật Bản,18,5263.1578947368425,dư dùng cần bán bao tranh chấp xe đẹp vỏ ruột mới thay mua về là vi vu ko cần sửa chữa,0,0,0,0,0,0,0,10800197.542529184,-600197.5425291844
7000000.0,7.34 tr,8.61 tr,Honda,Lead,66666,Tay ga,100 - 175 cc,Việt Nam,15,4166.625,honda lead 110 đời cao mình cần bán xe như hình máy móc êm ái đới cuối của lead 110 gạt chống tắt máy giấy tờ có cavet ghi giấy mua bán bct ai có như cầu alo hoặc nt cũng được,0,0,0,0,0,0,0,9942648.377637163,-2942648.377637163
6500000.0,6.23 tr,7.31 tr,Yamaha,Sirius,40000,Xe số,100 - 175 cc,Nhật Bản,15,2500.0,sirius nhật bstp chính chủ bán xe sirius nhật như hình xe bstp chính chủ máy zin có kêu nhẹ dàn ngoài hơi tàn cổ pô xì bán nhanh cho ae nào cần,0,0,0,0,0,1,1,7295384.023245793,-795384.0232457928
12000000.0,14.57 tr,17.1 tr,Honda,Winner,300000,Tay côn/Moto,100 - 175 cc,Nhật Bản,8,33333.333333333336,winner v1 xe chính chủ cc mua bán gặp thành nhanh nhanh nhanh,0,0,0,0,0,0,1,16670997.728930924,-4670997.728930924
2100000.0,2.59 tr,3.04 tr,SYM,Attila,45000,Xe số,100 - 175 cc,Đài Loan,20,2142.8571428571427,sym attila victoria để bán 2006 45 000km cài đặt bộ lọc không khí sạch và mới được cài đặt bộ chế hòa khí vừa được vệ sinh những cú sốc trở lại hơi cũ có thể có hơn 45 000km vì đồng hồ tốc độ không hoạt động và đồng hồ đo nhiên liệu không hoạt động nó hoạt động bình thường không tuyệt vời và không xấu xe máy bao gồm chứng chỉ đăng ký xe,0,1,0,0,0,0,0,4237642.701106592,-2137642.701106592
32500000.0,26.28 tr,30.85 tr,Suzuki,GSX,25000,Tay côn/Moto,100 - 175 cc,Nước khác,6,3571.428571428572,suzuki bandit máy zin chăm kĩ cần bán bs tỉnh vt một chủ từ đầu mình đứng tên xe chạy đi làm hằng ngày chưa té ngã gì cặp vỏ mechelin pilot còn mới xe thay nhớt chuẩn chỉnh theo cây số mình ở q7 ai có nhu cầu nhắn tin nhé cảm ơn mọi người xem tin,0,0,0,0,0,1,0,24041938.224922407,8458061.775077593
7200000.0,7.1 tr,8.34 tr,Honda,Wave,23663,Xe số,100 - 175 cc,Nhật Bản,20,1126.809523809524,wave honda bán chiếc wave như hình máy móc êm giấy tờ đầy đủ bao tranh chấp ac nào có nhu cầu liên hệ e,0,0,0,0,0,0,0,8670073.105083374,-1470073.1050833743
10950000.0,7.24 tr,8.49 tr,Yamaha,Sirius,50,Xe số,50 - 100 cc,Nhật Bản,13,3.571428571428572,xe zin êm chính chủ nhà đang chạy xe zin ít đi xe nhà đang chạy xe bảo trì định kỳ mỗi tháng thay nhớt sạch sẽ máy móc con nguyên zin ko tiếng động lạ êm ru như xe điện ai co nhu cầu liên hệ e nhe,0,0,0,0,0,1,1,7708908.469196666,3241091.530803334
16500000.0,13.61 tr,15.98 tr,Yamaha,Exciter,80000,Tay côn/Moto,100 - 175 cc,Việt Nam,12,6153.846153846154,cần bán ex 135 giá cả thương lượng máy móc ok dàn áo còn mới mới bảo dưởng xong lh,0,0,0,0,0,0,0,15035486.877060518,1464513.1229394823
13500000.0,8.71 tr,10.22 tr,Yamaha,Luvias,48000,Tay ga,100 - 175 cc,Việt Nam,11,4000.0,luvias fi bstp chính chủ fix thiện chí gọi ạ luvias fi 2015 bstp chính chủ máy móc zin chưa đụng chạm mua gọi dùm cảm ơn xe nhà đi ko phải thầy bùa bán miễn ép giá,0,0,0,0,0,1,1,12254464.88779884,1245535.1122011598
149000000.0,411.06 tr,482.54 tr,BMW,Dòng_Khác,20000,Tay côn/Moto,Trên 175 cc,Không rõ,10,1818.1818181818185,bán xe bmw s1000rr 2016 nhập đức trùm mền bỏ chơi đã lâu cần thanh lí cá mập bmw s1000rr 2016 hàng nhập nguyên con từ đức xe ko xài đến chủ yếu trưng bày trùm mền bỏ kho đã lâu nay thanh lí cho ae cùng đam mê chạy sân chạy track fix cho ae đam mê,0,0,0,0,0,0,0,65885376.23112729,83114623.76887271
86000000.0,62.76 tr,73.68 tr,Honda,SH,9000,Tay ga,100 - 175 cc,Không rõ,7,1125.0,xe sh 150i abs xám mới 96 chính chủ ít dùng do ít nhu cầu sử dụng mình cần bán xe sh 150i abs màu xám biển q1 tp hcm xe nhà dùng kỹ ít đi a c có nhu cầu liên hệ mình chính chủ hoàng bao thợ kiểm tra test thoải mái ah,0,0,1,0,0,0,1,76682433.01127215,9317566.988727853
4200000.0,22.15 tr,26 tr,Honda,Wave,20000,Xe số,100 - 175 cc,Việt Nam,27,714.2857142857143,wave tq 54zz wave nhỏ máy đã làm 54zz thắng đĩa máy mới làm êm mạnh còn đầy đủ dàn áo baga chở hàng cho ae,0,0,0,0,0,0,0,9201651.250079257,-5001651.250079257
28500000.0,32.36 tr,37.99 tr,Honda,Air Blade,25000,Tay ga,100 - 175 cc,Việt Nam,5,4166.666666666667,bán xe để mua xe mới xe có giấy uỷ quyền mn quan tâm liên hệ nhé có fix thêm cho bạn nào mua thiện chí nhé,0,0,0,0,0,0,0,34535797.874621354,-6035797.874621354
12300000.0,11.69 tr,13.72 tr,Honda,Wave,9999,Xe số,100 - 175 cc,Nước khác,7,1249.875,honda wave alpha date 2019 honda wave alpha date 2019 xe chính chủ 1 đời chủ ngoại hình 95 xe em chạy kĩ dàn áo cứng cáp không gãy pát xe máy móc nguyên zin bao chưa chẻ máy bộ nồi được làm lại canh chỉnh rất tọt nhích ga là đi lọc nhớt nhớt đã được thay mới hoàn toàn lớp bánh thanh mới hoàn toàn cả trước lẫn sau còn chỉ bánh của nhà sản xuất dàn nhựa liền lạc bao đâm đụng té ngã ngập lội thuỷ kích full ốc titan theo xe hỗ trợ bảo hành máy móc điện đóm 3 6 tháng call me em phú mua bán giao dịch trực tiếp tại nhà,0,0,0,0,0,1,1,12927786.351784894,-627786.3517848942
4900000.0,3.72 tr,4.37 tr,Suzuki,Hayate,39000,Tay ga,100 - 175 cc,Thái Lan,16,2294.1176470588234,xe hayate xe rất ngon bán rẻ bèo mình cần bán xe như hình xe giấy tờ đầy đủ nha mình mới mua xe nên bán lại cho ai cần mong gặp người thiện chí cần mua mình k cần quảng cáo nhiều mọi người đến xem xe sẽ biết ngay cảm ơn mọi người,0,0,0,0,0,0,0,5288009.7325959,-388009.7325959001
16900000.0,20.8 tr,24.42 tr,Honda,Vision,27000,Tay ga,100 - 175 cc,Việt Nam,7,3375.0,vision 2019 siêu đẹp biển 69b1 cần bán lại vision xe đăng kí 2019 dàn ngoài như hình siêu đẹp máy móc zin cực kỳ êm biển số 69b1 cà mau lúc mua kí khó nên chụp cccd chủ xe nay bán tại nhà bao tranh chấp,0,0,0,0,0,1,0,23254430.853113834,-6354430.853113834
24000000.0,23.9 tr,28.06 tr,Piaggio,GTS,36000,Tay ga,100 - 175 cc,Nước khác,11,3000.0,vespa gts 2015 24 triệu giá chỉ 24 triệu vespa gts 125 3vie biển số hcm màu trắng date 6 2015 xe ít đi nên chỉ 36 000km máy móc siêu êm ái tất cả chức năng điện đóm đèn congtomet ổn định sử dụng giấy tờ đầy đủ bán bao tranh chấp địa chỉ xem xe quận 8 xin cảm ơn,0,0,0,0,0,0,0,20346278.89984243,3653721.10015757
38000000.0,36.71 tr,43.09 tr,Honda,SH,30,Tay ga,100 - 175 cc,Việt Nam,12,2.3076923076923075,cần bán xe sh 125cc lên ý bstp chính chủ ký khó cần bán xe sh 125cc dk 2014 lên ý bstp chính chủ ký khó giao cccd chủ xe máy zin êm dàn áo leng keng giá 3x lớn,0,1,0,0,0,1,1,45681333.333333336,-7681333.333333336
16800000.0,8.59 tr,10.08 tr,Piaggio,Vespa,40000,Tay ga,100 - 175 cc,Việt Nam,14,2666.6666666666665,vespa s 125 2012 bstp chính chủ zin vespa s 125 2012 biển số thành phố chính chủ máy móc nguyên zin màu xanh đen còn rất đẹp xe mới vô hãng vespa bảo dưỡng thay thế hầu như toàn bộ những chi tiết hao mòn để cho cháu đi nhưng giờ cháu đậu đi du học nên bán lại bao dẫn thợ hoặc đem ra hãng kiểm tra giá 16 triệu 800 ngàn xem xe hẻm 326 phan đình phùng quận phú nhuận,0,0,0,0,0,1,1,13390154.81724801,3409845.182751991
78000000.0,58.13 tr,68.25 tr,Honda,SH,46000,Tay ga,100 - 175 cc,Việt Nam,8,5111.111111111111,nhà dư xe nên bán nhà không có nhu cầu sử dụng bán lại cho ae nào cần,0,0,0,0,0,0,0,61091126.327465124,16908873.672534876
9800000.0,7.18 tr,8.43 tr,Hãng khác,Dòng khác,12345,Xe số,Dưới 50 cc,Thái Lan,9,1234.5,xe số wave 50cc 2017 wave 50cc không cần bằng lái học sinh chạy thoải mái,0,0,0,0,0,0,0,8982440.01769674,817559.9823032599
53000000.0,52.54 tr,61.68 tr,Honda,SH Mode,99999,Tay ga,100 - 175 cc,Nhật Bản,3,24999.75,cần bán xe máy như hinh bán xe máy chính chủ xe zin zin 53 trieu,0,0,0,0,0,1,1,58735492.59701472,-5735492.597014718
53000000.0,41.61 tr,48.85 tr,Yamaha,Exciter,9999,Tay côn/Moto,100 - 175 cc,Việt Nam,16,588.1764705882352,ex 5p71 bstp 9c máy zin đẹp xe ít đi cần bán lại 5p71 côn tay máy êm bô tóc tóc bstp 9chu em đứng tên xe máy êm ngon zin về chỉ việc đổ xăng chạy ae cần qua xem trực tiếp thương lượng,0,0,0,0,0,1,0,41919937.272586025,11080062.727413975
25000000.0,19.45 tr,22.83 tr,Honda,Spacy,100000,Tay ga,100 - 175 cc,Nhật Bản,26,3703.703703703704,bán xe đã dùng liên tục 25 năm có sửa chữa trên 5 lần,0,0,0,0,0,0,0,18380218.24910841,6619781.750891589
77000000.0,70.02 tr,82.2 tr,Honda,SH,18000,Tay ga,100 - 175 cc,Không rõ,5,3000.0,thanh lý xe cá nhân sh150 2021 cbs bstp xe chính chủ sang tên nhanh gọn odo hơn 18 000 ngoại hình như ảnh còn mới keng xem xe trực tiếp ở thủ đức để được đàm phán giá tốt thiện chí vẫn có fix lấy lộc đầu năm lh hoặc ib trực tiếp,0,1,0,0,0,0,1,80198780.68098101,-3198780.68098101
90000000.0,65.67 tr,77.09 tr,Honda,Rebel,50000,Tay côn/Moto,Trên 175 cc,Thái Lan,8,5555.555555555556,cần tiền bán xe chính chủ xe 300 phân khối một chủ sử dụng từ đầu chạy ít trùm mền,0,0,0,0,0,0,1,72211234.79719217,17788765.20280783
19000000.0,18.56 tr,21.79 tr,Honda,Vision,123456,Tay ga,100 - 175 cc,Không rõ,8,13717.333333333334,batp máy chưa rớt mây zin êm chưa rớt bstp đi lâu ngày lạc cccd bán bao tranh chấp trọn đờip,0,0,0,0,0,1,0,19293598.360066324,-293598.3600663245
9500000.0,5.34 tr,6.26 tr,SYM,Venus,39999,Tay ga,100 - 175 cc,Đài Loan,12,3076.846153846154,xe đẹp máy êm ok xe đẹp máy êm chayp ok dán áo đẹp xe ok lắm có bớt cà phô,0,0,0,0,0,0,0,7298461.725379287,2201538.2746207127
5599000.0,4.01 tr,4.71 tr,Yamaha,Nouvo,25000,Tay ga,100 - 175 cc,Nhật Bản,16,1470.5882352941176,xe máy zin bstp 55 xe còn khá mới mình chạy và bảo dưỡng kỹ máy êm tiết kiệm xăng vì hệ thống phun xăng còn tốt mình bớt chút lộc đầu năm cho bạn nào có nhã ý mua sử dụng xe biển 55 quận tb tphcm cảm ơn mọi người xem tin,0,1,0,0,0,1,0,5385986.53836493,213013.46163506992
37000000.0,34.12 tr,40.05 tr,Honda,Air Blade,30000,Tay ga,100 - 175 cc,Việt Nam,4,6000.0,bán xe ab2022 bs 86 trầy ít chổ xe nữ đi còn mới trầy ít lh em,0,0,0,0,0,0,0,36583662.15802672,416337.8419732824
3800000.0,4.44 tr,5.22 tr,Honda,@,42000,Tay ga,100 - 175 cc,Không rõ,20,2000.0,xe trream nhật cần bán một xe tream nhật xe đẹp máy cực kỳ êm điện đề đầy đủ giấy tờ đầy đủ biển số thành phố bao tranh chấp mua về đi chợ hay chở hàng đều ok hết xe chưa dặm tút máy móc nguyên zin không giọt nhớt thì thầm mua về không cần chỉnh sửa gì thêm ai có nhu cầu sử dụng alo tôi bớt cà phê cho ai mau lẹ giá rẻ hơn một con wave trung quốc,0,0,0,0,0,1,0,10924906.672166115,-7124906.672166115
8500000.0,9.81 tr,11.51 tr,Piaggio,Liberty,12345,Tay ga,100 - 175 cc,Nhật Bản,11,1028.75,bán piaggio liberty sport bán piaggio liberty sport đầu dù xe máy zin chạy nhẹ giấy tờ đầy đủ bao tranh chấp có cccn chủ xe ai có nhu cầu mua alo mình,0,0,0,0,0,1,0,15152915.735011702,-6652915.735011702
60000000.0,45.34 tr,53.22 tr,Piaggio,Vespa,17337,Tay ga,100 - 175 cc,Không rõ,4,3467.4,bán vespa s 125 biển tp xe cao nên muốn đổi xe khác cho gđ chạy xe cá nhân nên chạy giữ kĩ máy êm zin 100 còn dán full keo 17 000km cho ae nào có thiện chí ib zalo hoàng vinh,0,0,0,0,0,1,0,62254386.13238614,-2254386.1323861405
12500000.0,9.51 tr,11.16 tr,Honda,Blade,40000,Xe số,100 - 175 cc,Việt Nam,9,4000.0,xe wave blade 110 đen trắng 2017 9c xe honda wave blade 110 trắng đen bánh mâm thắng dĩa 2017 xe máy móc nguyên zin êm vỏ nsd bố thắng mới thay xe bstp 9c giấy tờ hợp lệ công chứng,0,0,0,0,0,1,0,9995613.520425742,2504386.4795742575
13000000.0,15.97 tr,18.75 tr,Honda,Air Blade,33333,Tay ga,100 - 175 cc,Việt Nam,11,2777.75,xe ab209 fi chính chủ xe đẹp len keng nhớt thay sẵn về chỉ chạy máy bao êm hk hú láp ae thử là thích liền do kẹt tiền lo việc nhà nên bán gấp thanks chợ tốt duyệt tin,0,0,0,0,0,0,1,16026912.426397912,-3026912.426397912
25000000.0,26.94 tr,31.63 tr,Honda,Future,20000,Xe số,100 - 175 cc,Việt Nam,18,1052.6315789473683,ban xe future 2008 fi chính chủ mới đẹp giá rẻ nhà dư xe nên cần bán chiếc xe future neo fi 2008 chính chủ mới đẹp xe đời 2008 máy móc zin giấy tờ chính chủ bao công chứng giá mong muốn 25tr còn thương lượng cho khách thiện chí lh,0,0,0,0,0,1,1,34544020.23096968,-9544020.230969682
40000000.0,14.27 tr,16.75 tr,Honda,Future,29300,Xe số,100 - 175 cc,Nhật Bản,24,1172.0,xe future1 đời 2002 xe honda future còn mới 90 liên hệ để được tư vấn cụ thể,0,0,0,0,0,0,0,18204317.676275026,21795682.323724974
16000000.0,4.3 tr,5.05 tr,Honda,Dòng khác,50,Xe số,50 - 100 cc,Không rõ,40,1.2195121951219512,cần bán gấp xe cổ ss 50 giá chỉ 16 triệu còn tl xe còn mới di chuyển chưa được nhiều dành cho những anh em có niềm đam mê với xe cần thông tin hoặc muốn xem xe ngay cứ liên hệ ngay cho em tín để hỗ trợ nha,0,0,0,0,0,0,0,10286691.313590193,5713308.686409807
11000000.0,9.06 tr,10.64 tr,Honda,Air Blade,35,Tay ga,100 - 175 cc,Việt Nam,14,2.333333333333333,xe bán chính chủ xe chạy ngon máy móc im mua về là chạy xe chính chủ mua bán xong ra phòng công chứng luôn,0,0,0,0,0,0,1,10545321.115540912,454678.8844590876
64000000.0,51.39 tr,60.33 tr,Piaggio,Vespa,170000,Tay ga,100 - 175 cc,Nước khác,5,28333.33333333333,vespa print 150cc dk 2021 mình cần bán lại cho anh chị nào có nhu cầu vespa sprint 150cc đen dk 2021 có vết xước nhẹ khi đỗ xe ở chung cư biển tỉnh có thể sang tên hoặc ủy quyền od 17 000 bảo dưỡng thay dầu full lịch sử cbh 14000 cây ở hãng máy móc zin cực bốc gdtt sg,0,0,0,0,0,1,0,63605075.613787755,394924.38621224463
11500000.0,14.89 tr,17.48 tr,Honda,Wave,4567,Xe số,50 - 100 cc,Việt Nam,25,175.65384615384616,bán xe way alpha lốc đen đời đầu biển số tp dư xài nên bán xe tâm huyết xe giấy tờ đầy đủ không chính chủ ai nua lên nhà xem xe,0,0,0,0,0,0,1,10125122.24257685,1374877.7574231494
21000000.0,19.33 tr,22.69 tr,Suzuki,Satria,39000,Tay côn/Moto,100 - 175 cc,Nước khác,8,4333.333333333333,satria indo bstp chính chủ kẹt tiền nên bán chính chủ kí giấy mua bán uỷ quyền một nốt nhạc giá còn thương lượng,0,0,0,0,0,0,1,25278779.111931413,-4278779.111931413
43000000.0,29.84 tr,35.04 tr,Piaggio,Liberty,1400,Tay ga,100 - 175 cc,Việt Nam,2,466.6666666666667,cần bán lại chiếc piaggio liberty 125 25th dư dùng nên mình cần bán lại chiếc piaggio liberty 125 25th xe chính chủ quan tâm ib em để biết thêm thông tin,0,0,0,0,0,0,1,53325079.06025429,-10325079.06025429
16000000.0,16.04 tr,18.83 tr,Honda,Winner,56000,Tay côn/Moto,100 - 175 cc,Nước khác,7,7000.0,winner 2019 winner 2019 đen vàng đồng odo 56k biển số tp quận 4 giấy tờ chính chủ bao ký giấy đang đi mâm rcb 6 cây full pxl cơ bản dàn ngoài còn đẹp 95 máy zin êm thin thít mua về chỉ việc đổ xăng thay nhớt là chạy giá 16tr còn thương lượng có nhận làm máy cho những anh thích bay bổng,0,1,0,0,0,1,1,19110587.66299032,-3110587.6629903205
14500000.0,17.08 tr,20.05 tr,Honda,Winner X,40000,Tay côn/Moto,100 - 175 cc,Nhật Bản,6,5714.285714285715,winner x 2020 xe k9c ký giấy bao tranh chấp dàn ngoài liền lạc đầy đủ chức năng bộ nồi 5 lò xo chính hãng uma racing hyper clutch tay thắng bình dầu rời adelin,0,1,0,0,0,0,0,20375411.05100977,-5875411.0510097705
10500000.0,7.97 tr,9.36 tr,Honda,Wave,40,Xe số,100 - 175 cc,Nhật Bản,12,3.076923076923077,xe chính chủ sang tên được nha cần lên đời tay ga nên để lại cho ae nào yêu xe quay,0,0,0,0,0,0,1,9255655.725874715,1244344.2741252854
4200000.0,6.82 tr,8.01 tr,Honda,Wave,300000,Xe số,50 - 100 cc,Nhật Bản,18,15789.473684210529,xe wave đi làm bán cho ai cần giấy tờ đầy đủ máy êm đủ chức năng xe còn rất đẹp đi cày bừa tốt kv hcm có ship,0,0,0,0,0,0,0,9633400.255126392,-5433400.2551263925
3000000.0,3.76 tr,4.41 tr,Hãng khác,Dòng khác,300000,Xe số,50 - 100 cc,Trung Quốc,26,11111.111111111111,cần bán gấp xe win indo xe đang chạy ngon lành nha ae,0,0,0,0,0,0,0,5529964.318768134,-2529964.3187681343
42000000.0,40.04 tr,47 tr,Honda,PCX,13444,Tay ga,100 - 175 cc,Việt Nam,8,1493.7777777777778,pcx 125 2018 siêu mới 13 444km bstp cần bán chiếc xe pcx 125 đời cuối 2018 khoá smatkey xe bstp chính chủ đứng tên xe rất ít chạy odo mới 13 444km dán keo nguyên xe xe còn đẹp như xe hãng dắt ra động cơ 125 fi rất tiết kiệm xăng dòng này chạy cực kì im nhẹ dàn áo zin sơn zin liên hệ,0,0,0,0,0,1,1,35551675.718092375,6448324.2819076255
6800000.0,20.64 tr,24.23 tr,Yamaha,Dòng khác,36000,Tay ga,100 - 175 cc,Nhật Bản,9,3600.0,bán xe lumias đã chạy được 36000km nhưng xe còn tốt và phụ tùng đẩy đủ không trầy xước,0,0,0,0,0,0,0,15161682.789189005,-8361682.789189005
4000000.0,4.04 tr,4.74 tr,Yamaha,Nouvo,70000,Tay ga,100 - 175 cc,Không rõ,16,4117.64705882353,cần bán nouvo còn tốt có giấy tờ đầy đủ cần gả em nó về chủ mới xe còn tốt chạy xa không hao xăng xe người dùng bán lại giá cả còn thương lượng mn quan tâm liên hệ ạ,0,0,0,0,0,0,0,5163452.607686679,-1163452.6076866789
29000000.0,16.25 tr,19.08 tr,Piaggio,Liberty,1700,Tay ga,100 - 175 cc,Nước khác,9,170.0,cụ cọp cụ cọp 1700km leng keng chính chủ bao ký 1p30s,0,1,0,0,0,0,1,20950749.2925288,8049250.707471199
16000000.0,19.01 tr,22.31 tr,Suzuki,Dòng khác,28000,Tay ga,100 - 175 cc,Nhật Bản,8,3111.1111111111118,suzuki address 110 xe nhà chạy chủ yếu để đi chợ không đi xa nhiều biển số saigon chính chủ bao công chứng nhớt thay đinh kỳ hãng bao êm tiết kiệm xăng có tặng luôn thùng givi pát,0,0,0,0,0,0,1,15750309.393129228,249690.60687077232
11000000.0,9.54 tr,11.2 tr,Yamaha,Sirius,31649,Xe số,100 - 175 cc,Việt Nam,7,3956.125,cần bán xe chính chủ giấy tờ đầy đủ cần bán xe sirius 2019 odo 31649 chính chủ giấy tờ đầy đủ,0,0,0,0,0,0,1,11748052.526323551,-748052.5263235513
9800000.0,9.92 tr,11.65 tr,Nioshima,Nio Fi 50cc,4000,Tay ga,Dưới 50 cc,Không rõ,5,666.6666666666666,bán xe tay ga 50cc hãng nioshima xe tay ga 50cc nioshima đã sử dụng biển số quận gò vấp địa chỉ xem xe an phú đông quận 12,0,0,0,0,0,0,0,14622728.803028282,-4822728.803028282
34800000.0,34.12 tr,40.05 tr,Honda,Air Blade,10000,Tay ga,100 - 175 cc,Việt Nam,4,2000.0,airblade 125 biển tphcm chính chủ ab_125 xanh đen 34tr800 _biển sài gòn 𝑐ℎ𝑖 𝑛ℎ 𝑐ℎ𝑢 1 đời chủ _cam kết 𝐌𝐚 𝐲 𝐦𝐨 𝐜 𝐧𝐠𝐮𝐲𝐞 𝐧 𝐳𝐢𝐧 100 đầu chưa mở _ odo 10 000km _máy cực kì êm mọi chức năng đều hoạt động tốt _ngoại hình cực kì đẹp áo mới lột keo ko trầy _ xe 1 đời chủ kí giấy uỷ quyền mua bán tại phòng công chứng _ giá 34tr800 fix cf xăng cộ thương lượng trực tiếp _xem xe tại nhà đầm sen q11 gọi trực tiếp hoặc nhắn zl giúp e,0,0,0,0,0,0,1,37899472.577528045,-3099472.5775280446
2500000.0,5.43 tr,6.37 tr,Hãng khác,Dòng khác,300000,Xe số,50 - 100 cc,Trung Quốc,36,8108.108108108108,bán cho anh em đi cày xe bình đề giấy tờ đầy đủ bán cho anh em đi cày xe bình đề giấy tờ đầy đủ biển số thanh phố,0,0,0,0,0,0,0,5810033.058894387,-3310033.0588943874
11000000.0,9.73 tr,11.42 tr,Honda,Wave,80000,Xe số,100 - 175 cc,Việt Nam,10,7272.727272727273,bán wave rsx 2016 cần bán xe wave rsx 2016 odo 80000 xe còn keo chính chủ sang tên nhanh gọn giá mong muốn 11tr,0,0,0,0,0,0,1,9992235.326705715,1007764.6732942853
43000000.0,38.25 tr,44.9 tr,Yamaha,Exciter,300000,Xe số,100 - 175 cc,Nhật Bản,19,15000.0,bán ex 1s94 hcm bán 1s94 57kck full cục bstp 9c ký 1 nốt nhạc choá xinhan zipat đồng hồ spark heo brembo dây earl đĩa fbf 220 cổ titan vỏ mcl extra yên gọt tấn tài phuộc sau redleo sạc ex 150 xe dựng nhiều hơn chạy nhớt fucks mỗi 1500km đều đặn đổ xăng là bay giá 43tr đừng so sánh những xe khác tội em tks ae đọc bài,0,1,0,0,0,0,0,34972627.3015873,8027372.6984127015
3500000.0,2.7 tr,3.17 tr,SYM,Attila,21020,Tay ga,100 - 175 cc,Việt Nam,19,1051.0,xe attila màu đen cần bán xe attila màu đen tình trạng như hình mình ở quận 5 bạn có thể ghé xem mua trực tiếp nhé,0,0,0,0,0,0,0,4293015.302279002,-793015.302279002
44000000.0,38.1 tr,44.72 tr,Honda,Air Blade,3000,Tay ga,100 - 175 cc,Không rõ,2,1000.0,bán xe ab125 bstp cửa hàng xe máy lộc phát ab 125 2024 bstp chính chủ odo 3 nghìn giá 4x thu mua các loại xe máy cũ ưu tiên chính chủ ko chính chủ vẫn mua giao lưu bù trừ hợp lý hỗ trợ trả góp không nợ xấu trên 20t hỗ trợ sang tên ship xe các tỉnh cọc 500 1 thay nhớt miễn phí tặng bh xe máy 3 năm có cho ace nào giới thiệu ngoài ra còn bán các dòng xe đã qua sử dụng ac có nhu cầu liên hệ zalo đc 992 tỉnh lộ 43 p bình chiểu tp thủ đức,0,1,0,0,0,0,1,44274483.8440744,-274483.8440743983
9500000.0,6.88 tr,8.07 tr,Honda,Click,300000,Tay ga,100 - 175 cc,Việt Nam,18,15789.473684210529,xe không đi nên cần bán xe honda click còn zin máy móc êm ru xe ít đi nên cần bán,0,0,0,0,0,1,0,10884312.592849355,-1384312.5928493552
16500000.0,14.19 tr,16.66 tr,Honda,Wave,20000,Xe số,100 - 175 cc,Việt Nam,3,5000.0,wave a đời mới odo 20 000km xe zin chính chủ wave a đăng ký 10 2023 xe zin êm odo 20 000km bs sài gòn chính chủ nhanh gọn có fix full bộ rổ hgv,0,1,0,0,0,1,1,16478635.197761765,21364.80223823525
80000000.0,45.34 tr,53.22 tr,Piaggio,Vespa,5000,Tay ga,100 - 175 cc,Không rõ,4,1000.0,cần bán xe vespa sprint 150 xe vespa nữ không đi thường xuyên nằm kho phủ bụi còn rất mới giao dịch nhanh có giảm inb thương lượng thêm,0,0,0,0,0,0,0,67361205.6277056,12638794.372294396
24500000.0,24.09 tr,28.27 tr,Suzuki,Satria,16000,Tay côn/Moto,100 - 175 cc,Việt Nam,4,3200.0,satria 150 em cần bán xe satria 150 hiện đang còn góp ngân hàng do không còn khả năng chi trả nên em pass lại biển số 65 ạ xe em chạy kĩ nên còn khá mới xe chạy được 16000km em ở kv quận 10 tphcm ae nào thiện chí em có fix nhẹ ạ em cảm ơn,0,0,0,0,0,0,0,27455643.891726874,-2955643.891726874
80000000.0,40.73 tr,47.82 tr,Honda,SH,1200,Tay ga,100 - 175 cc,Nước khác,18,63.1578947368421,cần bán gấp xe chính chủ đang đi sh 150i nhập ý đời 2008 thay dàn áo rin 2012 xe ít đi còn mới đã thay khóa mekkay,0,1,0,0,0,0,1,60192000.0,19808000.0
60000000.0,43.97 tr,51.62 tr,Piaggio,Vespa,14000,Xe số,100 - 175 cc,Việt Nam,6,2000.0,vespa sprint 2020 đỏ cherry xe chính chủ đứng tên mua về chỉ sử dụng bảo dưỡng thay nhớt định kỳ tại hãng có hoá đơn đầy đủ do đang cần tiền gấp nên mong gặp mấy anh em nhanh gọn,0,0,0,0,0,0,1,29645105.7981483,30354894.2018517
5300000.0,7.2 tr,8.45 tr,Honda,Cub,12000,Xe số,Dưới 50 cc,Nhật Bản,28,413.7931034482759,cúp nhật 81 sơn zin mộc đẹp e giao lưu ae chiếc xe cúp 81 50 cc đời cao sơn zin mộc cục máy nguyên zin chưa đụng chạm cực chất xe giấy tờ đầy đủ biển đẹp xe cùm còi điện đèn xi nhan trc sau zin mặt nạ zin ae dam mê thjk xe mộc sơn zin máy chất thì thầm lưu ý giá cực tốt ae mua dc hả gọi khỏi trả giá lăn tăn mất thời gian e ko trả lời tin nhắn cảm ơn,0,1,0,0,0,1,0,11519997.177751353,-6219997.177751353
40000000.0,45.76 tr,53.71 tr,Honda,Click,57000,Tay ga,100 - 175 cc,Thái Lan,9,5700.0,mới gặp tai nạn nên cần bán xe click 125cc có thể đàm phán thiện chí giảm sâu nhé ae,0,0,0,0,0,0,0,47907965.69833077,-7907965.698330767
7000000.0,7.87 tr,9.24 tr,Honda,Lead,300000,Tay ga,50 - 100 cc,Việt Nam,14,20000.0,lead 2012 xe hợp lệ kgt kcc mua bán còn thương lượng sdt,0,0,0,0,0,0,0,9992170.256149434,-2992170.2561494336
5500000.0,5.94 tr,6.97 tr,Honda,Wave,50000,Xe số,50 - 100 cc,Không rõ,16,2941.176470588235,cần bán xe wave s như hình đang chạy do không có nhu cầu sử dụng mình cần bán xe máy này đang chạy bình thường mua về là chạy thôi ko cần sửa sang gì xe zin hon da chưa qua độ chế gì ai cần lh m nhé,0,0,0,0,0,1,0,10214685.433743611,-4714685.433743611
18000000.0,13.83 tr,16.24 tr,Honda,Air Blade,66000,Tay ga,100 - 175 cc,Việt Nam,13,4714.285714285715,nhà dư xe cần bán ab 125 đời 2013 xe phiên bản đặc biệt màu vàng đen đời 2013 nguyên zin máy móc chưa sửa hay mở ra bao giờ bao thầy thợ check xe có trày sứt theo thời gian chưa va chạm mạnh do đổi xe mới cho ông già thích giữ lại biển số nên đồng ý thoả thuận giá là ra công chứng mua bán luôn ko uỷ quyền xem xe tại nhà quận 4,0,1,0,0,0,1,0,11289225.793559158,6710774.206440842
14500000.0,14.02 tr,16.46 tr,Yamaha,Janus,16000,Tay ga,100 - 175 cc,Việt Nam,6,2285.714285714286,janus 2020 xe vận hành êm ái xe ít đi còn rất mới không lỗi lầm bao test thầy thợ fix nhẹ xăng cộ cafe anh em xe k9c nhé viết giấy tay bao tranh chấp odo rất ít nên ae đừng trả giá thấp nhé,0,0,0,0,0,0,0,19109528.830384634,-4609528.830384634
12000000.0,9.06 tr,10.64 tr,Honda,Air Blade,63500,Tay ga,100 - 175 cc,Việt Nam,14,4233.333333333333,xe airblade 2012 xe honda chưa bảo trì máy đi còn tốt xem xe ở phường 13 bình thạnh nếu cần thì nhắn chợ tốt hoặc zalo đừng gọi điện thoại,0,0,0,0,0,0,0,10023035.676723117,1976964.323276883
26000000.0,26.85 tr,31.52 tr,Yamaha,Dòng khác,23000,Tay côn/Moto,100 - 175 cc,Không rõ,7,2875.0,xe yamaha r15 v3 xe gin giấy tờ đủ hợp lệ có giấy mua bán của hàng còn bảo hành 6thang vẫn sang tên bt,0,0,0,0,0,0,0,28039320.744610757,-2039320.7446107566
6500000.0,,,Honda,Lead,45000,Tay ga,100 - 175 cc,Việt Nam,15,2812.5,lead bstp mới đẹp phun xăng điện tử mua xe mới dư dùng cần thanh lý xe như hình cà vẹc đầy đủ biển số thành phố xe vẫn đang chạy bình thường dàn mũ còn mới vỏ sau mới thay máy êm đầu nồi chưa rớt địa chỉ mua xe tại 136 phạm phú thứ phường 11 quận tân bình,0,1,0,0,0,1,0,10992577.63648291,-4492577.636482909
85000000.0,74.21 tr,87.11 tr,Honda,SH,19292,Tay ga,100 - 175 cc,Việt Nam,3,4823.0,bán sh 150i cbs chính chủ cv xám đen bs hcm chính chủ sang tên 1 nốt nhạc mình cần bán sh 150i cbs cavet xám đen 2023 odo 18 832 máy móc nguyên zin chưa qua sửa chữa xe thường xuyên bảo dưỡng thay nhớt định kỳ mua về chỉ đổ xăng đi thôi ạ xe đã dán full xe màu xám xi măng và dàn nhựa nhám khi mới mua về nên ace về chỉ lột keo rồi chạy thôi ạ bs tphcm xem xe kv bình tân tên lửa giá 85 triệu thương lượng nhẹ cho ae ít nói nhiều tiền em không nợ nần nên ae k cần ép giá thuận mua vừa bán nhé ae,0,0,0,0,0,1,1,79339278.20877953,5660721.791220471
50000000.0,52.52 tr,61.65 tr,Honda,SH Mode,15000,Tay ga,100 - 175 cc,Việt Nam,3,3750.0,cần bán cần bán sh mod đời 2023 xe cbs odo 15000km biển số 94 bạc xe hiện tại sg liêu chính chủ san tên quy quyền đều được xe như hình,0,0,0,0,0,0,1,56672103.70812584,-6672103.708125837
21000000.0,13.05 tr,15.32 tr,Piaggio,Zip,8000,Tay ga,100 - 175 cc,Việt Nam,7,1000.0,xe nha ich su dung tinh trang xe hoan hao xe piaggio tât ca ðêu hoat ðông rât tôt xe không thây phu tung tât ca chinh hang,0,0,0,0,0,0,0,45558251.38726419,-24558251.387264192
38800000.0,35.85 tr,42.08 tr,Honda,Vario,11,Tay ga,100 - 175 cc,Thái Lan,2,3.6666666666666665,vario 125 dk 2024 honda vario 125cc đk 2024 xe đẹp đi hơn 11k máy móc nguyên zin bs_99187 bs 60 chính chủ uỷ quyền mua bán 5s 37 979 797 hotline 𝑯𝒐 𝒕𝒓𝒐 𝑮 𝑶 𝑷 𝑩 𝑨 𝑶_𝑵 𝑶 _𝑿 𝑨 𝑼 𝙉𝙝𝙖 𝙣 giao lưu 𝙗𝙪 𝙩𝙧𝙪 𝙢𝙤 𝙞 thể loại 𝑯𝙤 𝙩𝒓𝙤 𝙜𝒊𝙖𝒐 𝒙𝙚 𝙘𝒉𝙤 𝙖𝒆 𝒐 𝒙𝙖 𝑪𝙤 𝒄 𝒍𝙖 𝙨𝒉𝙞𝒑 địa chỉ 170 tây hoà tp thủ đức tphcm,0,0,0,0,0,1,1,40941498.67196331,-2141498.6719633117
6900000.0,8.6 tr,10.1 tr,Honda,Air Blade,39000,Tay ga,100 - 175 cc,Thái Lan,17,2166.6666666666665,a lắc 2009 nhật lợi xăng k mua thì mua xe nào mình cần bán xe như hình xe xe giấy tờ đầy đủ mình mới mua xe mới nên bán lại cho ai cần mong gặp người thiện chí cần mua mình k cần quảng cáo nhiều mọi người đến xem xe sẽ biết ngay cảm ơn mọi người,0,0,0,0,0,0,0,13877261.663953038,-6977261.663953038
5500000.0,5.27 tr,6.19 tr,Piaggio,LX,15000,Tay ga,100 - 175 cc,Việt Nam,17,833.3333333333334,vespa 2009 piaggo màu trắng tình trạng 80 giá ưu đãi có thương lượng cho anh chị nào cần fix nhẹ,0,0,0,0,0,0,0,8114470.71494111,-2614470.7149411105
38900000.0,40.54 tr,47.59 tr,Honda,Vario,80000,Tay ga,100 - 175 cc,Nước khác,8,8888.888888888889,vario 150 dọn full kiểng xe chính chủ đang giữ giấy uỷ quyền cửa hàng xe mình đang đi nên không qua trung giang chi tiết xe dọn tổng 16tr850k cặp măm cnc cặp thắng rcb chính hãng cặp phuộc trước lmc chính hãng heo frando đồ chơi phuộc sau nitron chính hãng atr két nước cnc cảng thắng cnc gắp cnc new cổ pô tintan hậu sau auddi 5d new đồng hồ điện tử new ốp nồi sơn lửa phong cách ốp lọc gió carbon dàn áo sơn mới full ốc salaya dàn chân bao tay lửa máy móc êm zin,0,0,0,0,0,1,1,40206545.68039134,-1306545.6803913414
9600000.0,7.1 tr,8.34 tr,Honda,Wave,65224,Xe số,100 - 175 cc,Nhật Bản,20,3105.904761904762,cần bán wave a dak 2006 xương cá sườn bạc lóc đen bán xe ưave a 2006 xương cá sườn xám lóc đen ae ai chơi qua dòng này sẽ rõ xe nguyên zin ko lai một thứ gì trên xe em bao máy zin nồi zin áo có xước vài chỗ theo năm tháng mua bán tại nhà riêng xe biển tphcm 1chủ từ đầu biển 4 số,0,0,0,0,0,1,0,10277115.622469807,-677115.622469807
2000000.0,4.64 tr,5.44 tr,Yamaha,Mio,300000,Tay ga,50 - 100 cc,Việt Nam,18,15789.473684210529,mio utimo cần bán xe xe tình trạng đề được mà không nổ máy giá 2tr ace ghé xem xe e bớt đc nhiêu e bớt bán xác e đăng dùm ông anh xe ở 45 nguyễn văn cự phường tân tạo a quận bình tân ace liên hệ e gửi sđt trực tiếp liên hệ cám ơn ace đã xem bài,0,0,0,0,0,0,0,5740061.681146154,-3740061.681146154
9900000.0,8.65 tr,10.15 tr,Honda,Wave,123456,Xe số,100 - 175 cc,Việt Nam,11,10288.0,cần bán wave 100cc nhật kiểng full xe cần bán wave 100cc nhật dọn full mới full óc salaya choá đèn 2 tần niền nhôm xịn căm cofon xe chạy nhẹ te zin không độ về đi cf đúng vài máy êm thì thầm full chất năng ae cần alo em có ship tphcm nhận giao lưu tất cả xe bù trừ hợp lí,0,0,0,0,0,1,0,8466136.38394387,1433863.6160561293
31000000.0,19.01 tr,22.32 tr,Piaggio,Vespa,64446,Tay ga,100 - 175 cc,Việt Nam,12,4957.384615384615,vespa sprint 2014 3vie bstp 9 chủ 1 đời nữ chạy kỹ xe màu trắng hot dàn áo ngọc trinh còn đẹp zin liền lạc sạch bóng có khung bảo vệ máy móc nguyên zin êm ái ga nhẹ vọt dễ dàng đạt được 60 000km h trong vòng 7 giây như hãng piagio công bố xe có lịch sử bảo dưỡng chính hãng mới thay nhớt máy và nhớt hộp số ở vespa topcom tất cả phụ tùng đều chính hãng của piagio thay mới cặp bánh pirelli rosco scooter chân chống nghiêng new bố thắng đĩa trước new mọi thứ đều thay hãng trừ bọc yên thay ở hải vespa q 1 500k nữ đi gìn giữ kỹ tuy 11 năm mua đến nay mà chỉ có 64446 km vì chỉ quanh sài gòn ko đi tỉnh cam kết ko tua đồng hồ km xe xem tại nhà liên hệ gọi điện thoại nhắn tin hoặc zalo thoải mái nhé biển xe tp hcm mua bán sang tên chính chủ nhanh gọn tại phòng công chứng có fix nhẹ cho anh chị em thiện chí đúng người đúng việc,0,0,0,0,0,1,1,22185653.308130268,8814346.691869732
23000000.0,101.46 tr,119.11 tr,Honda,SH,15000,Tay ga,100 - 175 cc,Việt Nam,14,1000.0,honda up sh 2012 bstp bán xe honda up full sh2012 ngoại hình như hình xe nhà chạy nguồn gốc rõ ràng máy móc chạy mạnh ít hao xăng ae mua về chỉ việc đổ xăng chạy biển số tp 9 nút mua bán viết giấy bao tranh chấp ae xem xe alo trực tiếp mình nhé,0,0,0,0,0,0,0,94009999.99333334,-71009999.99333334
11000000.0,13.07 tr,15.34 tr,Yamaha,Janus,40,Tay ga,100 - 175 cc,Không rõ,9,4.0,janus 2017 giấy tờ btc cửa hàng hợp lệ janus 2017 giấy tờ btc cửa hàng hợp lệ cam kết máy móc nguyên zin xe chạy bao mạnh khỏe qua test xe thoải mái vừa thay vỏ không ruột còn đường chỉ vỏ luôn xe nhà đi kỹ thay nhớt theo định kỳ 1 500km giá mong muốn 11 000k bớt lộc nhanh gọn xe cũ có trầy theo năm tháng là chuyện bình thường quan trọng máy móc êm zin mạnh khỏe xem xe tại ủy ban p3 gò vấp thanks all,0,0,0,0,0,1,0,15650620.35050609,-4650620.35050609
75000000.0,111.75 tr,131.19 tr,Honda,SH,9000,Tay ga,100 - 175 cc,Nước khác,15,562.5,honda sh 125 ý 2011 màu đỏ cực lướt bán xe honda sh 125 nhập italia màu đỏ xe nguyên zin dàn áo zin còn mới cứng máy nguyên zin từng con ốc chưa từng mở ra nổ máy nghe êm ru như xe điện chạy cực lướt odo mới chỉ 9000 km xe nói chung cực lướt cực xịn qua chạy thử là mê kẹt tiền bán gấp 75 tr,0,1,0,0,0,1,0,181116666.66666666,-106116666.66666666
40800000.0,32.95 tr,38.68 tr,Honda,Vario,10000,Tay ga,100 - 175 cc,Nước khác,4,2000.0,gđ bán vario 160cc indonesia 11 000km xe bà chị lúc mua mới 1 chủ 71tr nay đi nặng kh đi nữa xe mua 9 chủ cho con đi học đi chợ xe máy zin 99 đẹp mới kh độ chế fix nhanh cho ng mua lẹ mong bán cho ace mua xài miên tiêp lái cảm ơn chợ tốt diệt tin,0,0,0,0,0,1,0,38369257.101323515,2430742.898676485
40000000.0,14.11 tr,16.56 tr,Honda,Dream,50000,Xe số,100 - 175 cc,Thái Lan,31,1562.5,xe dream thái up super bán dùm ông anh chiếc dream thái up super xe đã dọn đẹp giá ông anh mong muốn 4x một siêu phẩm nhé các bạn mình ở tân hiệp hóc môn ai có nhu cầu liên hệ chi tiết,0,0,0,0,0,0,0,16336330.919574464,23663669.080425538
14800000.0,14.32 tr,16.81 tr,Honda,Future,15000,Xe số,100 - 175 cc,Thái Lan,25,576.9230769230769,honda future 1 tôi muốn bán 1 chiếc xe honda future 1 xe zin từ a đến z xe mua năm 2001 chính chủ den h bstphcm tôi có chụp hình cho anh chị em tham khảo ai muốn mua đến nhà riêng tôi mua,0,0,0,0,0,1,1,25969889.925215922,-11169889.925215922
103000000.0,69.27 tr,81.32 tr,Honda,SH,150000,Tay ga,Trên 175 cc,Thái Lan,5,25000.0,sh350i 2021 máy thái bs 70 xe cầm đồ khách bỏ đã uỷ quyền qua bên e sh350i 2021 máy thái xe odo chuẩn 15000km phát hiện tour odo tặng xe xe keng bảo dưỡng kỹ ae mua về chỉ đổ xăng chạy xe lên sẵn bi cầu demi audi bao ae công chứng uỷ quyền xem xe ở 465 trương thị hoa phường tân thới hiệp q12,0,0,0,0,0,0,0,130702000.0,-27702000.0
10500000.0,8.59 tr,10.08 tr,Piaggio,Vespa,50000,Tay ga,100 - 175 cc,Việt Nam,14,3333.333333333333,cần bán vespa 3v ie 125cc 2012 piaggio vespa lx 125 3vie 2012 màu sơn xanh đăng ký 2012 số km đã đi 50000 dòng xe vespalx huyền thoại của piaggio kiểu dáng thời trang trường tồn theo thời gian động cơ 125 3vie tiết kiệm nhiên liệu và vận hành êm ái,0,1,0,0,0,0,0,8627071.340632088,1872928.6593679115
39000000.0,30.13 tr,35.37 tr,Honda,Vario,34000,Tay ga,100 - 175 cc,Việt Nam,7,4250.0,vario 2019 chính chủ ít chạy đã lên 1 số đồ chơi ít chạy nên e bán con vario 2019 150 xe đã thay mâm 125 đen bóng sơn phuộc trước nắp sau cản đen bóng lên đĩa lớn heo đôi nisin phuộc olins real mạch tăng sáng odo 34k km xe chính chủ nguyên zin từ máy đến nồi xem xe tại phú nhuận hcm,0,0,0,0,0,1,1,34743135.83306553,4256864.166934468
19000000.0,24.85 tr,29.17 tr,Honda,Winner X,28000,Tay côn/Moto,100 - 175 cc,Việt Nam,3,7000.0,cần bán xe winnerx 2023 xe không chính chủ winner x 2023 xe không chính chủ xe có khoá smartkey máy móc nguyên zin chưa đụng chạm êm ru dàn chân còn mới dàn áo có trày,0,0,0,1,0,1,1,24210514.51517532,-5210514.51517532
37000000.0,32.36 tr,37.99 tr,Honda,Air Blade,23000,Tay ga,100 - 175 cc,Không rõ,5,3833.3333333333335,bán xe ab ít đi 125 chính chủ biển tỉnh mình ít dùng nên để lại cho ai cần ib mình thương lượng,0,0,0,0,0,0,1,35958642.23690699,1041357.7630930096
41500000.0,39.88 tr,46.82 tr,Honda,PCX,20000,Tay ga,100 - 175 cc,Nước khác,8,2222.222222222222,pcx 2018 125 trắng đen pcx 2018 125 do kẹt tiền quá nên bán xe pcx trắng đen 125 đăng kí năm 2018 xe hiện tại như hình giá mình bán 41 5tr ae lưu ý chỉ công chứng mua bán sang tên thôi nha,0,1,0,0,0,0,0,35059462.77985456,6440537.220145442
28500000.0,22.28 tr,26.15 tr,Peugeot,Django,11000,Tay ga,100 - 175 cc,Nước khác,9,1100.0,em cần bán xe peugeot 125cc 2017 bstp od 11000km do 3 em lớn tuổi nên muống đổi xe nhỏ rọn để chạy xe nhà chạy kỉ 1 đời chủ 9 chủ xe ít đi em cần bán lại cho anh chị nào cần có bớt cho anh chị nào qua xem xe ạ máy êm zin 100,0,0,0,0,0,1,0,18776753.076109722,9723246.923890278
6500000.0,6.88 tr,8.07 tr,Honda,Click,123456,Tay ga,100 - 175 cc,Việt Nam,18,6497.684210526316,cần bán e click xe đẹp máy chạy rất ngon cần bán xe click máy xiu êm giấy tờ đầy đủ xe chạy êm ru áo còn rất đẹp mua bán tại nhà viết giấy bao tranh chấp toàn quốc hợp lệ có ship tphcm liên hệ em ạ có thương lượng nhẹ,0,0,0,0,0,0,0,9975818.591944179,-3475818.5919441786
6500000.0,15.16 tr,17.79 tr,Honda,Dòng khác,25000,Tay ga,Dưới 50 cc,Nhật Bản,23,1041.6666666666667,xe girono ội địa nhật cần bán xe girono 50 nội địa nhật máy móc im ru điện đề đầy đủ ai cần liên hệ,0,0,0,0,0,0,0,10059230.727041379,-3559230.7270413786
40000000.0,8.39 tr,9.84 tr,Piaggio,Vespa,13500,Tay ga,100 - 175 cc,Việt Nam,14,900.0,xe zin 100 xe zin 100 xe trùm mền đẹp mới liên hệ qua,0,0,0,0,0,1,0,12904679.111648433,27095320.888351567
10000000.0,16.76 tr,19.67 tr,Yamaha,Exciter,120000,Tay côn/Moto,100 - 175 cc,Việt Nam,8,13333.333333333334,exciter 150 xe chính chủ bao sang tên ủy quyền ai cần liên hệ,0,0,0,0,0,0,1,18593862.94096077,-8593862.940960769
6000000.0,7.57 tr,8.89 tr,Honda,Air Blade,56024,Tay ga,100 - 175 cc,Việt Nam,18,2948.6315789473683,mình cần bán 1 chiếc ab màu đỏ biển số bến tre đổi xe nên ra đi em này xe tại quận tân phú hcm mua bán tại nhà xe mạnh dàn áo hơi cũ phù hợp cho a e mua xe đi làm xe mua lại nên ko biết có làm máy chưa hồi đó mua ở cửa hàng xe cũ bến tre có cccd và giấy mua bán của chủ xe,0,0,0,0,0,0,0,9974666.19507751,-3974666.1950775106
16000000.0,14.31 tr,16.8 tr,Honda,Wave,32000,Xe số,100 - 175 cc,Việt Nam,4,6400.0,cần bán wave 2022 cần bán wave 2022 đã đi 32000km odo chuẩn ko tua máy zin ko đâm đụng mình đứng ủy quyền lần 2 nên chỉ ký sang tên fix nhẹ cho ae thiện chí,0,1,0,0,0,1,0,15771485.38833237,228514.61166762933
